filename,diff,linear voters failure,gamma_ignored,gamma_n_init,gamma,#candidates,level,partisan,type,IRV1,IRV2,Condorcet1,Plurality1,Approval1IRV2,Condorcet2,Plurality2,Approval2,Approval1
Alaska_04102020_PRESIDENTOFTHEUNITEDSTATES.csv,[],no,,,0.670398136,8,FEDERAL,DP,E,Joseph R. Biden,Joseph R. Biden,Joseph R. Biden,Joseph R. Biden,,Joseph R. Biden,Joseph R. Biden,Joseph R. Biden,Joseph R. Biden
Alaska_08162022_HouseofRepresentativesSpecial.csv,[],no,,,0.96684176,3,FEDERAL,YES,R,"Peltola, Mary S.","Peltola, Mary S.","Begich, Nick","Peltola, Mary S.",,"Begich, Nick","Peltola, Mary S.","Begich, Nick","Begich, Nick"
Alaska_11082022_GovernorLieutenantGovernor.csv,[],no,,,0.880670776,4,STATE,YES,E,Dunleavy/Dahlstrom,Dunleavy/Dahlstrom,Dunleavy/Dahlstrom,Dunleavy/Dahlstrom,,Dunleavy/Dahlstrom,Dunleavy/Dahlstrom,Dunleavy/Dahlstrom,Dunleavy/Dahlstrom
Alaska_11082022_HouseDistrict1.csv,[],no,,,1,2,STATE,YES,R,"Ortiz, Daniel H. ""Dan""","Ortiz, Daniel H. ""Dan""","Ortiz, Daniel H. ""Dan""","Ortiz, Daniel H. ""Dan""",,"Ortiz, Daniel H. ""Dan""","Ortiz, Daniel H. ""Dan""","Ortiz, Daniel H. ""Dan""","Ortiz, Daniel H. ""Dan"""
Alaska_11082022_HouseDistrict10.csv,[],no,,,0.936001177,3,STATE,YES,R,"Johnson, Craig W.","Johnson, Craig W.","Johnson, Craig W.","Johnson, Craig W.",,"Johnson, Craig W.","Johnson, Craig W.","Johnson, Craig W.","Johnson, Craig W."
Alaska_11082022_HouseDistrict11.csv,[],no,,,0.947909884,3,STATE,YES,R,"Coulombe, Julie","Coulombe, Julie","Coulombe, Julie","Featherly, Walter T.",,"Coulombe, Julie","Featherly, Walter T.","Coulombe, Julie","Coulombe, Julie"
Alaska_11082022_HouseDistrict12.csv,[],no,,,1,2,STATE,YES,R,"Schrage, Calvin R.","Schrage, Calvin R.","Schrage, Calvin R.","Schrage, Calvin R.",,"Schrage, Calvin R.","Schrage, Calvin R.","Schrage, Calvin R.","Schrage, Calvin R."
Alaska_11082022_HouseDistrict13.csv,[],no,,,1,2,STATE,YES,R,"Josephson, Andy","Josephson, Andy","Josephson, Andy","Josephson, Andy",,"Josephson, Andy","Josephson, Andy","Josephson, Andy","Josephson, Andy"
Alaska_11082022_HouseDistrict14.csv,[],no,,,1,2,STATE,YES,R,"Galvin, Alyse S.","Galvin, Alyse S.","Galvin, Alyse S.","Galvin, Alyse S.",,"Galvin, Alyse S.","Galvin, Alyse S.","Galvin, Alyse S.","Galvin, Alyse S."
Alaska_11082022_HouseDistrict15.csv,[],no,,,0.955570839,3,STATE,YES,R,"McKay, Thomas W. ""Tom""","McKay, Thomas W. ""Tom""","McKay, Thomas W. ""Tom""","Wells, Denny",,"McKay, Thomas W. ""Tom""","Wells, Denny","McKay, Thomas W. ""Tom""","McKay, Thomas W. ""Tom"""
Alaska_11082022_HouseDistrict16.csv,[],no,,,1,2,STATE,YES,R,"Armstrong, Jennifer ""Jennie""","Armstrong, Jennifer ""Jennie""","Armstrong, Jennifer ""Jennie""","Armstrong, Jennifer ""Jennie""",,"Armstrong, Jennifer ""Jennie""","Armstrong, Jennifer ""Jennie""","Armstrong, Jennifer ""Jennie""","Armstrong, Jennifer ""Jennie"""
Alaska_11082022_HouseDistrict17.csv,[],no,,,1,2,STATE,YES,R,"Fields, William Z. ""Zack""","Fields, William Z. ""Zack""","Fields, William Z. ""Zack""","Fields, William Z. ""Zack""",,"Fields, William Z. ""Zack""","Fields, William Z. ""Zack""","Fields, William Z. ""Zack""","Fields, William Z. ""Zack"""
Alaska_11082022_HouseDistrict18.csv,[],no,,,0.942897593,3,STATE,YES,R,"Groh, Cliff","Groh, Cliff","Groh, Cliff","Nelson, David",,"Groh, Cliff","Nelson, David","Groh, Cliff","Groh, Cliff"
Alaska_11082022_HouseDistrict19.csv,[],no,,,1,2,STATE,YES,R,"Mina, Genevieve G.","Mina, Genevieve G.","Mina, Genevieve G.","Mina, Genevieve G.",,"Mina, Genevieve G.","Mina, Genevieve G.","Mina, Genevieve G.","Mina, Genevieve G."
Alaska_11082022_HouseDistrict2.csv,[],no,,,1,2,STATE,YES,R,"Himschoot, Rebecca","Himschoot, Rebecca","Himschoot, Rebecca","Himschoot, Rebecca",,"Himschoot, Rebecca","Himschoot, Rebecca","Himschoot, Rebecca","Himschoot, Rebecca"
Alaska_11082022_HouseDistrict20.csv,[],no,,,0.853639083,4,STATE,YES,R,"Gray, Andrew T.","Gray, Andrew T.","Gray, Andrew T.","Gray, Andrew T.",,"Gray, Andrew T.","Gray, Andrew T.","Gray, Andrew T.","Gray, Andrew T."
Alaska_11082022_HouseDistrict21.csv,[],no,,,1,2,STATE,YES,R,"Mears, Donna C.","Mears, Donna C.","Mears, Donna C.","Mears, Donna C.",,"Mears, Donna C.","Mears, Donna C.","Wolfe, Forrest M.","Wolfe, Forrest M."
Alaska_11082022_HouseDistrict22.csv,[],no,,,1,2,STATE,YES,R,"Wright, Stanley A.","Wright, Stanley A.","Wright, Stanley A.","Wright, Stanley A.",,"Wright, Stanley A.","Wright, Stanley A.","Wright, Stanley A.","Wright, Stanley A."
Alaska_11082022_HouseDistrict23.csv,[],no,,,1,2,STATE,YES,R,"Allard, Jamie","Allard, Jamie","Allard, Jamie","Allard, Jamie",,"Allard, Jamie","Allard, Jamie","Allard, Jamie","Allard, Jamie"
Alaska_11082022_HouseDistrict24.csv,[],no,,,0.9616,3,STATE,YES,R,"Saddler, Dan","Saddler, Dan","Saddler, Dan","Saddler, Dan",,"Saddler, Dan","Saddler, Dan","Saddler, Dan","Saddler, Dan"
Alaska_11082022_HouseDistrict25.csv,[],no,,,1,2,STATE,YES,R,"Johnson, DeLena M.","Johnson, DeLena M.","Johnson, DeLena M.","Johnson, DeLena M.",,"Johnson, DeLena M.","Johnson, DeLena M.","Johnson, DeLena M.","Johnson, DeLena M."
Alaska_11082022_HouseDistrict26.csv,[],no,,,1,2,STATE,YES,R,"Tilton, Cathy L.","Tilton, Cathy L.","Tilton, Cathy L.","Tilton, Cathy L.",,"Tilton, Cathy L.","Tilton, Cathy L.","Tilton, Cathy L.","Tilton, Cathy L."
Alaska_11082022_HouseDistrict27.csv,[],no,,,0.896064401,3,STATE,YES,R,"Eastman, David","Eastman, David","Eastman, David","Eastman, David",,"Eastman, David","Eastman, David","Eastman, David","Eastman, David"
Alaska_11082022_HouseDistrict28.csv,[],no,,,0.799529886,4,STATE,YES,R,"Sumner, Jesse M.","Sumner, Jesse M.","Sumner, Jesse M.","Sumner, Jesse M.",,"Sumner, Jesse M.","Sumner, Jesse M.","Sumner, Jesse M.","Sumner, Jesse M."
Alaska_11082022_HouseDistrict29.csv,[],no,,,1,2,STATE,YES,R,"Rauscher, George","Rauscher, George","Rauscher, George","Rauscher, George",,"Rauscher, George","Rauscher, George","Rauscher, George","Rauscher, George"
Alaska_11082022_HouseDistrict30.csv,[],no,,,0.97451553,3,STATE,YES,R,"McCabe, Kevin J.","McCabe, Kevin J.","McCabe, Kevin J.","McCabe, Kevin J.",,"McCabe, Kevin J.","McCabe, Kevin J.","McCabe, Kevin J.","McCabe, Kevin J."
Alaska_11082022_HouseDistrict31.csv,['Approval'],no,,,0.917602996,3,STATE,YES,R,"Dibert, Maxine L.","Dibert, Maxine L.","Dibert, Maxine L.","Dibert, Maxine L.",,"Dibert, Maxine L.","Dibert, Maxine L.","LeBon, Barton S.","Dibert, Maxine L."
Alaska_11082022_HouseDistrict32.csv,[],no,,,0.915222187,3,STATE,YES,R,"Stapp, Will B.","Stapp, Will B.","Stapp, Will B.","Stapp, Will B.",,"Stapp, Will B.","Stapp, Will B.","Stapp, Will B.","Stapp, Will B."
Alaska_11082022_HouseDistrict34.csv,[],no,,,0.929268293,3,STATE,YES,R,"Tomaszewski, Frank J.","Tomaszewski, Frank J.","Tomaszewski, Frank J.","Tomaszewski, Frank J.",,"Tomaszewski, Frank J.","Tomaszewski, Frank J.","Tomaszewski, Frank J.","Tomaszewski, Frank J."
Alaska_11082022_HouseDistrict35.csv,[],no,,,0.907107482,4,STATE,YES,R,"Carrick, Ashley E.","Carrick, Ashley E.","Carrick, Ashley E.","Carrick, Ashley E.",,"Carrick, Ashley E.","Carrick, Ashley E.","Carrick, Ashley E.","Carrick, Ashley E."
Alaska_11082022_HouseDistrict36.csv,[],no,,,1,2,STATE,YES,R,"Cronk, Mike","Cronk, Mike","Cronk, Mike","Cronk, Mike",,"Cronk, Mike","Cronk, Mike","Cronk, Mike","Cronk, Mike"
Alaska_11082022_HouseDistrict39.csv,[],no,,,1,2,STATE,YES,R,"Foster, Neal W.","Foster, Neal W.","Foster, Neal W.","Foster, Neal W.",,"Foster, Neal W.","Foster, Neal W.","Foster, Neal W.","Foster, Neal W."
Alaska_11082022_HouseDistrict4.csv,[],no,,,1,2,STATE,YES,R,"Hannan, Sara","Hannan, Sara","Hannan, Sara","Hannan, Sara",,"Hannan, Sara","Hannan, Sara","Hannan, Sara","Hannan, Sara"
Alaska_11082022_HouseDistrict5.csv,[],no,,,1,2,STATE,YES,R,"Stutes, Louise B.","Stutes, Louise B.","Stutes, Louise B.","Stutes, Louise B.",,"Stutes, Louise B.","Stutes, Louise B.","Stutes, Louise B.","Stutes, Louise B."
Alaska_11082022_HouseDistrict6.csv,[],no,,,0.941182649,3,STATE,YES,R,"Vance, Sarah L.","Vance, Sarah L.","Vance, Sarah L.","Vance, Sarah L.",,"Vance, Sarah L.","Vance, Sarah L.","Vance, Sarah L.","Vance, Sarah L."
Alaska_11082022_HouseDistrict7.csv,[],no,,,1,2,STATE,YES,R,"Ruffridge, Justin","Ruffridge, Justin","Ruffridge, Justin","Ruffridge, Justin",,"Ruffridge, Justin","Ruffridge, Justin","Ruffridge, Justin","Ruffridge, Justin"
Alaska_11082022_HouseDistrict9.csv,[],no,,,1,2,STATE,YES,R,"Shaw, Laddie H.","Shaw, Laddie H.","Shaw, Laddie H.","Shaw, Laddie H.",,"Shaw, Laddie H.","Shaw, Laddie H.","Shaw, Laddie H.","Shaw, Laddie H."
Alaska_11082022_SenateDistrictA.csv,[],no,,,1,2,STATE,YES,S,"Stedman, Bert K.","Stedman, Bert K.","Stedman, Bert K.","Stedman, Bert K.",,"Stedman, Bert K.","Stedman, Bert K.","Stedman, Bert K.","Stedman, Bert K."
Alaska_11082022_SenateDistrictC.csv,[],no,,,0.945124133,3,STATE,YES,S,"Stevens, Gary","Stevens, Gary","Stevens, Gary","Stevens, Gary",,"Stevens, Gary","Stevens, Gary","Stevens, Gary","Stevens, Gary"
Alaska_11082022_SenateDistrictD.csv,[],no,,,0.940797264,3,STATE,YES,S,"Bjorkman, Jesse J.","Bjorkman, Jesse J.","Bjorkman, Jesse J.","Bjorkman, Jesse J.",,"Bjorkman, Jesse J.","Bjorkman, Jesse J.","Bjorkman, Jesse J.","Bjorkman, Jesse J."
Alaska_11082022_SenateDistrictE.csv,[],no,,,0.974685817,3,STATE,YES,S,"Giessel, Cathy","Giessel, Cathy","Giessel, Cathy","Giessel, Cathy",,"Giessel, Cathy","Giessel, Cathy","Giessel, Cathy","Giessel, Cathy"
Alaska_11082022_SenateDistrictF.csv,[],no,,,1,2,STATE,YES,S,"Kaufman, James D.","Kaufman, James D.","Kaufman, James D.","Kaufman, James D.",,"Kaufman, James D.","Kaufman, James D.","Kaufman, James D.","Kaufman, James D."
Alaska_11082022_SenateDistrictG.csv,[],no,,,1,2,STATE,YES,S,"Gray-Jackson, Elvi","Gray-Jackson, Elvi","Gray-Jackson, Elvi","Gray-Jackson, Elvi",,"Gray-Jackson, Elvi","Gray-Jackson, Elvi","Gray-Jackson, Elvi","Gray-Jackson, Elvi"
Alaska_11082022_SenateDistrictH.csv,[],no,,,1,2,STATE,YES,S,"Claman, Matt","Claman, Matt","Claman, Matt","Claman, Matt",,"Claman, Matt","Claman, Matt","Costello, Mia","Costello, Mia"
Alaska_11082022_SenateDistrictI.csv,[],no,,,1,2,STATE,YES,S,"Tobin, Löki G.","Tobin, Löki G.","Tobin, Löki G.","Tobin, Löki G.",,"Tobin, Löki G.","Tobin, Löki G.","Tobin, Löki G.","Tobin, Löki G."
Alaska_11082022_SenateDistrictJ.csv,[],no,,,0.950057803,3,STATE,YES,S,"Dunbar, Forrest","Dunbar, Forrest","Dunbar, Forrest","Dunbar, Forrest",,"Dunbar, Forrest","Dunbar, Forrest","Dunbar, Forrest","Dunbar, Forrest"
Alaska_11082022_SenateDistrictK.csv,[],no,,,1,2,STATE,YES,S,"Wielechowski, Bill","Wielechowski, Bill","Wielechowski, Bill","Wielechowski, Bill",,"Wielechowski, Bill","Wielechowski, Bill","Wielechowski, Bill","Wielechowski, Bill"
Alaska_11082022_SenateDistrictL.csv,[],no,,,1,2,STATE,YES,S,"Merrick, Kelly R.","Merrick, Kelly R.","Merrick, Kelly R.","Merrick, Kelly R.",,"Merrick, Kelly R.","Merrick, Kelly R.","Merrick, Kelly R.","Merrick, Kelly R."
Alaska_11082022_SenateDistrictM.csv,[],no,,,1,2,STATE,YES,S,"Hughes, Shelley","Hughes, Shelley","Hughes, Shelley","Hughes, Shelley",,"Hughes, Shelley","Hughes, Shelley","Hughes, Shelley","Hughes, Shelley"
Alaska_11082022_SenateDistrictN.csv,['Approval'],no,,,0.870596382,3,STATE,YES,S,"Wilson, David S.","Wilson, David S.","Wilson, David S.","Wilson, David S.",,"Wilson, David S.","Wilson, David S.","Wright, Stephen","Wilson, David S."
Alaska_11082022_SenateDistrictO.csv,[],no,,,1,2,STATE,YES,S,"Shower, Michael K.","Shower, Michael K.","Shower, Michael K.","Shower, Michael K.",,"Shower, Michael K.","Shower, Michael K.","Shower, Michael K.","Shower, Michael K."
Alaska_11082022_SenateDistrictP.csv,[],no,,,0.886455606,3,STATE,YES,S,"Kawasaki, Scott","Kawasaki, Scott","Kawasaki, Scott","Kawasaki, Scott",,"Kawasaki, Scott","Kawasaki, Scott","Matherly, Jim","Matherly, Jim"
Alaska_11082022_SenateDistrictQ.csv,[],no,,,0.908888034,3,STATE,YES,S,"Myers, Robert H. Jr.","Myers, Robert H. Jr.","Myers, Robert H. Jr.","Myers, Robert H. Jr.",,"Myers, Robert H. Jr.","Myers, Robert H. Jr.","Myers, Robert H. Jr.","Myers, Robert H. Jr."
Alaska_11082022_SenateDistrictR.csv,[],no,,,0.910315127,3,STATE,YES,S,"Bishop, Click","Bishop, Click","Bishop, Click","Bishop, Click",,"Bishop, Click","Bishop, Click","Bishop, Click","Bishop, Click"
Alaska_11082022_SenateDistrictS.csv,[],no,,,1,2,STATE,YES,S,"Hoffman, Lyman F.","Hoffman, Lyman F.","Hoffman, Lyman F.","Hoffman, Lyman F.",,"Hoffman, Lyman F.","Hoffman, Lyman F.","Hoffman, Lyman F.","Hoffman, Lyman F."
Alaska_11082022_USRepresentative.csv,[],no,,,0.859503789,4,FEDERAL,YES,R,"Peltola, Mary S.","Peltola, Mary S.","Peltola, Mary S.","Peltola, Mary S.",,"Peltola, Mary S.","Peltola, Mary S.","Begich, Nick","Begich, Nick"
Alaska_11082022_USSenator.csv,[],no,,,0.894756216,4,FEDERAL,YES,S,"Murkowski, Lisa","Murkowski, Lisa","Murkowski, Lisa","Murkowski, Lisa",,"Murkowski, Lisa","Murkowski, Lisa","Murkowski, Lisa","Murkowski, Lisa"
Albany_11082022_BoardofEducation.csv,[],no,,,0.687105223,4,LOCAL,NO,B,RON ROSENBAUM,RON ROSENBAUM,RON ROSENBAUM,RON ROSENBAUM,,RON ROSENBAUM,RON ROSENBAUM,RON ROSENBAUM,RON ROSENBAUM
Albany_11082022_CityCouncil.csv,[],no,,,0.420241566,5,LOCAL,NO,R,JOHN ANTHONY MIKI,JOHN ANTHONY MIKI,JOHN ANTHONY MIKI,JOHN ANTHONY MIKI,,JOHN ANTHONY MIKI,JOHN ANTHONY MIKI,JOHN ANTHONY MIKI,JOHN ANTHONY MIKI
Berkeley_03072017_CityCouncilDistrict4.csv,[],no,,,1,2,LOCAL,NO,R,KATE HARRISON,KATE HARRISON,KATE HARRISON,KATE HARRISON,,KATE HARRISON,KATE HARRISON,KATE HARRISON,KATE HARRISON
Berkeley_11022010_CityCouncilDistrict1.csv,[],no,,,0.90872318,4,LOCAL,NO,R,LINDA MAIO,LINDA MAIO,LINDA MAIO,LINDA MAIO,,LINDA MAIO,LINDA MAIO,LINDA MAIO,LINDA MAIO
Berkeley_11022010_CityCouncilDistrict4.csv,[],no,,,0.862881178,4,LOCAL,NO,R,JESSE ARREGUIN,JESSE ARREGUIN,JESSE ARREGUIN,JESSE ARREGUIN,,JESSE ARREGUIN,JESSE ARREGUIN,JESSE ARREGUIN,JESSE ARREGUIN
Berkeley_11022010_CityCouncilDistrict7.csv,['Approval'],no,,,0.749100504,3,LOCAL,NO,R,KRISS WORTHINGTON,KRISS WORTHINGTON,KRISS WORTHINGTON,KRISS WORTHINGTON,,KRISS WORTHINGTON,KRISS WORTHINGTON,CECILIA ''CES'' ROSALES,KRISS WORTHINGTON
Berkeley_11022010_CityCouncilDistrict8.csv,[],no,,,0.818518519,3,LOCAL,NO,R,GORDON WOZNIAK,GORDON WOZNIAK,GORDON WOZNIAK,GORDON WOZNIAK,,GORDON WOZNIAK,GORDON WOZNIAK,GORDON WOZNIAK,GORDON WOZNIAK
Berkeley_11032020_MayorBerkeleyRCV.csv,[],no,,,0.838578089,4,LOCAL,NO,E,JESSE ARREGUÍN,JESSE ARREGUÍN,JESSE ARREGUÍN,JESSE ARREGUÍN,,JESSE ARREGUÍN,JESSE ARREGUÍN,JESSE ARREGUÍN,JESSE ARREGUÍN
Berkeley_11032020_MemberCityCouncilDist2BerkeleyRCV.csv,[],no,,,0.778129952,4,LOCAL,NO,R,TERRY TAPLIN,TERRY TAPLIN,TERRY TAPLIN,TERRY TAPLIN,,TERRY TAPLIN,TERRY TAPLIN,TERRY TAPLIN,TERRY TAPLIN
Berkeley_11032020_MemberCityCouncilDist3BerkeleyRCV.csv,[],no,,,0.905398391,3,LOCAL,NO,R,BEN BARTLETT,BEN BARTLETT,BEN BARTLETT,BEN BARTLETT,,BEN BARTLETT,BEN BARTLETT,BEN BARTLETT,BEN BARTLETT
Berkeley_11032020_MemberCityCouncilDist5BerkeleyRCV.csv,[],no,,,0.89278227,3,LOCAL,NO,R,SOPHIE HAHN,SOPHIE HAHN,SOPHIE HAHN,SOPHIE HAHN,,SOPHIE HAHN,SOPHIE HAHN,SOPHIE HAHN,SOPHIE HAHN
Berkeley_11032020_MemberCityCouncilDist6BerkeleyRCV.csv,[],no,,,1,2,LOCAL,NO,R,SUSAN WENGRAF,SUSAN WENGRAF,SUSAN WENGRAF,SUSAN WENGRAF,,SUSAN WENGRAF,SUSAN WENGRAF,SUSAN WENGRAF,SUSAN WENGRAF
Berkeley_11042014_CityCouncilDistrict1.csv,[],no,,,0.938969664,3,LOCAL,NO,R,LINDA MAIO,LINDA MAIO,LINDA MAIO,LINDA MAIO,,LINDA MAIO,LINDA MAIO,LINDA MAIO,LINDA MAIO
Berkeley_11042014_CityCouncilDistrict7.csv,[],no,,,1,2,LOCAL,NO,R,KRISS WORTHINGTON,KRISS WORTHINGTON,KRISS WORTHINGTON,KRISS WORTHINGTON,,KRISS WORTHINGTON,KRISS WORTHINGTON,KRISS WORTHINGTON,KRISS WORTHINGTON
Berkeley_11042014_CityCouncilDistrict8.csv,[],no,,,0.801457597,4,LOCAL,NO,R,LORI DROSTE,LORI DROSTE,LORI DROSTE,LORI DROSTE,,LORI DROSTE,LORI DROSTE,LORI DROSTE,LORI DROSTE
Berkeley_11062012_CityCouncilDistrict2.csv,[],no,,,0.91354616,3,LOCAL,NO,R,DARRYL MOORE,DARRYL MOORE,DARRYL MOORE,DARRYL MOORE,,DARRYL MOORE,DARRYL MOORE,DARRYL MOORE,DARRYL MOORE
Berkeley_11062012_CityCouncilDistrict3.csv,[],no,,,1,2,LOCAL,NO,R,MAX ANDERSON,MAX ANDERSON,MAX ANDERSON,MAX ANDERSON,,MAX ANDERSON,MAX ANDERSON,MAX ANDERSON,MAX ANDERSON
Berkeley_11062012_CityCouncilDistrict5.csv,[],no,,,1,2,LOCAL,NO,R,LAURIE CAPITELLI,LAURIE CAPITELLI,LAURIE CAPITELLI,LAURIE CAPITELLI,,LAURIE CAPITELLI,LAURIE CAPITELLI,LAURIE CAPITELLI,LAURIE CAPITELLI
Berkeley_11062012_CityCouncilDistrict6.csv,[],no,,,1,2,LOCAL,NO,R,SUSAN WENGRAF,SUSAN WENGRAF,SUSAN WENGRAF,SUSAN WENGRAF,,SUSAN WENGRAF,SUSAN WENGRAF,SUSAN WENGRAF,SUSAN WENGRAF
Berkeley_11062012_Mayor.csv,[],no,,,0.855513881,7,LOCAL,NO,E,TOM BATES,TOM BATES,TOM BATES,TOM BATES,,TOM BATES,TOM BATES,TOM BATES,TOM BATES
Berkeley_11062018_CityAuditor.csv,[],no,,,1,2,LOCAL,NO,O,JENNY WONG,JENNY WONG,JENNY WONG,JENNY WONG,,JENNY WONG,JENNY WONG,JENNY WONG,JENNY WONG
Berkeley_11062018_CityCouncilDistrict1.csv,[],no,,,0.859604663,4,LOCAL,NO,R,RASHI KESARWANI,RASHI KESARWANI,RASHI KESARWANI,RASHI KESARWANI,,RASHI KESARWANI,RASHI KESARWANI,RASHI KESARWANI,RASHI KESARWANI
Berkeley_11062018_CityCouncilDistrict4.csv,['Approval'],no,,,0.894055434,3,LOCAL,NO,R,KATE HARRISON,KATE HARRISON,KATE HARRISON,KATE HARRISON,,KATE HARRISON,KATE HARRISON,BEN GOULD,KATE HARRISON
Berkeley_11062018_CityCouncilDistrict7.csv,[],no,,,0.930703625,3,LOCAL,NO,R,RIGEL ROBINSON,RIGEL ROBINSON,RIGEL ROBINSON,RIGEL ROBINSON,,RIGEL ROBINSON,RIGEL ROBINSON,RIGEL ROBINSON,RIGEL ROBINSON
Berkeley_11062018_CityCouncilDistrict8.csv,[],no,,,0.881886159,4,LOCAL,NO,R,LORI DROSTE,LORI DROSTE,LORI DROSTE,LORI DROSTE,,LORI DROSTE,LORI DROSTE,LORI DROSTE,LORI DROSTE
Berkeley_11082016_CityCouncilDistrict2.csv,['Plurality'],no,,,0.86450168,3,LOCAL,NO,R,CHERYL DAVILA,CHERYL DAVILA,CHERYL DAVILA,DARRYL MOORE,,CHERYL DAVILA,CHERYL DAVILA,CHERYL DAVILA,CHERYL DAVILA
Berkeley_11082016_CityCouncilDistrict3.csv,[],no,,,0.84234171,4,LOCAL,NO,R,BEN BARTLETT,BEN BARTLETT,BEN BARTLETT,BEN BARTLETT,,BEN BARTLETT,BEN BARTLETT,BEN BARTLETT,BEN BARTLETT
Berkeley_11082016_CityCouncilDistrict5.csv,[],no,,,1,2,LOCAL,NO,R,SOPHIE HAHN,SOPHIE HAHN,SOPHIE HAHN,SOPHIE HAHN,,SOPHIE HAHN,SOPHIE HAHN,SOPHIE HAHN,SOPHIE HAHN
Berkeley_11082016_CityCouncilDistrict6.csv,[],no,,,0.882384461,3,LOCAL,NO,R,SUSAN WENGRAF,SUSAN WENGRAF,SUSAN WENGRAF,SUSAN WENGRAF,,SUSAN WENGRAF,SUSAN WENGRAF,SUSAN WENGRAF,SUSAN WENGRAF
Berkeley_11082016_Mayor.csv,[],no,,,0.903156155,8,LOCAL,NO,E,JESSE ARREGUÍN,JESSE ARREGUÍN,JESSE ARREGUÍN,JESSE ARREGUÍN,,JESSE ARREGUÍN,JESSE ARREGUÍN,JESSE ARREGUÍN,JESSE ARREGUÍN
Burlington_03032009_Mayor.csv,"['IRV', 'Condorcet', 'Approval']",yes,,,0.651282051,5,LOCAL,YES,E,Bob Kiss,Bob Kiss,Andy Montroll,Kurt Wright,,Andy Montroll,Kurt Wright,Andy Montroll,Andy Montroll
Burlington_03072006_Mayor.csv,[],no,,,0.720744681,5,LOCAL,YES,E,Bob Kiss,Bob Kiss,Bob Kiss,Bob Kiss,,Hinda Miller,Bob Kiss,Hinda Miller,Bob Kiss
Burlington_03072023_CityCouncilCentralDistrict.csv,[],no,,,1,2,LOCAL,YES,R,MELO GRANT,MELO GRANT,MELO GRANT,MELO GRANT,,MELO GRANT,MELO GRANT,MELO GRANT,MELO GRANT
Burlington_03072023_CityCouncilEastDistrict.csv,[],no,,,1,2,LOCAL,YES,R,"TIMOTHY C. DOHERTY,JR","TIMOTHY C. DOHERTY,JR","TIMOTHY C. DOHERTY,JR","TIMOTHY C. DOHERTY,JR",,"TIMOTHY C. DOHERTY,JR","TIMOTHY C. DOHERTY,JR","TIMOTHY C. DOHERTY,JR","TIMOTHY C. DOHERTY,JR"
Burlington_03072023_CityCouncilSouthDistrict.csv,[],no,,,0.881618084,3,LOCAL,YES,R,JOAN SHANNON,JOAN SHANNON,JOAN SHANNON,JOAN SHANNON,,JOAN SHANNON,JOAN SHANNON,JOAN SHANNON,JOAN SHANNON
Corvallis_11082022_CityCouncilWard9.csv,[],no,,,0.845995045,3,LOCAL,NO,R,Tony Cadena,Tony Cadena,Tony Cadena,Tony Cadena,,Tony Cadena,Tony Cadena,Tony Cadena,Tony Cadena
Corvallis_11082022_Mayor.csv,"['IRV', 'Condorcet', 'Plurality']",yes,,,0.806260616,3,LOCAL,NO,E,Charles Maughan,Andrew Struthers,Charles Maughan,Charles Maughan,,Andrew Struthers,Andrew Struthers,Andrew Struthers,Andrew Struthers
Easthampton_11022021_Mayor.csv,[],no,,,0.860262009,66,LOCAL,YES,E,NICOLE M. LACHAPELLE,NICOLE M. LACHAPELLE,NICOLE M. LACHAPELLE,NICOLE M. LACHAPELLE,,NICOLE M. LACHAPELLE,NICOLE M. LACHAPELLE,NICOLE M. LACHAPELLE,NICOLE M. LACHAPELLE
Eastpointe_11052019_CityCouncil.csv,[],no,,,0.699920032,4,LOCAL,NO,R,Sarah A. Lucido,Sarah A. Lucido,Sarah A. Lucido,Sarah A. Lucido,,Sarah A. Lucido,Sarah A. Lucido,Sarah A. Lucido,Sarah A. Lucido
ElkRidge_11022021_Mayor.csv,[],no,,,0.90145149,3,LOCAL,NO,E,ROBERT HADDOCK,ROBERT HADDOCK,ROBERT HADDOCK,ROBERT HADDOCK,,ROBERT HADDOCK,ROBERT HADDOCK,ROBERT HADDOCK,ROBERT HADDOCK
Hawaii_05232020_PresidentoftheUnitedStateCD1.csv,[],no,,,0.853185216,11,FEDERAL,DP,E,Joseph R. Biden,Joseph R. Biden,Joseph R. Biden,Joseph R. Biden,,Joseph R. Biden,Joseph R. Biden,Joseph R. Biden,Joseph R. Biden
Hawaii_05232020_PresidentoftheUnitedStateCD1CD2.csv,[],no,,,0.86144785,11,FEDERAL,DP,E,Joseph R. Biden,Joseph R. Biden,Joseph R. Biden,Joseph R. Biden,,Joseph R. Biden,Joseph R. Biden,Joseph R. Biden,Joseph R. Biden
Hawaii_05232020_PresidentoftheUnitedStateCD2.csv,[],no,,,0.859216398,11,FEDERAL,DP,E,Joseph R. Biden,Joseph R. Biden,Joseph R. Biden,Joseph R. Biden,,Joseph R. Biden,Joseph R. Biden,Joseph R. Biden,Joseph R. Biden
Kansas_05022020_PRESIDENTOFTHEUNITEDSTATES.csv,[],no,,,0.775845529,5,FEDERAL,DP,E,Joseph R. Biden,Joseph R. Biden,Joseph R. Biden,Joseph R. Biden,,Joseph R. Biden,Joseph R. Biden,Joseph R. Biden,Joseph R. Biden
LasCruces_11052019_COUNCILORPOSITION2CITYOFLASCRUCESDISTRICT2COUNCILOR.csv,[],no,,,0.750666667,4,LOCAL,NO,R,TESSA ABEYTA STUVE,TESSA ABEYTA STUVE,TESSA ABEYTA STUVE,TESSA ABEYTA STUVE,,TESSA ABEYTA STUVE,TESSA ABEYTA STUVE,TESSA ABEYTA STUVE,TESSA ABEYTA STUVE
LasCruces_11052019_COUNCILORPOSITION4CITYOFLASCRUCESDISTRICT4COUNCILOR.csv,['Approval'],no,,,0.783333333,3,LOCAL,NO,R,JOHANA BENCOMO,JOHANA BENCOMO,JOHANA BENCOMO,JOHANA BENCOMO,,JOHANA BENCOMO,JOHANA BENCOMO,ANTOINETTE M REYES,JOHANA BENCOMO
LasCruces_11052019_MAYORCITYOFLASCRUCES.csv,[],no,,,0.493740219,10,LOCAL,NO,E,KEN MIYAGISHIMA,KEN MIYAGISHIMA,KEN MIYAGISHIMA,KEN MIYAGISHIMA,,KEN MIYAGISHIMA,KEN MIYAGISHIMA,KEN MIYAGISHIMA,KEN MIYAGISHIMA
Maine_06122018_DemocraticPrimaryforCD2.csv,"['IRV', 'Condorcet', 'Approval']",yes,,,0.759089005,4,FEDERAL,NO,R,"Golden, Jared F.","St. Clair, Lucas R.","Golden, Jared F.","Golden, Jared F.",,"St. Clair, Lucas R.","Golden, Jared F.","St. Clair, Lucas R.","Golden, Jared F."
Maine_06122018_DemocraticPrimaryforGovernor.csv,[],no,,,0.425970152,7,STATE,DP,E,"Mills, Janet T.","Mills, Janet T.","Mills, Janet T.","Mills, Janet T.",,"Mills, Janet T.","Mills, Janet T.","Mills, Janet T.","Mills, Janet T."
Maine_07142020_DemocraticCandidateforMaineStateHouseDistrict41.csv,"['IRV', 'Condorcet', 'Plurality', 'Approval']",yes,,,0.811806656,3,STATE,DP,R,"Zager, Samuel Lewis","Grant, Benjamin K.","Zager, Samuel Lewis","Zager, Samuel Lewis",,"Grant, Benjamin K.","Grant, Benjamin K.","Grant, Benjamin K.","Zager, Samuel Lewis"
Maine_07142020_DemocraticCandidateforMaineStateHouseDistrict47.csv,[],no,,,0.816105769,3,STATE,DP,R,"Bell, Arthur L.","Bell, Arthur L.","Bell, Arthur L.","Bell, Arthur L.",,"Bell, Arthur L.","Bell, Arthur L.","Bell, Arthur L.","Bell, Arthur L."
Maine_07142020_DemocraticCandidateforMaineStateHouseDistrict49.csv,"['IRV', 'Condorcet', 'Approval']",yes,,,0.776243094,3,STATE,DP,R,"Arford, Poppy","Perreault, Corinne Ann","Arford, Poppy","Arford, Poppy",,"Perreault, Corinne Ann","Arford, Poppy","Perreault, Corinne Ann","Arford, Poppy"
Maine_07142020_DemocraticCandidateforMaineStateHouseDistrict90.csv,"['IRV', 'Condorcet', 'Plurality', 'Approval']",yes,,,0.800394283,3,STATE,DP,R,"Crafts, Lydia V.","Pieh, Wendy","Crafts, Lydia V.","Crafts, Lydia V.",,"Pieh, Wendy","Pieh, Wendy","Pieh, Wendy","Crafts, Lydia V."
Maine_07142020_DemocraticCandidateforMaineStateSenateDistrict11.csv,"['IRV', 'Condorcet', 'Plurality', 'Approval']",yes,,,0.781368103,3,STATE,DP,R,"Curry, Glenn Chip","Stanicki, Robyn M.","Curry, Glenn Chip","Curry, Glenn Chip",,"Stanicki, Robyn M.","Stanicki, Robyn M.","Stanicki, Robyn M.","Curry, Glenn Chip"
Maine_07142020_RepublicanCandidateforUSHouseofRepresentativesDistrict2.csv,[],no,,,0.864152873,3,FEDERAL,NO,R,"Crafts, Dale John","Crafts, Dale John","Crafts, Dale John","Crafts, Dale John",,"Crafts, Dale John","Crafts, Dale John","Crafts, Dale John","Crafts, Dale John"
Maine_11062018_CongressionalDistrict2.csv,[],no,,,0.843787158,4,FEDERAL,YES,R,"DEM Golden, Jared F.","DEM Golden, Jared F.","DEM Golden, Jared F.","REP Poliquin, Bruce",,"DEM Golden, Jared F.","REP Poliquin, Bruce","DEM Golden, Jared F.","DEM Golden, Jared F."
Maine_11082022_CongressionalDistrict2.csv,[],no,,,0.954574129,3,FEDERAL,YES,R,"Golden, Jared Forrest","Golden, Jared Forrest","Golden, Jared Forrest","Golden, Jared Forrest",,"Golden, Jared Forrest","Golden, Jared Forrest","Golden, Jared Forrest","Golden, Jared Forrest"
Minneapolis_08112020_Ward6CityCouncilSpecialElection.csv,[],no,,,0.884719886,12,LOCAL,NO,R,Jamal Osman,Jamal Osman,Jamal Osman,Jamal Osman,,Jamal Osman,Jamal Osman,Jamal Osman,Jamal Osman
Minneapolis_11022021_CityCouncilWard1.csv,['Approval'],no,,,0.825439902,4,LOCAL,NO,R,Elliott Payne,Elliott Payne,Elliott Payne,Elliott Payne,,Elliott Payne,Elliott Payne,Kevin Reich,Elliott Payne
Minneapolis_11022021_CityCouncilWard10.csv,[],no,,,0.896078247,6,LOCAL,NO,R,Aisha Chughtai,Aisha Chughtai,Aisha Chughtai,Aisha Chughtai,,Aisha Chughtai,Aisha Chughtai,Aisha Chughtai,Aisha Chughtai
Minneapolis_11022021_CityCouncilWard11.csv,[],no,,,0.950591406,5,LOCAL,NO,R,Emily Koski,Emily Koski,Emily Koski,Emily Koski,,Emily Koski,Emily Koski,Emily Koski,Emily Koski
Minneapolis_11022021_CityCouncilWard12.csv,[],no,,,0.97845953,3,LOCAL,NO,R,Andrew Johnson,Andrew Johnson,Andrew Johnson,Andrew Johnson,,Andrew Johnson,Andrew Johnson,Andrew Johnson,Andrew Johnson
Minneapolis_11022021_CityCouncilWard13.csv,[],no,,,0.952725284,5,LOCAL,NO,R,Linea Palmisano,Linea Palmisano,Linea Palmisano,Linea Palmisano,,Linea Palmisano,Linea Palmisano,Linea Palmisano,Linea Palmisano
Minneapolis_11022021_CityCouncilWard2.csv,"['IRV', 'Condorcet', 'Plurality', 'Approval']",yes,,,0.895599202,5,LOCAL,NO,R,Robin Wonsley Worlobah,Cam Gordon,-1,Robin Wonsley Worlobah,,Cam Gordon,Yusra Arab,Cam Gordon,Yusra Arab
Minneapolis_11022021_CityCouncilWard3.csv,[],no,,,0.921297687,4,LOCAL,NO,R,Michael Rainville,Michael Rainville,Michael Rainville,Michael Rainville,,Michael Rainville,Michael Rainville,Michael Rainville,Michael Rainville
Minneapolis_11022021_CityCouncilWard4.csv,[],no,,,0.914952368,3,LOCAL,NO,R,LaTrisha Vetaw,LaTrisha Vetaw,LaTrisha Vetaw,LaTrisha Vetaw,,LaTrisha Vetaw,LaTrisha Vetaw,LaTrisha Vetaw,LaTrisha Vetaw
Minneapolis_11022021_CityCouncilWard5.csv,"['IRV', 'Condorcet']",yes,,,0.826642336,7,LOCAL,NO,R,Jeremiah Ellison,Kristel Porter,Jeremiah Ellison,Jeremiah Ellison,,Kristel Porter,Jeremiah Ellison,Kristel Porter,Kristel Porter
Minneapolis_11022021_CityCouncilWard6.csv,[],no,,,1,2,LOCAL,NO,R,Jamal Osman,Jamal Osman,Jamal Osman,Jamal Osman,,Jamal Osman,Jamal Osman,Jamal Osman,Jamal Osman
Minneapolis_11022021_CityCouncilWard7.csv,[],no,,,0.949745712,4,LOCAL,NO,R,Lisa Goodman,Lisa Goodman,Lisa Goodman,Lisa Goodman,,Lisa Goodman,Lisa Goodman,Lisa Goodman,Lisa Goodman
Minneapolis_11022021_CityCouncilWard8.csv,[],no,,,1,2,LOCAL,NO,R,Andrea Jenkins,Andrea Jenkins,Andrea Jenkins,Andrea Jenkins,,Andrea Jenkins,Andrea Jenkins,Andrea Jenkins,Andrea Jenkins
Minneapolis_11022021_CityCouncilWard9.csv,[],no,,,0.898175837,8,LOCAL,NO,R,Jason Chavez,Jason Chavez,Jason Chavez,Jason Chavez,,Jason Chavez,Jason Chavez,Jason Chavez,Jason Chavez
Minneapolis_11022021_Mayor.csv,[],no,,,0.883744527,18,LOCAL,NO,E,Jacob Frey,Jacob Frey,Jacob Frey,Jacob Frey,,Jacob Frey,Jacob Frey,Jacob Frey,Jacob Frey
Minneapolis_11022021_ParkBoardAtLarge.csv,[],no,,,0.830588324,7,LOCAL,NO,B,Meg Forney,Meg Forney,Meg Forney,Meg Forney,,Meg Forney,Meg Forney,Meg Forney,Meg Forney
Minneapolis_11022021_ParkBoardDistrict2.csv,"['IRV', 'Condorcet', 'Approval']",yes,,,0.85455053,3,LOCAL,NO,B,Becka Thompson,Eric Moran,Becka Thompson,Becka Thompson,,Eric Moran,Becka Thompson,Eric Moran,Becka Thompson
Minneapolis_11022021_ParkBoardDistrict3.csv,[],no,,,0.931166096,3,LOCAL,NO,B,Becky Alper,Becky Alper,Becky Alper,Becky Alper,,Becky Alper,Becky Alper,Becky Alper,Becky Alper
Minneapolis_11022021_ParkBoardDistrict4.csv,[],no,,,1,2,LOCAL,NO,B,Elizabeth Shaffer,Elizabeth Shaffer,Elizabeth Shaffer,Elizabeth Shaffer,,Elizabeth Shaffer,Elizabeth Shaffer,Elizabeth Shaffer,Elizabeth Shaffer
Minneapolis_11022021_ParkBoardDistrict5.csv,[],no,,,0.904342267,3,LOCAL,NO,B,Steffanie Musich,Steffanie Musich,Steffanie Musich,Steffanie Musich,,Steffanie Musich,Steffanie Musich,Steffanie Musich,Steffanie Musich
Minneapolis_11022021_ParkBoardDistrict6.csv,['Plurality'],no,,,0.891073326,4,LOCAL,NO,B,Cathy Abene,Cathy Abene,Cathy Abene,Risa Hustad,,Cathy Abene,Cathy Abene,Cathy Abene,Cathy Abene
Minneapolis_11052013_Mayor.csv,[],no,,,0.797500567,35,LOCAL,NO,E,BETSY HODGES,BETSY HODGES,BETSY HODGES,BETSY HODGES,,BETSY HODGES,BETSY HODGES,BETSY HODGES,BETSY HODGES
Minneapolis_11052013_PRBoardDistrict2.csv,[],no,,,1,2,LOCAL,NO,B,JON OLSON,JON OLSON,JON OLSON,JON OLSON,,JON OLSON,JON OLSON,JON OLSON,JON OLSON
Minneapolis_11052013_PRBoardDistrict6.csv,[],no,,,1,2,LOCAL,NO,B,BRAD BOURN,BRAD BOURN,BRAD BOURN,BRAD BOURN,,BRAD BOURN,BRAD BOURN,BRAD BOURN,BRAD BOURN
Minneapolis_11052013_Ward13CityCouncil.csv,[],no,,,0.688474414,5,LOCAL,NO,R,LINEA PALMISANO,LINEA PALMISANO,LINEA PALMISANO,LINEA PALMISANO,,LINEA PALMISANO,LINEA PALMISANO,LINEA PALMISANO,LINEA PALMISANO
Minneapolis_11052013_Ward5CityCouncil.csv,[],no,,,0.844501718,4,LOCAL,NO,R,BLONG YANG,BLONG YANG,BLONG YANG,BLONG YANG,,BLONG YANG,BLONG YANG,BLONG YANG,BLONG YANG
Minneapolis_11052013_Ward9CityCouncil.csv,[],no,,,0.800720288,6,LOCAL,NO,R,ALONDRA CANO,ALONDRA CANO,ALONDRA CANO,ALONDRA CANO,,ALONDRA CANO,ALONDRA CANO,ALONDRA CANO,ALONDRA CANO
Minneapolis_11062009_Mayor.csv,[],no,,,0.934910455,11,LOCAL,NO,E,R.T. Rybak,R.T. Rybak,R.T. Rybak,R.T. Rybak,,R.T. Rybak,R.T. Rybak,R.T. Rybak,R.T. Rybak
Minneapolis_11062009_PRBoardDistrict1.csv,[],no,,,0.923817713,3,LOCAL,NO,B,Liz Wielinski,Liz Wielinski,Liz Wielinski,Liz Wielinski,,Liz Wielinski,Liz Wielinski,Liz Wielinski,Liz Wielinski
Minneapolis_11062009_PRBoardDistrict2.csv,[],no,,,1,2,LOCAL,NO,B,Jon Olson,Jon Olson,Jon Olson,Jon Olson,,Jon Olson,Jon Olson,Jon Olson,Jon Olson
Minneapolis_11062009_PRBoardDistrict3.csv,[],no,,,1,2,LOCAL,NO,B,Scott Vreeland,Scott Vreeland,Scott Vreeland,Scott Vreeland,,Scott Vreeland,Scott Vreeland,Scott Vreeland,Scott Vreeland
Minneapolis_11062009_PRBoardDistrict5.csv,['Plurality'],no,,,0.915813715,5,LOCAL,NO,B,Carol Kummer,Carol Kummer,Carol Kummer,Carol Kummer,,Carol Kummer,Jason Stone,Carol Kummer,Carol Kummer
Minneapolis_11062009_PRBoardDistrict6.csv,[],no,,,0.954933301,4,LOCAL,NO,B,Brad Bourn,Brad Bourn,Brad Bourn,Brad Bourn,,Brad Bourn,Brad Bourn,Brad Bourn,Brad Bourn
Minneapolis_11062009_Ward10CityCouncil.csv,[],no,,,0.944043321,4,LOCAL,NO,R,Meg Tuthill,Meg Tuthill,Meg Tuthill,Meg Tuthill,,Meg Tuthill,Meg Tuthill,Meg Tuthill,Meg Tuthill
Minneapolis_11062009_Ward11CityCouncil.csv,[],no,,,0.981736302,3,LOCAL,NO,R,John Quincy,John Quincy,John Quincy,John Quincy,,John Quincy,John Quincy,John Quincy,John Quincy
Minneapolis_11062009_Ward12CityCouncil.csv,[],no,,,0.935894714,4,LOCAL,NO,R,Sandy Colvin Roy,Sandy Colvin Roy,Sandy Colvin Roy,Sandy Colvin Roy,,Sandy Colvin Roy,Sandy Colvin Roy,Sandy Colvin Roy,Sandy Colvin Roy
Minneapolis_11062009_Ward13CityCouncil.csv,[],no,,,0.969722315,3,LOCAL,NO,R,Betsy Hodges,Betsy Hodges,Betsy Hodges,Betsy Hodges,,Betsy Hodges,Betsy Hodges,Betsy Hodges,Betsy Hodges
Minneapolis_11062009_Ward1CityCouncil.csv,[],no,,,0.880544355,5,LOCAL,NO,R,Kevin Reich,Kevin Reich,Kevin Reich,Kevin Reich,,Kevin Reich,Kevin Reich,Kevin Reich,Kevin Reich
Minneapolis_11062009_Ward2CityCouncil.csv,[],no,,,1,2,LOCAL,NO,R,Cam Gordon,Cam Gordon,Cam Gordon,Cam Gordon,,Cam Gordon,Cam Gordon,Cam Gordon,Cam Gordon
Minneapolis_11062009_Ward3CityCouncil.csv,[],no,,,0.978072179,4,LOCAL,NO,R,Diane Hofstede,Diane Hofstede,Diane Hofstede,Diane Hofstede,,Diane Hofstede,Diane Hofstede,Diane Hofstede,Diane Hofstede
Minneapolis_11062009_Ward4CityCouncil.csv,[],no,,,0.899271845,4,LOCAL,NO,R,Barbara A. Johnson,Barbara A. Johnson,Barbara A. Johnson,Barbara A. Johnson,,Barbara A. Johnson,Barbara A. Johnson,Barbara A. Johnson,Barbara A. Johnson
Minneapolis_11062009_Ward5CityCouncil.csv,[],no,,,0.88960739,5,LOCAL,NO,R,Don Samuels,Don Samuels,Don Samuels,Don Samuels,,Don Samuels,Don Samuels,Don Samuels,Don Samuels
Minneapolis_11062009_Ward6CityCouncil.csv,[],no,,,0.852178423,6,LOCAL,NO,R,Robert Lilligren,Robert Lilligren,Robert Lilligren,Robert Lilligren,,Robert Lilligren,Robert Lilligren,Robert Lilligren,Robert Lilligren
Minneapolis_11062009_Ward7CityCouncil.csv,[],no,,,0.937800137,3,LOCAL,NO,R,Lisa Goodman,Lisa Goodman,Lisa Goodman,Lisa Goodman,,Lisa Goodman,Lisa Goodman,Lisa Goodman,Lisa Goodman
Minneapolis_11062009_Ward8CityCouncil.csv,[],no,,,0.872292273,5,LOCAL,NO,R,Elizabeth Glidden,Elizabeth Glidden,Elizabeth Glidden,Elizabeth Glidden,,Elizabeth Glidden,Elizabeth Glidden,Elizabeth Glidden,Elizabeth Glidden
Minneapolis_11062009_Ward9CityCouncil.csv,[],no,,,0.95322419,4,LOCAL,NO,R,Gary Schiff,Gary Schiff,Gary Schiff,Gary Schiff,,Gary Schiff,Gary Schiff,Gary Schiff,Gary Schiff
Minneapolis_11072017_Mayor.csv,[],no,,,0.784171973,18,LOCAL,NO,E,Jacob Frey,Jacob Frey,Jacob Frey,Jacob Frey,,Jacob Frey,Jacob Frey,Jacob Frey,Jacob Frey
Minneapolis_11072017_PRBoardDistrict1.csv,[],no,,,0.907800422,3,LOCAL,NO,B,Chris Meyer,Chris Meyer,Chris Meyer,Chris Meyer,,Chris Meyer,Chris Meyer,Chris Meyer,Chris Meyer
Minneapolis_11072017_PRBoardDistrict2.csv,[],no,,,1,2,LOCAL,NO,B,Kale Severson,Kale Severson,Kale Severson,Kale Severson,,Kale Severson,Kale Severson,Kale Severson,Kale Severson
Minneapolis_11072017_PRBoardDistrict3.csv,[],no,,,0.952423391,3,LOCAL,NO,B,AK Hassan,AK Hassan,AK Hassan,AK Hassan,,AK Hassan,AK Hassan,AK Hassan,AK Hassan
Minneapolis_11072017_PRBoardDistrict4.csv,[],no,,,1,2,LOCAL,NO,B,Jono Cowgill,Jono Cowgill,Jono Cowgill,Jono Cowgill,,Jono Cowgill,Jono Cowgill,Tom Nordyke,Tom Nordyke
Minneapolis_11072017_PRBoardDistrict5.csv,[],no,,,0.939108911,3,LOCAL,NO,B,Steffanie Musich,Steffanie Musich,Steffanie Musich,Steffanie Musich,,Steffanie Musich,Steffanie Musich,Steffanie Musich,Steffanie Musich
Minneapolis_11072017_PRBoardDistrict6.csv,"['IRV', 'Condorcet']",yes,,,0.934555116,4,LOCAL,NO,B,Brad Bourn,Bob Fine,Brad Bourn,Brad Bourn,,Bob Fine,Brad Bourn,Bob Fine,Bob Fine
Minneapolis_11072017_Ward10CityCouncil.csv,[],no,,,0.855466174,4,LOCAL,NO,R,Lisa Bender,Lisa Bender,Lisa Bender,Lisa Bender,,Lisa Bender,Lisa Bender,Lisa Bender,Lisa Bender
Minneapolis_11072017_Ward11CityCouncil.csv,[],no,,,0.860083206,3,LOCAL,NO,R,Jeremy Schroeder,Jeremy Schroeder,Jeremy Schroeder,Jeremy Schroeder,,Jeremy Schroeder,Jeremy Schroeder,Jeremy Schroeder,Jeremy Schroeder
Minneapolis_11072017_Ward12CityCouncil.csv,[],no,,,0.893679858,3,LOCAL,NO,R,Andrew Johnson,Andrew Johnson,Andrew Johnson,Andrew Johnson,,Andrew Johnson,Andrew Johnson,Andrew Johnson,Andrew Johnson
Minneapolis_11072017_Ward13CityCouncil.csv,[],no,,,1,2,LOCAL,NO,R,Linea Palmisano,Linea Palmisano,Linea Palmisano,Linea Palmisano,,Linea Palmisano,Linea Palmisano,Linea Palmisano,Linea Palmisano
Minneapolis_11072017_Ward1CityCouncil.csv,"['IRV', 'Condorcet', 'Plurality', 'Approval']",yes,,,0.93523613,3,LOCAL,NO,R,Kevin Reich,Jillia Pessenda,Kevin Reich,Kevin Reich,,Jillia Pessenda,Jillia Pessenda,Jillia Pessenda,Kevin Reich
Minneapolis_11072017_Ward3CityCouncil.csv,[],no,,,0.891756347,4,LOCAL,NO,R,Steve Fletcher,Steve Fletcher,Steve Fletcher,Ginger Jentzen,,Steve Fletcher,Ginger Jentzen,Steve Fletcher,Steve Fletcher
Minneapolis_11072017_Ward4CityCouncil.csv,['Plurality'],no,,,0.898040708,4,LOCAL,NO,R,Phillipe M. Cunningham,Phillipe M. Cunningham,Phillipe M. Cunningham,"Barbara A. ""Barb"" Johnson",,Phillipe M. Cunningham,Phillipe M. Cunningham,Phillipe M. Cunningham,Phillipe M. Cunningham
Minneapolis_11072017_Ward5CityCouncil.csv,[],no,,,0.885721074,4,LOCAL,NO,R,Jeremiah Ellison,Jeremiah Ellison,Jeremiah Ellison,Jeremiah Ellison,,Jeremiah Ellison,Jeremiah Ellison,Jeremiah Ellison,Jeremiah Ellison
Minneapolis_11072017_Ward6CityCouncil.csv,[],no,,,0.988496188,4,LOCAL,NO,R,Abdi Warsame,Abdi Warsame,Abdi Warsame,Abdi Warsame,,Abdi Warsame,Abdi Warsame,Abdi Warsame,Abdi Warsame
Minneapolis_11072017_Ward7CityCouncil.csv,[],no,,,0.879762167,4,LOCAL,NO,R,Lisa Goodman,Lisa Goodman,Lisa Goodman,Lisa Goodman,,Lisa Goodman,Lisa Goodman,Lisa Goodman,Lisa Goodman
Minneapolis_11072017_Ward8CityCouncil.csv,[],no,,,0.802688308,4,LOCAL,NO,R,Andrea Jenkins,Andrea Jenkins,Andrea Jenkins,Andrea Jenkins,,Andrea Jenkins,Andrea Jenkins,Andrea Jenkins,Andrea Jenkins
Minneapolis_11072017_Ward9CityCouncil.csv,['Approval'],no,,,0.822109276,4,LOCAL,NO,R,Alondra Cano,Alondra Cano,Alondra Cano,Alondra Cano,,Alondra Cano,Alondra Cano,Mohamed Farah,Alondra Cano
Minnetonka_11022021_CityCouncilAtLargeSeatA.csv,[],no,,,0.92129415,5,LOCAL,NO,R,Deb Calvert,Deb Calvert,Deb Calvert,Deb Calvert,,Deb Calvert,Deb Calvert,Deb Calvert,Deb Calvert
Minnetonka_11022021_CityCouncilAtLargeSeatB.csv,[],no,,,0.919126328,5,LOCAL,NO,R,Kimberly Wilburn,Kimberly Wilburn,Kimberly Wilburn,Kimberly Wilburn,,Kimberly Wilburn,Kimberly Wilburn,Kimberly Wilburn,Kimberly Wilburn
Minnetonka_11022021_Mayor.csv,[],no,,,1,2,LOCAL,NO,E,Brad Wiersum,Brad Wiersum,Brad Wiersum,Brad Wiersum,,Brad Wiersum,Brad Wiersum,Brad Wiersum,Brad Wiersum
NewYorkCity_06222021_CONCouncilMember19thCouncilDistrict.csv,[],no,,,1,2,LOCAL,NO,R,John-Alexander Sakelos,John-Alexander Sakelos,John-Alexander Sakelos,John-Alexander Sakelos,,John-Alexander Sakelos,John-Alexander Sakelos,John-Alexander Sakelos,John-Alexander Sakelos
NewYorkCity_06222021_DEMBoroughPresidentBronx.csv,[],no,,,0.66626627,5,LOCAL,DP,E,Vanessa L. Gibson,Vanessa L. Gibson,Vanessa L. Gibson,Vanessa L. Gibson,,Vanessa L. Gibson,Vanessa L. Gibson,Vanessa L. Gibson,Vanessa L. Gibson
NewYorkCity_06222021_DEMBoroughPresidentKings.csv,[],no,,,0.687332859,12,LOCAL,DP,E,Antonio Reynoso,Antonio Reynoso,Antonio Reynoso,Antonio Reynoso,,Antonio Reynoso,Antonio Reynoso,Antonio Reynoso,Antonio Reynoso
NewYorkCity_06222021_DEMBoroughPresidentNewYork.csv,[],no,,,0.677257117,7,LOCAL,DP,E,Mark D. Levine,Mark D. Levine,Mark D. Levine,Mark D. Levine,,Mark D. Levine,Mark D. Levine,Mark D. Levine,Mark D. Levine
NewYorkCity_06222021_DEMBoroughPresidentQueens.csv,"['IRV', 'Condorcet', 'Plurality']",yes,,,0.922902076,3,LOCAL,DP,E,Donovan J. Richards Jr.,Elizabeth S. Crowley,Donovan J. Richards Jr.,Donovan J. Richards Jr.,,Elizabeth S. Crowley,Elizabeth S. Crowley,Elizabeth S. Crowley,Elizabeth S. Crowley
NewYorkCity_06222021_DEMBoroughPresidentRichmond.csv,[],no,,,0.685076422,5,LOCAL,DP,E,Mark S. Murphy,Mark S. Murphy,Mark S. Murphy,Mark S. Murphy,,Mark S. Murphy,Mark S. Murphy,Mark S. Murphy,Mark S. Murphy
NewYorkCity_06222021_DEMComptrollerCitywide.csv,[],no,,,0.664014037,10,LOCAL,DP,O,Brad Lander,Brad Lander,Brad Lander,Brad Lander,,Brad Lander,Brad Lander,Corey D. Johnson,Corey D. Johnson
NewYorkCity_06222021_DEMCouncilMember10thCouncilDistrict.csv,[],no,,,0.695678792,8,LOCAL,DP,R,Carmen N. De La Rosa,Carmen N. De La Rosa,Carmen N. De La Rosa,Carmen N. De La Rosa,,Carmen N. De La Rosa,Carmen N. De La Rosa,Carmen N. De La Rosa,Carmen N. De La Rosa
NewYorkCity_06222021_DEMCouncilMember11thCouncilDistrict.csv,[],no,,,0.644797841,7,LOCAL,DP,R,Eric Dinowitz,Eric Dinowitz,Eric Dinowitz,Eric Dinowitz,,Eric Dinowitz,Eric Dinowitz,Eric Dinowitz,Eric Dinowitz
NewYorkCity_06222021_DEMCouncilMember12thCouncilDistrict.csv,['Approval'],no,,,0.850931319,3,LOCAL,DP,R,Kevin Riley,Kevin Riley,Kevin Riley,Kevin Riley,,Kevin Riley,Kevin Riley,Pamela A. Hamilton-Johnson,Kevin Riley
NewYorkCity_06222021_DEMCouncilMember13thCouncilDistrict.csv,[],no,,,0.695512499,5,LOCAL,DP,R,Marjorie Velazquez,Marjorie Velazquez,Marjorie Velazquez,Marjorie Velazquez,,Marjorie Velazquez,Marjorie Velazquez,Marjorie Velazquez,Marjorie Velazquez
NewYorkCity_06222021_DEMCouncilMember14thCouncilDistrict.csv,[],no,,,0.599407156,6,LOCAL,DP,R,Pierina Ana Sanchez,Pierina Ana Sanchez,Pierina Ana Sanchez,Pierina Ana Sanchez,,Pierina Ana Sanchez,Pierina Ana Sanchez,Pierina Ana Sanchez,Pierina Ana Sanchez
NewYorkCity_06222021_DEMCouncilMember15thCouncilDistrict.csv,[],no,,,0.640004855,8,LOCAL,DP,R,Oswald Feliz,Oswald Feliz,Oswald Feliz,Oswald Feliz,,Oswald Feliz,Oswald Feliz,Oswald Feliz,Oswald Feliz
NewYorkCity_06222021_DEMCouncilMember16thCouncilDistrict.csv,[],no,,,0.819745034,4,LOCAL,DP,R,Althea V. Stevens,Althea V. Stevens,Althea V. Stevens,Althea V. Stevens,,Althea V. Stevens,Althea V. Stevens,Althea V. Stevens,Althea V. Stevens
NewYorkCity_06222021_DEMCouncilMember17thCouncilDistrict.csv,[],no,,,1,2,LOCAL,DP,R,Rafael Salamanca Jr.,Rafael Salamanca Jr.,Rafael Salamanca Jr.,Rafael Salamanca Jr.,,Rafael Salamanca Jr.,Rafael Salamanca Jr.,Rafael Salamanca Jr.,Rafael Salamanca Jr.
NewYorkCity_06222021_DEMCouncilMember18thCouncilDistrict.csv,"['IRV', 'Condorcet', 'Plurality', 'Approval']",yes,,,0.581141758,8,LOCAL,DP,R,Amanda Farias,William Rivera,Amanda Farias,Amanda Farias,,William Rivera,William Rivera,William Rivera,Amanda Farias
NewYorkCity_06222021_DEMCouncilMember19thCouncilDistrict.csv,[],no,,,0.722413398,6,LOCAL,DP,R,Tony Avella,Tony Avella,Tony Avella,Tony Avella,,Tony Avella,Tony Avella,Tony Avella,Tony Avella
NewYorkCity_06222021_DEMCouncilMember1stCouncilDistrict.csv,[],no,,,0.642291314,9,LOCAL,DP,R,Christopher Marte,Christopher Marte,Christopher Marte,Christopher Marte,,Christopher Marte,Christopher Marte,Christopher Marte,Christopher Marte
NewYorkCity_06222021_DEMCouncilMember20thCouncilDistrict.csv,[],no,,,0.657177753,8,LOCAL,DP,R,Sandra Ung,Sandra Ung,Sandra Ung,Sandra Ung,,Sandra Ung,Sandra Ung,Sandra Ung,Sandra Ung
NewYorkCity_06222021_DEMCouncilMember21stCouncilDistrict.csv,[],no,,,0.735926305,5,LOCAL,DP,R,Francisco P. Moya,Francisco P. Moya,Francisco P. Moya,Francisco P. Moya,,Francisco P. Moya,Francisco P. Moya,Francisco P. Moya,Francisco P. Moya
NewYorkCity_06222021_DEMCouncilMember22ndCouncilDistrict.csv,[],no,,,0.687950249,6,LOCAL,DP,R,Tiffany Caban,Tiffany Caban,Tiffany Caban,Tiffany Caban,,Tiffany Caban,Tiffany Caban,Tiffany Caban,Tiffany Caban
NewYorkCity_06222021_DEMCouncilMember23rdCouncilDistrict.csv,[],no,,,0.655577063,7,LOCAL,DP,R,Linda Lee,Linda Lee,Linda Lee,Linda Lee,,Linda Lee,Linda Lee,Linda Lee,Linda Lee
NewYorkCity_06222021_DEMCouncilMember24thCouncilDistrict.csv,[],no,,,0.780429594,4,LOCAL,DP,R,James F. Gennaro,James F. Gennaro,James F. Gennaro,James F. Gennaro,,James F. Gennaro,James F. Gennaro,James F. Gennaro,James F. Gennaro
NewYorkCity_06222021_DEMCouncilMember25thCouncilDistrict.csv,"['IRV', 'Condorcet', 'Approval']",no,,,0.661887854,8,LOCAL,DP,R,Shekar Krishnan,Yi Andy Chen,Shekar Krishnan,Yi Andy Chen,,Yi Andy Chen,Yi Andy Chen,Yi Andy Chen,Shekar Krishnan
NewYorkCity_06222021_DEMCouncilMember26thCouncilDistrict.csv,[],no,,,0.48,15,LOCAL,DP,R,Julie Won,Julie Won,Julie Won,Julie Won,,Julie Won,Julie Won,Julie Won,Julie Won
NewYorkCity_06222021_DEMCouncilMember27thCouncilDistrict.csv,[],no,,,0.48863859,12,LOCAL,DP,R,Nantasha M. Williams,Nantasha M. Williams,Nantasha M. Williams,Nantasha M. Williams,,Nantasha M. Williams,Nantasha M. Williams,Nantasha M. Williams,Nantasha M. Williams
NewYorkCity_06222021_DEMCouncilMember28thCouncilDistrict.csv,[],no,,,0.890203907,3,LOCAL,DP,R,Adrienne E. Adams,Adrienne E. Adams,Adrienne E. Adams,Adrienne E. Adams,,Adrienne E. Adams,Adrienne E. Adams,Adrienne E. Adams,Adrienne E. Adams
NewYorkCity_06222021_DEMCouncilMember29thCouncilDistrict.csv,[],no,,,0.616659856,9,LOCAL,DP,R,Lynn C. Schulman,Lynn C. Schulman,Lynn C. Schulman,Lynn C. Schulman,,Lynn C. Schulman,Lynn C. Schulman,Lynn C. Schulman,Lynn C. Schulman
NewYorkCity_06222021_DEMCouncilMember2ndCouncilDistrict.csv,[],no,,,1,2,LOCAL,DP,R,Carlina Rivera,Carlina Rivera,Carlina Rivera,Carlina Rivera,,Carlina Rivera,Carlina Rivera,Carlina Rivera,Carlina Rivera
NewYorkCity_06222021_DEMCouncilMember30thCouncilDistrict.csv,[],no,,,1,2,LOCAL,DP,R,Robert F. Holden,Robert F. Holden,Robert F. Holden,Robert F. Holden,,Robert F. Holden,Robert F. Holden,Robert F. Holden,Robert F. Holden
NewYorkCity_06222021_DEMCouncilMember31stCouncilDistrict.csv,[],no,,,0.879619786,3,LOCAL,DP,R,Selvena N. Brooks-Powers,Selvena N. Brooks-Powers,Selvena N. Brooks-Powers,Selvena N. Brooks-Powers,,Selvena N. Brooks-Powers,Selvena N. Brooks-Powers,Selvena N. Brooks-Powers,Selvena N. Brooks-Powers
NewYorkCity_06222021_DEMCouncilMember32ndCouncilDistrict.csv,"['IRV', 'Condorcet', 'Plurality', 'Approval']",yes,,,0.690441248,6,LOCAL,DP,R,Felicia Singh,Michael G. Scala,Felicia Singh,Felicia Singh,,Michael G. Scala,Michael G. Scala,Michael G. Scala,Felicia Singh
NewYorkCity_06222021_DEMCouncilMember33rdCouncilDistrict.csv,[],no,,,0.700253616,8,LOCAL,DP,R,Lincoln Restler,Lincoln Restler,Lincoln Restler,Lincoln Restler,,Lincoln Restler,Lincoln Restler,Lincoln Restler,Lincoln Restler
NewYorkCity_06222021_DEMCouncilMember34thCouncilDistrict.csv,[],no,,,0.821652943,4,LOCAL,DP,R,Jennifer Gutierrez,Jennifer Gutierrez,Jennifer Gutierrez,Jennifer Gutierrez,,Jennifer Gutierrez,Jennifer Gutierrez,Jennifer Gutierrez,Jennifer Gutierrez
NewYorkCity_06222021_DEMCouncilMember35thCouncilDistrict.csv,[],no,,,0.735636135,7,LOCAL,DP,R,Crystal Hudson,Crystal Hudson,Crystal Hudson,Crystal Hudson,,Crystal Hudson,Crystal Hudson,Crystal Hudson,Crystal Hudson
NewYorkCity_06222021_DEMCouncilMember36thCouncilDistrict.csv,['Approval'],no,,,0.734899329,5,LOCAL,DP,R,Chi A. Osse,Chi A. Osse,Chi A. Osse,Chi A. Osse,,Chi A. Osse,Chi A. Osse,Chi A. Osse,Tahirah A. Moore
NewYorkCity_06222021_DEMCouncilMember37thCouncilDistrict.csv,[],no,,,0.702168719,6,LOCAL,DP,R,Sandy Nurse,Sandy Nurse,Sandy Nurse,Sandy Nurse,,Sandy Nurse,Sandy Nurse,Sandy Nurse,Sandy Nurse
NewYorkCity_06222021_DEMCouncilMember38thCouncilDistrict.csv,[],no,,,0.706431107,6,LOCAL,DP,R,Alexa Aviles,Alexa Aviles,Alexa Aviles,Alexa Aviles,,Alexa Aviles,Alexa Aviles,Alexa Aviles,Alexa Aviles
NewYorkCity_06222021_DEMCouncilMember39thCouncilDistrict.csv,[],no,,,0.670614011,7,LOCAL,DP,R,Shahana K. Hanif,Shahana K. Hanif,Shahana K. Hanif,Shahana K. Hanif,,Shahana K. Hanif,Shahana K. Hanif,Shahana K. Hanif,Shahana K. Hanif
NewYorkCity_06222021_DEMCouncilMember3rdCouncilDistrict.csv,[],no,,,0.72500263,6,LOCAL,DP,R,Erik D. Bottcher,Erik D. Bottcher,Erik D. Bottcher,Erik D. Bottcher,,Erik D. Bottcher,Erik D. Bottcher,Erik D. Bottcher,Erik D. Bottcher
NewYorkCity_06222021_DEMCouncilMember40thCouncilDistrict.csv,[],no,,,0.602432807,11,LOCAL,DP,R,Rita C. Joseph,Rita C. Joseph,Rita C. Joseph,Rita C. Joseph,,Rita C. Joseph,Rita C. Joseph,Rita C. Joseph,Rita C. Joseph
NewYorkCity_06222021_DEMCouncilMember41stCouncilDistrict.csv,[],no,,,1,2,LOCAL,DP,R,Darlene Mealy,Darlene Mealy,Darlene Mealy,Darlene Mealy,,Darlene Mealy,Darlene Mealy,Darlene Mealy,Darlene Mealy
NewYorkCity_06222021_DEMCouncilMember42ndCouncilDistrict.csv,[],no,,,0.757263535,4,LOCAL,DP,R,Charles Barron,Charles Barron,Charles Barron,Charles Barron,,Charles Barron,Charles Barron,Charles Barron,Charles Barron
NewYorkCity_06222021_DEMCouncilMember45thCouncilDistrict.csv,[],no,,,0.929475869,3,LOCAL,DP,R,Farah N. Louis,Farah N. Louis,Farah N. Louis,Farah N. Louis,,Farah N. Louis,Farah N. Louis,Farah N. Louis,Farah N. Louis
NewYorkCity_06222021_DEMCouncilMember46thCouncilDistrict.csv,[],no,,,0.635601017,8,LOCAL,DP,R,Mercedes Narcisse,Mercedes Narcisse,Mercedes Narcisse,Mercedes Narcisse,,Mercedes Narcisse,Mercedes Narcisse,Mercedes Narcisse,Mercedes Narcisse
NewYorkCity_06222021_DEMCouncilMember47thCouncilDistrict.csv,[],no,,,0.763525305,4,LOCAL,DP,R,Ari Kagan,Ari Kagan,Ari Kagan,Ari Kagan,,Ari Kagan,Ari Kagan,Ari Kagan,Ari Kagan
NewYorkCity_06222021_DEMCouncilMember48thCouncilDistrict.csv,[],no,,,0.714611872,5,LOCAL,DP,R,Steven Saperstein,Steven Saperstein,Steven Saperstein,Steven Saperstein,,Steven Saperstein,Steven Saperstein,Steven Saperstein,Steven Saperstein
NewYorkCity_06222021_DEMCouncilMember49thCouncilDistrict.csv,[],no,,,0.543728172,9,LOCAL,DP,R,Kamillah Hanks,Kamillah Hanks,Kamillah Hanks,Kamillah Hanks,,Kamillah Hanks,Kamillah Hanks,Kamillah Hanks,Kamillah Hanks
NewYorkCity_06222021_DEMCouncilMember5thCouncilDistrict.csv,[],no,,,0.674286838,7,LOCAL,DP,R,Julie Menin,Julie Menin,Julie Menin,Julie Menin,,Julie Menin,Julie Menin,Julie Menin,Julie Menin
NewYorkCity_06222021_DEMCouncilMember6thCouncilDistrict.csv,[],no,,,0.730844395,6,LOCAL,DP,R,Gale A. Brewer,Gale A. Brewer,Gale A. Brewer,Gale A. Brewer,,Gale A. Brewer,Gale A. Brewer,Gale A. Brewer,Gale A. Brewer
NewYorkCity_06222021_DEMCouncilMember7thCouncilDistrict.csv,[],no,,,0.586628759,12,LOCAL,DP,R,Shaun Abreu,Shaun Abreu,Shaun Abreu,Shaun Abreu,,Shaun Abreu,Shaun Abreu,Shaun Abreu,Shaun Abreu
NewYorkCity_06222021_DEMCouncilMember8thCouncilDistrict.csv,[],no,,,0.751881628,4,LOCAL,DP,R,Diana I. Ayala,Diana I. Ayala,Diana I. Ayala,Diana I. Ayala,,Diana I. Ayala,Diana I. Ayala,Diana I. Ayala,Diana I. Ayala
NewYorkCity_06222021_DEMCouncilMember9thCouncilDistrict.csv,"['IRV', 'Condorcet']",yes,,,0.525760349,13,LOCAL,DP,R,Kristin Richardson Jordan,Bill Perkins,Kristin Richardson Jordan,Bill Perkins,,Bill Perkins,Bill Perkins,Bill Perkins,Bill Perkins
NewYorkCity_06222021_DEMMayorCitywide.csv,[],no,,,0.462661277,13,LOCAL,DP,E,Eric L. Adams,Eric L. Adams,Eric L. Adams,Eric L. Adams,,Eric L. Adams,Eric L. Adams,Eric L. Adams,Eric L. Adams
NewYorkCity_06222021_DEMPublicAdvocateCitywide.csv,[],no,,,0.898467414,3,LOCAL,DP,O,Jumaane D. Williams,Jumaane D. Williams,Jumaane D. Williams,Jumaane D. Williams,,Jumaane D. Williams,Jumaane D. Williams,Jumaane D. Williams,Jumaane D. Williams
NewYorkCity_06222021_REPBoroughPresidentQueens.csv,[],no,,,1,2,LOCAL,RP,E,219566,219566,219566,219566,,219566,219566,219566,219566
NewYorkCity_06222021_REPBoroughPresidentRichmond.csv,"['IRV', 'Condorcet']",yes,,,0.841874458,4,LOCAL,RP,E,Vito Fossella,Steven Matteo,Vito Fossella,Vito Fossella,,Steven Matteo,Vito Fossella,Vito Fossella,Vito Fossella
NewYorkCity_06222021_REPCouncilMember15thCouncilDistrict.csv,[],no,,,1,2,LOCAL,RP,R,Ariel Rivera-Diaz,Ariel Rivera-Diaz,Ariel Rivera-Diaz,Ariel Rivera-Diaz,,Ariel Rivera-Diaz,Ariel Rivera-Diaz,Ariel Rivera-Diaz,Ariel Rivera-Diaz
NewYorkCity_06222021_REPCouncilMember19thCouncilDistrict.csv,[],no,,,1,2,LOCAL,RP,R,Vickie Paladino,Vickie Paladino,Vickie Paladino,Vickie Paladino,,Vickie Paladino,Vickie Paladino,Vickie Paladino,Vickie Paladino
NewYorkCity_06222021_REPCouncilMember23rdCouncilDistrict.csv,[],no,,,1,2,LOCAL,RP,R,James F. Reilly,James F. Reilly,James F. Reilly,James F. Reilly,,James F. Reilly,James F. Reilly,James F. Reilly,James F. Reilly
NewYorkCity_06222021_REPCouncilMember24thCouncilDistrict.csv,[],no,,,1,2,LOCAL,RP,R,Timothy Rosen,Timothy Rosen,Timothy Rosen,Timothy Rosen,,Timothy Rosen,Timothy Rosen,Timothy Rosen,Timothy Rosen
NewYorkCity_06222021_REPCouncilMember32ndCouncilDistrict.csv,[],no,,,1,2,LOCAL,RP,R,Joann Ariola,Joann Ariola,Joann Ariola,Joann Ariola,,Joann Ariola,Joann Ariola,Joann Ariola,Joann Ariola
NewYorkCity_06222021_REPCouncilMember50thCouncilDistrict.csv,"['IRV', 'Condorcet']",no,,,0.771511967,5,LOCAL,RP,R,David M. Carr,Marko Kepi,David M. Carr,Marko Kepi,,Marko Kepi,Marko Kepi,Marko Kepi,Marko Kepi
NewYorkCity_06222021_REPMayorCitywide.csv,[],no,,,1,2,LOCAL,RP,E,Curtis A. Sliwa,Curtis A. Sliwa,Curtis A. Sliwa,Curtis A. Sliwa,,Curtis A. Sliwa,Curtis A. Sliwa,Curtis A. Sliwa,Curtis A. Sliwa
Oakland_11022010_CityAuditor.csv,[],no,,,1,2,LOCAL,NO,O,COURTNEY RUBY,COURTNEY RUBY,COURTNEY RUBY,COURTNEY RUBY,,COURTNEY RUBY,COURTNEY RUBY,COURTNEY RUBY,COURTNEY RUBY
Oakland_11022010_CityCouncilDistrict2.csv,[],no,,,1,2,LOCAL,NO,E,PATRICIA KERNIGHAN,PATRICIA KERNIGHAN,PATRICIA KERNIGHAN,PATRICIA KERNIGHAN,,PATRICIA KERNIGHAN,PATRICIA KERNIGHAN,PATRICIA KERNIGHAN,PATRICIA KERNIGHAN
Oakland_11022010_CityCouncilDistrict4.csv,[],no,,,0.84913937,7,LOCAL,NO,R,LIBBY SCHAAF,LIBBY SCHAAF,LIBBY SCHAAF,LIBBY SCHAAF,,LIBBY SCHAAF,LIBBY SCHAAF,LIBBY SCHAAF,LIBBY SCHAAF
Oakland_11022010_CityCouncilDistrict6.csv,[],no,,,0.820018651,3,LOCAL,NO,R,DESLEY BROOKS,DESLEY BROOKS,DESLEY BROOKS,DESLEY BROOKS,,DESLEY BROOKS,DESLEY BROOKS,DESLEY BROOKS,DESLEY BROOKS
Oakland_11022010_Mayor.csv,[],no,,,0.768744882,10,LOCAL,NO,E,JEAN QUAN,JEAN QUAN,JEAN QUAN,DON PERATA,,JEAN QUAN,DON PERATA,JEAN QUAN,JEAN QUAN
Oakland_11022010_SchoolDirectorDistrict4.csv,[],no,,,1,2,LOCAL,NO,B,GARY D. YEE,GARY D. YEE,GARY D. YEE,GARY D. YEE,,GARY D. YEE,GARY D. YEE,GARY D. YEE,GARY D. YEE
Oakland_11032020_CityAttorneyOaklandRCV.csv,[],no,,,1,2,LOCAL,NO,O,BARBARA PARKER,BARBARA PARKER,BARBARA PARKER,BARBARA PARKER,,BARBARA PARKER,BARBARA PARKER,BARBARA PARKER,BARBARA PARKER
Oakland_11032020_MemberCityCouncilAtLargeOaklandRCV.csv,"['IRV', 'Condorcet', 'Plurality', 'Approval']",yes,,,0.877497388,3,LOCAL,NO,R,REBECCA KAPLAN,DERRECK B. JOHNSON,REBECCA KAPLAN,REBECCA KAPLAN,,DERRECK B. JOHNSON,DERRECK B. JOHNSON,DERRECK B. JOHNSON,REBECCA KAPLAN
Oakland_11032020_MemberCityCouncilDist1OaklandRCV.csv,[],no,,,0.869124424,3,LOCAL,NO,R,DAN KALB,DAN KALB,DAN KALB,DAN KALB,,DAN KALB,DAN KALB,DAN KALB,DAN KALB
Oakland_11032020_MemberCityCouncilDist3OaklandRCV.csv,[],no,,,0.561540708,6,LOCAL,NO,R,CARROLL FIFE,CARROLL FIFE,CARROLL FIFE,CARROLL FIFE,,CARROLL FIFE,CARROLL FIFE,CARROLL FIFE,CARROLL FIFE
Oakland_11032020_MemberCityCouncilDist5OaklandRCV.csv,"['IRV', 'Condorcet', 'Approval']",yes,,,0.852951115,3,LOCAL,NO,R,NOEL GALLO,RICHARD SANTOS RAYA,NOEL GALLO,NOEL GALLO,,RICHARD SANTOS RAYA,NOEL GALLO,RICHARD SANTOS RAYA,NOEL GALLO
Oakland_11032020_MemberCityCouncilDist7OaklandRCV.csv,['Approval'],yes,,,0.485817589,5,LOCAL,NO,R,TREVA REID,TREVA REID,TREVA REID,TREVA REID,,TREVA REID,TREVA REID,"ROBERT ""BOB"" JACKSON",TREVA REID
Oakland_11032020_SchoolDirectorDist1OaklandRCV.csv,[],no,,,0.936720608,3,LOCAL,NO,B,SAM DAVIS,SAM DAVIS,SAM DAVIS,SAM DAVIS,,SAM DAVIS,SAM DAVIS,SAM DAVIS,SAM DAVIS
Oakland_11032020_SchoolDirectorDist3OaklandRCV.csv,[],no,,,0.565364847,5,LOCAL,NO,B,VANCEDRIC WILLIAMS,VANCEDRIC WILLIAMS,VANCEDRIC WILLIAMS,VANCEDRIC WILLIAMS,,VANCEDRIC WILLIAMS,VANCEDRIC WILLIAMS,VANCEDRIC WILLIAMS,VANCEDRIC WILLIAMS
Oakland_11032020_SchoolDirectorDist5OaklandRCV.csv,[],no,,,0.660214552,4,LOCAL,NO,B,MIKE HUTCHINSON,MIKE HUTCHINSON,MIKE HUTCHINSON,MIKE HUTCHINSON,,MIKE HUTCHINSON,MIKE HUTCHINSON,MIKE HUTCHINSON,MIKE HUTCHINSON
Oakland_11032020_SchoolDirectorDist7OaklandRCV.csv,"['IRV', 'Condorcet', 'Plurality', 'Approval']",yes,,,0.521027148,5,LOCAL,NO,B,CLIFFORD THOMPSON,"BEN ""COACH"" TAPSCOTT",CLIFFORD THOMPSON,CLIFFORD THOMPSON,,"BEN ""COACH"" TAPSCOTT","BEN ""COACH"" TAPSCOTT","BEN ""COACH"" TAPSCOTT",CLIFFORD THOMPSON
Oakland_11042014_CityAuditor.csv,[],no,,,1,2,LOCAL,NO,O,BRENDA ROBERTS,BRENDA ROBERTS,BRENDA ROBERTS,BRENDA ROBERTS,,BRENDA ROBERTS,BRENDA ROBERTS,BRENDA ROBERTS,BRENDA ROBERTS
Oakland_11042014_CityCouncilDistrict2.csv,"['IRV', 'Condorcet', 'Plurality', 'Approval']",yes,,,0.842372881,5,LOCAL,NO,R,ABEL GUILLEN,DANA KING,ABEL GUILLEN,ABEL GUILLEN,,DANA KING,DANA KING,DANA KING,ABEL GUILLEN
Oakland_11042014_CityCouncilDistrict4.csv,[],no,,,0.932486593,3,LOCAL,NO,R,ANNIE CAMPBELL WASHINGTON,ANNIE CAMPBELL WASHINGTON,ANNIE CAMPBELL WASHINGTON,ANNIE CAMPBELL WASHINGTON,,ANNIE CAMPBELL WASHINGTON,ANNIE CAMPBELL WASHINGTON,ANNIE CAMPBELL WASHINGTON,ANNIE CAMPBELL WASHINGTON
Oakland_11042014_CityCouncilDistrict6.csv,['Approval'],no,,,0.884636022,5,LOCAL,NO,R,DESLEY BROOKS,DESLEY BROOKS,DESLEY BROOKS,DESLEY BROOKS,,DESLEY BROOKS,DESLEY BROOKS,SHEREDA F. NOSAKHARE,DESLEY BROOKS
Oakland_11042014_Mayor.csv,[],no,,,0.78096467,16,LOCAL,NO,E,LIBBY SCHAAF,LIBBY SCHAAF,LIBBY SCHAAF,LIBBY SCHAAF,,LIBBY SCHAAF,LIBBY SCHAAF,LIBBY SCHAAF,LIBBY SCHAAF
Oakland_11042014_SchoolDirectorDistrict2.csv,[],no,,,1,2,LOCAL,NO,B,AIMEE ENG,AIMEE ENG,AIMEE ENG,AIMEE ENG,,AIMEE ENG,AIMEE ENG,AIMEE ENG,AIMEE ENG
Oakland_11042014_SchoolDirectorDistrict4.csv,"['IRV', 'Condorcet', 'Plurality', 'Approval']",yes,,,0.854151177,4,LOCAL,NO,B,NINA SENN,KARL DEBRO,NINA SENN,NINA SENN,,KARL DEBRO,KARL DEBRO,KARL DEBRO,NINA SENN
Oakland_11042014_SchoolDirectorDistrict6.csv,[],no,,,1,2,LOCAL,NO,B,SHANTHI GONZALES,SHANTHI GONZALES,SHANTHI GONZALES,SHANTHI GONZALES,,SHANTHI GONZALES,SHANTHI GONZALES,SHANTHI GONZALES,SHANTHI GONZALES
Oakland_11062012_CityAttorney.csv,[],no,,,1,2,LOCAL,NO,O,BARBARA PARKER,BARBARA PARKER,BARBARA PARKER,BARBARA PARKER,,BARBARA PARKER,BARBARA PARKER,BARBARA PARKER,BARBARA PARKER
Oakland_11062012_CityCouncilAtLarge.csv,[],no,,,0.845628983,5,LOCAL,NO,R,REBECCA KAPLAN,REBECCA KAPLAN,REBECCA KAPLAN,REBECCA KAPLAN,,REBECCA KAPLAN,REBECCA KAPLAN,REBECCA KAPLAN,REBECCA KAPLAN
Oakland_11062012_CityCouncilDistrict1.csv,"['IRV', 'Condorcet', 'Approval']",yes,,,0.812390803,7,LOCAL,NO,R,DAN KALB,AMY LEMLEY,DAN KALB,DAN KALB,,AMY LEMLEY,DAN KALB,AMY LEMLEY,DAN KALB
Oakland_11062012_CityCouncilDistrict3.csv,['Plurality'],no,,,0.805534135,6,LOCAL,NO,R,LYNETTE GIBSON-MCELHANEY,LYNETTE GIBSON-MCELHANEY,LYNETTE GIBSON-MCELHANEY,SEAN SULLIVAN,,LYNETTE GIBSON-MCELHANEY,LYNETTE GIBSON-MCELHANEY,LYNETTE GIBSON-MCELHANEY,LYNETTE GIBSON-MCELHANEY
Oakland_11062012_CityCouncilDistrict5.csv,[],no,,,0.890435245,4,LOCAL,NO,R,NOEL GALLO,NOEL GALLO,NOEL GALLO,NOEL GALLO,,NOEL GALLO,NOEL GALLO,NOEL GALLO,NOEL GALLO
Oakland_11062012_CityCouncilDistrict7.csv,[],no,,,0.898140124,3,LOCAL,NO,R,LARRY E. REID,LARRY E. REID,LARRY E. REID,LARRY E. REID,,LARRY E. REID,LARRY E. REID,LARRY E. REID,LARRY E. REID
Oakland_11062012_SchoolDirectorDistrict1.csv,[],no,,,1,2,LOCAL,NO,B,JODY LONDON,JODY LONDON,JODY LONDON,JODY LONDON,,JODY LONDON,JODY LONDON,JODY LONDON,JODY LONDON
Oakland_11062012_SchoolDirectorDistrict3.csv,['Approval'],no,,,0.819783527,3,LOCAL,NO,B,JUMOKE HINTON HODGE,JUMOKE HINTON HODGE,JUMOKE HINTON HODGE,JUMOKE HINTON HODGE,,JUMOKE HINTON HODGE,JUMOKE HINTON HODGE,RICHARD FUENTES,JUMOKE HINTON HODGE
Oakland_11062012_SchoolDirectorDistrict5.csv,[],no,,,1,2,LOCAL,NO,B,ROSIE TORRES,ROSIE TORRES,ROSIE TORRES,ROSIE TORRES,,ROSIE TORRES,ROSIE TORRES,ROSIE TORRES,ROSIE TORRES
Oakland_11062012_SchoolDirectorDistrict7.csv,[],no,,,1,2,LOCAL,NO,B,JAMES HARRIS,JAMES HARRIS,JAMES HARRIS,JAMES HARRIS,,JAMES HARRIS,JAMES HARRIS,JAMES HARRIS,JAMES HARRIS
Oakland_11062018_CityAuditor.csv,[],no,,,1,2,LOCAL,NO,O,COURTNEY RUBY,COURTNEY RUBY,COURTNEY RUBY,COURTNEY RUBY,,COURTNEY RUBY,COURTNEY RUBY,COURTNEY RUBY,COURTNEY RUBY
Oakland_11062018_CityCouncilDistrict2.csv,[],no,,,0.948683772,3,LOCAL,NO,R,NIKKI FORTUNATO BAS,NIKKI FORTUNATO BAS,NIKKI FORTUNATO BAS,NIKKI FORTUNATO BAS,,NIKKI FORTUNATO BAS,NIKKI FORTUNATO BAS,NIKKI FORTUNATO BAS,NIKKI FORTUNATO BAS
Oakland_11062018_CityCouncilDistrict4.csv,"['IRV', 'Condorcet', 'Approval']",no,,,0.804977447,7,LOCAL,NO,R,SHENG THAO,PAM HARRIS,SHENG THAO,SHENG THAO,,PAM HARRIS,SHENG THAO,PAM HARRIS,SHENG THAO
Oakland_11062018_CityCouncilDistrict6.csv,[],no,,,0.841937647,5,LOCAL,NO,R,LOREN TAYLOR,LOREN TAYLOR,LOREN TAYLOR,LOREN TAYLOR,,LOREN TAYLOR,LOREN TAYLOR,LOREN TAYLOR,LOREN TAYLOR
Oakland_11062018_Mayor.csv,[],no,,,0.797998832,10,LOCAL,NO,E,LIBBY SCHAAF,LIBBY SCHAAF,LIBBY SCHAAF,LIBBY SCHAAF,,LIBBY SCHAAF,LIBBY SCHAAF,LIBBY SCHAAF,LIBBY SCHAAF
Oakland_11062018_SchoolDirectorDistrict4.csv,[],no,,,1,2,LOCAL,NO,B,GARY D. YEE,GARY D. YEE,GARY D. YEE,GARY D. YEE,,GARY D. YEE,GARY D. YEE,GARY D. YEE,GARY D. YEE
Oakland_11062018_SchoolDirectorDistrict6.csv,[],no,,,1,2,LOCAL,NO,B,SHANTHI GONZALES,SHANTHI GONZALES,SHANTHI GONZALES,SHANTHI GONZALES,,SHANTHI GONZALES,SHANTHI GONZALES,SHANTHI GONZALES,SHANTHI GONZALES
Oakland_11082016_CityCouncilDistrict1.csv,[],no,,,1,2,LOCAL,NO,R,DAN KALB,DAN KALB,DAN KALB,DAN KALB,,DAN KALB,DAN KALB,DAN KALB,DAN KALB
Oakland_11082016_CityCouncilDistrict3.csv,[],no,,,1,2,LOCAL,NO,R,LYNETTE GIBSON MCELHANEY,LYNETTE GIBSON MCELHANEY,LYNETTE GIBSON MCELHANEY,LYNETTE GIBSON MCELHANEY,,LYNETTE GIBSON MCELHANEY,LYNETTE GIBSON MCELHANEY,NONI D. SESSION,NONI D. SESSION
Oakland_11082016_CityCouncilDistrict5.csv,[],no,,,1,2,LOCAL,NO,R,NOEL GALLO,NOEL GALLO,NOEL GALLO,NOEL GALLO,,NOEL GALLO,NOEL GALLO,NOEL GALLO,NOEL GALLO
Oakland_11082016_CityCouncilDistrict7.csv,[],no,,,0.87876095,3,LOCAL,NO,R,LARRY E. REID,LARRY E. REID,LARRY E. REID,LARRY E. REID,,LARRY E. REID,LARRY E. REID,LARRY E. REID,LARRY E. REID
Oakland_11082016_CouncilAtLrg.csv,[],no,,,0.818718985,5,LOCAL,NO,R,REBECCA KAPLAN,REBECCA KAPLAN,REBECCA KAPLAN,REBECCA KAPLAN,,REBECCA KAPLAN,REBECCA KAPLAN,REBECCA KAPLAN,REBECCA KAPLAN
Oakland_11082016_SchoolDirectorDistrict1.csv,[],no,,,1,2,LOCAL,NO,B,JODY LONDON,JODY LONDON,JODY LONDON,JODY LONDON,,JODY LONDON,JODY LONDON,JODY LONDON,JODY LONDON
Oakland_11082016_SchoolDirectorDistrict3.csv,[],no,,,0.858387313,5,LOCAL,NO,B,JUMOKE HINTON HODGE,JUMOKE HINTON HODGE,JUMOKE HINTON HODGE,JUMOKE HINTON HODGE,,JUMOKE HINTON HODGE,JUMOKE HINTON HODGE,JUMOKE HINTON HODGE,JUMOKE HINTON HODGE
Oakland_11082016_SchoolDirectorDistrict5.csv,['Approval'],no,,,0.907741887,4,LOCAL,NO,B,ROSIE TORRES,ROSIE TORRES,ROSIE TORRES,HUBER TRENADO,,ROSIE TORRES,HUBER TRENADO,HUBER TRENADO,ROSIE TORRES
Oakland_11082016_SchoolDirectorDistrict7.csv,[],no,,,1,2,LOCAL,NO,B,JAMES HARRIS,JAMES HARRIS,JAMES HARRIS,JAMES HARRIS,,JAMES HARRIS,JAMES HARRIS,JAMES HARRIS,JAMES HARRIS
Oakland_11082022_CityCouncilmemberDistrict4.csv,[],no,,,1,2,LOCAL,NO,R,JANANI RAMACHANDRAN,JANANI RAMACHANDRAN,JANANI RAMACHANDRAN,JANANI RAMACHANDRAN,,JANANI RAMACHANDRAN,JANANI RAMACHANDRAN,JANANI RAMACHANDRAN,JANANI RAMACHANDRAN
Oakland_11082022_CityCouncilmemberDistrict6.csv,[],no,,,0.657781077,4,LOCAL,NO,R,KEVIN JENKINS,KEVIN JENKINS,KEVIN JENKINS,KEVIN JENKINS,,KEVIN JENKINS,KEVIN JENKINS,KEVIN JENKINS,KEVIN JENKINS
Oakland_11082022_Mayor.csv,"['IRV', 'Condorcet', 'Approval']",yes,,,0.506844053,10,LOCAL,NO,E,SHENG THAO,LOREN MANUEL TAYLOR,SHENG THAO,LOREN MANUEL TAYLOR,,LOREN MANUEL TAYLOR,LOREN MANUEL TAYLOR,LOREN MANUEL TAYLOR,SHENG THAO
Oakland_11082022_Schoolboarddistrict2.csv,[],no,,,0.962519038,3,LOCAL,NO,B,JENNIFER BROUHARD,JENNIFER BROUHARD,JENNIFER BROUHARD,JENNIFER BROUHARD,,JENNIFER BROUHARD,JENNIFER BROUHARD,JENNIFER BROUHARD,JENNIFER BROUHARD
Oakland_11082022_Schoolboarddistrict4.csv,"['Condorcet', 'Plurality']",no,,,0.861557618,3,LOCAL,NO,B,MIKE HUTCHINSON,MIKE HUTCHINSON,-1,NICK RESNICK,,MIKE HUTCHINSON,MIKE HUTCHINSON,MIKE HUTCHINSON,MIKE HUTCHINSON
Oakland_11082022_Schoolboarddistrict6.csv,[],no,,,0.920192638,3,LOCAL,NO,B,VALARIE BACHELOR,VALARIE BACHELOR,VALARIE BACHELOR,VALARIE BACHELOR,,VALARIE BACHELOR,VALARIE BACHELOR,VALARIE BACHELOR,VALARIE BACHELOR
Payson_11052019_CityCouncil.csv,[],no,,,0.369443407,5,LOCAL,YES,R,DOUG WELTON,DOUG WELTON,DOUG WELTON,DOUG WELTON,,DOUG WELTON,DOUG WELTON,DOUG WELTON,DOUG WELTON
PierceCounty_11032009_CountyAuditor.csv,"['IRV', 'Condorcet', 'Approval']",yes,,,0.885395855,3,LOCAL,YES,O,Julie Anderson,Jan Shabro,Julie Anderson,Julie Anderson,,Jan Shabro,Julie Anderson,Jan Shabro,Julie Anderson
PierceCounty_11042008_CountyAssessorTreasurer.csv,"['IRV', 'Condorcet', 'Approval']",no,,,0.823078863,6,LOCAL,YES,O,Dale Washam,Barbara Gelman,Dale Washam,Dale Washam,,Jan Shabro,Dale Washam,Jan Shabro,Dale Washam
PierceCounty_11042008_CountyCouncilDistrict2.csv,"['IRV', 'Condorcet', 'Approval']",yes,,,0.892077152,3,LOCAL,YES,R,Joyce McDonald,Al Rose,Joyce McDonald,Joyce McDonald,,Al Rose,Joyce McDonald,Al Rose,Joyce McDonald
PierceCounty_11042008_CountyExecutiveMember.csv,[],no,,,0.885866931,4,LOCAL,YES,E,Pat McCarthy,Pat McCarthy,Pat McCarthy,Shawn Bunney,,Pat McCarthy,Shawn Bunney,Pat McCarthy,Pat McCarthy
Portland_06082021_charter_commission_at_large.csv,"['IRV', 'Condorcet', 'Plurality', 'Approval']",yes,,,0.362828835,11,LOCAL,NO,B,"Chann, Marpheen S.","DiMillo, Steven A.","Chann, Marpheen S.","Sheikh-Yousef, Nasreen A.",,"DiMillo, Steven A.","DiMillo, Steven A.","DiMillo, Steven A.","Sheikh-Yousef, Nasreen A."
Portland_06142022_SchoolboardAL.csv,[],no,,,0.548079083,29,LOCAL,NO,B,"Lentz, Sarah M.","Lentz, Sarah M.","Lentz, Sarah M.","Lentz, Sarah M.",,"Lentz, Sarah M.","Lentz, Sarah M.","Grant, Benjamin K.","Grant, Benjamin K."
Portland_06142022_SchoolboardAL-1.csv,[],no,,,0.701381867,7,LOCAL,NO,B,"Lentz, Sarah M.","Lentz, Sarah M.","Lentz, Sarah M.","Lentz, Sarah M.",,"Lentz, Sarah M.","Lentz, Sarah M.","Grant, Benjamin K.","Grant, Benjamin K."
Portland_06142022_Schoolboarddistrict5.csv,[],no,,,0.834358974,14,LOCAL,NO,B,"Brydon, Sarah M.","Brydon, Sarah M.","Brydon, Sarah M.","Brydon, Sarah M.",,"Brydon, Sarah M.","Brydon, Sarah M.","Brydon, Sarah M.","Brydon, Sarah M."
Portland_06142022_Schoolboarddistrict5-1.csv,[],no,,,0.837006663,6,LOCAL,NO,B,"Brydon, Sarah M.","Brydon, Sarah M.","Brydon, Sarah M.","Brydon, Sarah M.",,"Brydon, Sarah M.","Brydon, Sarah M.","Brydon, Sarah M.","Brydon, Sarah M."
Portland_11082022_SchoolBoardDistrict3.csv,[],no,,,0.948528229,3,LOCAL,NO,B,"Opperman, Julianne R.","Opperman, Julianne R.","Opperman, Julianne R.","Opperman, Julianne R.",,"Opperman, Julianne R.","Opperman, Julianne R.","Opperman, Julianne R.","Opperman, Julianne R."
SanFrancisco_06052018_BoardofSupervisorsDistrict8.csv,[],no,,,0.945364388,3,LOCAL,NO,B,RAFAEL MANDELMAN,RAFAEL MANDELMAN,RAFAEL MANDELMAN,RAFAEL MANDELMAN,,RAFAEL MANDELMAN,RAFAEL MANDELMAN,RAFAEL MANDELMAN,RAFAEL MANDELMAN
SanFrancisco_06052018_Mayor.csv,"['IRV', 'Condorcet', 'Approval']",no,,,0.80451714,8,LOCAL,NO,E,LONDON BREED,JANE KIM,LONDON BREED,LONDON BREED,,JANE KIM,LONDON BREED,JANE KIM,MARK LENO
SanFrancisco_11022004_BoardofSupervisorsDistrict11.csv,[],no,,,0.774637556,8,LOCAL,NO,B,Gerardo Sandoval,Gerardo Sandoval,Gerardo Sandoval,Gerardo Sandoval,,Gerardo Sandoval,Gerardo Sandoval,Gerardo Sandoval,Gerardo Sandoval
SanFrancisco_11022004_BoardofSupervisorsDistrict2.csv,[],no,,,0.803264904,5,LOCAL,NO,B,Michela Alioto-pier,Michela Alioto-pier,Michela Alioto-pier,Michela Alioto-pier,,Michela Alioto-pier,Michela Alioto-pier,Michela Alioto-pier,Michela Alioto-pier
SanFrancisco_11022004_BoardofSupervisorsDistrict3.csv,[],no,,,0.836286431,4,LOCAL,NO,B,Arron Peskin,Arron Peskin,Arron Peskin,Arron Peskin,,Arron Peskin,Arron Peskin,Arron Peskin,Arron Peskin
SanFrancisco_11022004_BoardofSupervisorsDistrict5.csv,[],no,,,0.76578655,22,LOCAL,NO,B,Ross Mirkarimi,Ross Mirkarimi,Ross Mirkarimi,Ross Mirkarimi,,Ross Mirkarimi,Ross Mirkarimi,Ross Mirkarimi,Ross Mirkarimi
SanFrancisco_11022004_BoardofSupervisorsDistrict7.csv,[],no,,,0.787129808,13,LOCAL,NO,B,Sean R. Elsbernd,Sean R. Elsbernd,Sean R. Elsbernd,Sean R. Elsbernd,,Sean R. Elsbernd,Sean R. Elsbernd,Sean R. Elsbernd,Sean R. Elsbernd
SanFrancisco_11022004_BoardofSupervisorsDistrict9.csv,[],no,,,0.82237239,6,LOCAL,NO,B,Tom Ammiano,Tom Ammiano,Tom Ammiano,Tom Ammiano,,Tom Ammiano,Tom Ammiano,Tom Ammiano,Tom Ammiano
SanFrancisco_11022010_BoardofSupervisorsDistrict10.csv,['Plurality'],no,,,0.798121805,21,LOCAL,NO,B,MALIA COHEN,MALIA COHEN,MALIA COHEN,LYNETTE SWEET,,MALIA COHEN,MARLENE TRAN,MALIA COHEN,MALIA COHEN
SanFrancisco_11022010_BoardofSupervisorsDistrict2.csv,"['IRV', 'Condorcet', 'Approval']",yes,,,0.864945506,6,LOCAL,NO,B,MARK FARRELL,JANET REILLY,MARK FARRELL,JANET REILLY,,JANET REILLY,JANET REILLY,JANET REILLY,MARK FARRELL
SanFrancisco_11022010_BoardofSupervisorsDistrict6.csv,[],no,,,0.846534653,14,LOCAL,NO,B,JANE KIM,JANE KIM,JANE KIM,JANE KIM,,JANE KIM,JANE KIM,JANE KIM,JANE KIM
SanFrancisco_11022010_BoardofSupervisorsDistrict8.csv,[],no,,,0.855721108,4,LOCAL,NO,B,SCOTT WIENER,SCOTT WIENER,SCOTT WIENER,SCOTT WIENER,,SCOTT WIENER,SCOTT WIENER,SCOTT WIENER,SCOTT WIENER
SanFrancisco_11032015_BoardofSupervisorsDistrict3.csv,[],no,,,0.875658525,3,LOCAL,NO,B,AARON PESKIN,AARON PESKIN,AARON PESKIN,AARON PESKIN,,AARON PESKIN,AARON PESKIN,AARON PESKIN,AARON PESKIN
SanFrancisco_11032015_Mayor.csv,[],no,,,0.845835636,6,LOCAL,NO,E,ED LEE,ED LEE,ED LEE,ED LEE,,ED LEE,ED LEE,ED LEE,ED LEE
SanFrancisco_11032015_Sheriff.csv,[],no,,,0.963703062,3,LOCAL,NO,O,VICKI HENNESSY,VICKI HENNESSY,VICKI HENNESSY,VICKI HENNESSY,,VICKI HENNESSY,VICKI HENNESSY,VICKI HENNESSY,VICKI HENNESSY
SanFrancisco_11032020_BOARDOFSUPERVISORSDISTRICT1.csv,['Approval'],no,,,0.513349582,7,LOCAL,NO,B,CONNIE CHAN,CONNIE CHAN,CONNIE CHAN,CONNIE CHAN,,CONNIE CHAN,CONNIE CHAN,CONNIE CHAN,MARJAN PHILHOUR
SanFrancisco_11032020_BOARDOFSUPERVISORSDISTRICT11.csv,[],no,,,0.884610485,4,LOCAL,NO,B,AHSHA SAFAI,AHSHA SAFAI,AHSHA SAFAI,AHSHA SAFAI,,AHSHA SAFAI,AHSHA SAFAI,AHSHA SAFAI,AHSHA SAFAI
SanFrancisco_11032020_BOARDOFSUPERVISORSDISTRICT3.csv,[],no,,,0.695522904,4,LOCAL,NO,B,AARON PESKIN,AARON PESKIN,AARON PESKIN,AARON PESKIN,,AARON PESKIN,AARON PESKIN,AARON PESKIN,AARON PESKIN
SanFrancisco_11032020_BOARDOFSUPERVISORSDISTRICT5.csv,[],no,,,0.610632802,4,LOCAL,NO,B,DEAN PRESTON,DEAN PRESTON,DEAN PRESTON,DEAN PRESTON,,DEAN PRESTON,DEAN PRESTON,DEAN PRESTON,DEAN PRESTON
SanFrancisco_11032020_BOARDOFSUPERVISORSDISTRICT7.csv,['IRV'],yes,,,0.481051857,7,LOCAL,NO,B,MYRNA MELGAR,JOEL ENGARDIO,MYRNA MELGAR,JOEL ENGARDIO,,MYRNA MELGAR,JOEL ENGARDIO,MYRNA MELGAR,MYRNA MELGAR
SanFrancisco_11032020_BOARDOFSUPERVISORSDISTRICT9.csv,[],no,,,1,2,LOCAL,NO,B,HILLARY RONEN,HILLARY RONEN,HILLARY RONEN,HILLARY RONEN,,HILLARY RONEN,HILLARY RONEN,HILLARY RONEN,HILLARY RONEN
SanFrancisco_11042008_BoardofSupervisorsDistrict1.csv,"['IRV', 'Condorcet']",no,,,0.813193674,9,LOCAL,NO,B,ERIC MAR,SUE LEE,ERIC MAR,ERIC MAR,,SUE LEE,ERIC MAR,SUE LEE,SUE LEE
SanFrancisco_11042008_BoardofSupervisorsDistrict11.csv,"['IRV', 'Condorcet', 'Approval']",yes,,,0.780041881,9,LOCAL,NO,B,JOHN AVALOS,AHSHA SAFAI,JOHN AVALOS,JOHN AVALOS,,AHSHA SAFAI,JOHN AVALOS,AHSHA SAFAI,JOHN AVALOS
SanFrancisco_11042008_BoardofSupervisorsDistrict3.csv,[],no,,,0.811351153,9,LOCAL,NO,B,DAVID CHIU,DAVID CHIU,DAVID CHIU,DAVID CHIU,,DAVID CHIU,DAVID CHIU,DAVID CHIU,DAVID CHIU
SanFrancisco_11042008_BoardofSupervisorsDistrict4.csv,['Approval'],no,,,0.855352108,3,LOCAL,NO,B,CARMEN CHU,CARMEN CHU,CARMEN CHU,CARMEN CHU,,CARMEN CHU,CARMEN CHU,RON DUDUM,CARMEN CHU
SanFrancisco_11042008_BoardofSupervisorsDistrict5.csv,[],no,,,0.854050867,3,LOCAL,NO,B,ROSS MIRKARIMI,ROSS MIRKARIMI,ROSS MIRKARIMI,ROSS MIRKARIMI,,ROSS MIRKARIMI,ROSS MIRKARIMI,ROSS MIRKARIMI,ROSS MIRKARIMI
SanFrancisco_11042008_BoardofSupervisorsDistrict7.csv,[],no,,,0.911954141,3,LOCAL,NO,B,SEAN R. ELSBERND,SEAN R. ELSBERND,SEAN R. ELSBERND,SEAN R. ELSBERND,,SEAN R. ELSBERND,SEAN R. ELSBERND,SEAN R. ELSBERND,SEAN R. ELSBERND
SanFrancisco_11042008_BoardofSupervisorsDistrict9.csv,[],no,,,0.806884371,7,LOCAL,NO,B,DAVID CAMPOS,DAVID CAMPOS,DAVID CAMPOS,DAVID CAMPOS,,DAVID CAMPOS,DAVID CAMPOS,DAVID CAMPOS,DAVID CAMPOS
SanFrancisco_11042014_BoardofSupervisorsDistrict10.csv,[],no,,,0.891421172,5,LOCAL,NO,B,MALIA COHEN,MALIA COHEN,MALIA COHEN,MALIA COHEN,,MALIA COHEN,MALIA COHEN,MALIA COHEN,MALIA COHEN
SanFrancisco_11052004_BoardofSupervisorsDistrict1.csv,[],no,,,0.816965992,7,LOCAL,NO,B,Jake McGoldrick,Jake McGoldrick,Jake McGoldrick,Jake McGoldrick,,Jake McGoldrick,Jake McGoldrick,Jake McGoldrick,Jake McGoldrick
SanFrancisco_11052019_DistrictAttorney.csv,"['IRV', 'Condorcet']",yes,,,0.751598646,4,LOCAL,NO,O,CHESA BOUDIN,SUZY LOFTUS,CHESA BOUDIN,CHESA BOUDIN,,SUZY LOFTUS,CHESA BOUDIN,SUZY LOFTUS,SUZY LOFTUS
SanFrancisco_11052019_Mayor.csv,[],no,,,0.721709309,7,LOCAL,NO,E,LONDON N. BREED,LONDON N. BREED,LONDON N. BREED,LONDON N. BREED,,LONDON N. BREED,LONDON N. BREED,LONDON N. BREED,LONDON N. BREED
SanFrancisco_11052019_MemberBoardofSupervisorsDistrict5.csv,"['IRV', 'Condorcet', 'Plurality', 'Approval']",yes,,,0.839895345,4,LOCAL,NO,B,DEAN PRESTON,VALLIE BROWN,DEAN PRESTON,DEAN PRESTON,,VALLIE BROWN,VALLIE BROWN,VALLIE BROWN,DEAN PRESTON
SanFrancisco_11062007_Mayor.csv,[],no,,,0.899669018,12,LOCAL,NO,E,Gavin Newsom,Gavin Newsom,Gavin Newsom,Gavin Newsom,,Gavin Newsom,Gavin Newsom,Gavin Newsom,Gavin Newsom
SanFrancisco_11062012_BoardofSupervisorsDistrict5.csv,[],no,,,0.792349572,8,LOCAL,NO,B,LONDON BREED,LONDON BREED,LONDON BREED,LONDON BREED,,LONDON BREED,LONDON BREED,LONDON BREED,LONDON BREED
SanFrancisco_11062012_BoardofSupervisorsDistrict7.csv,[],no,,,0.772956834,9,LOCAL,NO,B,NORMAN YEE,NORMAN YEE,NORMAN YEE,NORMAN YEE,,NORMAN YEE,NORMAN YEE,NORMAN YEE,NORMAN YEE
SanFrancisco_11062018_AssessorRecorder.csv,[],no,,,1,2,LOCAL,NO,O,CARMEN CHU,CARMEN CHU,CARMEN CHU,CARMEN CHU,,CARMEN CHU,CARMEN CHU,CARMEN CHU,CARMEN CHU
SanFrancisco_11062018_BoardofSupervisorsDistrict10.csv,[],no,,,0.845373237,6,LOCAL,NO,B,SHAMANN WALTON,SHAMANN WALTON,SHAMANN WALTON,SHAMANN WALTON,,SHAMANN WALTON,SHAMANN WALTON,SHAMANN WALTON,SHAMANN WALTON
SanFrancisco_11062018_BoardofSupervisorsDistrict2.csv,[],no,,,0.856674208,4,LOCAL,NO,B,CATHERINE STEFANI,CATHERINE STEFANI,CATHERINE STEFANI,CATHERINE STEFANI,,CATHERINE STEFANI,CATHERINE STEFANI,CATHERINE STEFANI,CATHERINE STEFANI
SanFrancisco_11062018_BoardofSupervisorsDistrict4.csv,[],no,,,0.820621667,8,LOCAL,NO,B,GORDON MAR,GORDON MAR,GORDON MAR,GORDON MAR,,GORDON MAR,GORDON MAR,GORDON MAR,GORDON MAR
SanFrancisco_11062018_BoardofSupervisorsDistrict6.csv,['Approval'],no,,,0.828877849,3,LOCAL,NO,B,MATT HANEY,MATT HANEY,MATT HANEY,MATT HANEY,,MATT HANEY,MATT HANEY,CHRISTINE JOHNSON,MATT HANEY
SanFrancisco_11062018_BoardofSupervisorsDistrict8.csv,[],no,,,1,2,LOCAL,NO,B,RAFAEL MANDELMAN,RAFAEL MANDELMAN,RAFAEL MANDELMAN,RAFAEL MANDELMAN,,RAFAEL MANDELMAN,RAFAEL MANDELMAN,RAFAEL MANDELMAN,RAFAEL MANDELMAN
SanFrancisco_11072006_BoardofSupervisorsDistrict10.csv,[],no,,,0.85826002,7,LOCAL,NO,B,Sophie Maxwell,Sophie Maxwell,Sophie Maxwell,Sophie Maxwell,,Sophie Maxwell,Sophie Maxwell,Sophie Maxwell,Sophie Maxwell
SanFrancisco_11072006_BoardofSupervisorsDistrict2.csv,[],no,,,1,2,LOCAL,NO,B,Michela Alioto-pier,Michela Alioto-pier,Michela Alioto-pier,Michela Alioto-pier,,Michela Alioto-pier,Michela Alioto-pier,Michela Alioto-pier,Michela Alioto-pier
SanFrancisco_11072006_BoardofSupervisorsDistrict4.csv,[],no,,,0.856955381,6,LOCAL,NO,B,Ed Jew,Ed Jew,Ed Jew,Ed Jew,,Ed Jew,Ed Jew,Ed Jew,Ed Jew
SanFrancisco_11072006_BoardofSupervisorsDistrict6.csv,[],no,,,0.880441447,8,LOCAL,NO,B,Chris Daly,Chris Daly,Chris Daly,Chris Daly,,Chris Daly,Chris Daly,Chris Daly,Chris Daly
SanFrancisco_11072006_BoardofSupervisorsDistrict8.csv,[],no,,,0.94961057,3,LOCAL,NO,B,Bevan Dufty,Bevan Dufty,Bevan Dufty,Bevan Dufty,,Bevan Dufty,Bevan Dufty,Bevan Dufty,Bevan Dufty
SanFrancisco_11082005_AssessorRecorder.csv,[],no,,,0.752118219,4,LOCAL,NO,O,Phil Ting,Phil Ting,Phil Ting,Phil Ting,,Phil Ting,Phil Ting,Phil Ting,Phil Ting
SanFrancisco_11082005_Treasurer.csv,[],no,,,0.923446521,4,LOCAL,NO,O,Jose Cisneros,Jose Cisneros,Jose Cisneros,Jose Cisneros,,Jose Cisneros,Jose Cisneros,Jose Cisneros,Jose Cisneros
SanFrancisco_11082011_DistrictAttorney.csv,['Approval'],no,,,0.840521439,5,LOCAL,NO,O,GEORGE GASCÓN,GEORGE GASCÓN,GEORGE GASCÓN,GEORGE GASCÓN,,GEORGE GASCÓN,GEORGE GASCÓN,SHARMIN BOCK,GEORGE GASCÓN
SanFrancisco_11082011_Mayor.csv,[],no,,,0.767766087,16,LOCAL,NO,E,ED LEE,ED LEE,ED LEE,ED LEE,,ED LEE,ED LEE,ED LEE,ED LEE
SanFrancisco_11082011_Sheriff.csv,"['IRV', 'Condorcet', 'Approval']",yes,,,0.884160769,4,LOCAL,NO,O,ROSS MIRKARIMI,CHRIS CUNNIE,ROSS MIRKARIMI,ROSS MIRKARIMI,,CHRIS CUNNIE,ROSS MIRKARIMI,CHRIS CUNNIE,ROSS MIRKARIMI
SanFrancisco_11082016_BoardofSupervisorsDistrict1.csv,"['IRV', 'Condorcet', 'Approval']",no,,,0.826218265,10,LOCAL,NO,B,SANDRA LEE FEWER,MARJAN PHILHOUR,SANDRA LEE FEWER,SANDRA LEE FEWER,,MARJAN PHILHOUR,SANDRA LEE FEWER,MARJAN PHILHOUR,SANDRA LEE FEWER
SanFrancisco_11082016_BoardofSupervisorsDistrict11.csv,"['IRV', 'Condorcet']",yes,,,0.814134276,5,LOCAL,NO,B,AHSHA SAFAI,KIM ALVARENGA,AHSHA SAFAI,AHSHA SAFAI,,KIM ALVARENGA,AHSHA SAFAI,KIM ALVARENGA,KIM ALVARENGA
SanFrancisco_11082016_BoardofSupervisorsDistrict3.csv,[],no,,,1,2,LOCAL,NO,B,AARON PESKIN,AARON PESKIN,AARON PESKIN,AARON PESKIN,,AARON PESKIN,AARON PESKIN,AARON PESKIN,AARON PESKIN
SanFrancisco_11082016_BoardofSupervisorsDistrict5.csv,[],no,,,1,2,LOCAL,NO,B,LONDON BREED,LONDON BREED,LONDON BREED,LONDON BREED,,LONDON BREED,LONDON BREED,LONDON BREED,LONDON BREED
SanFrancisco_11082016_BoardofSupervisorsDistrict7.csv,[],no,,,0.832781691,5,LOCAL,NO,B,NORMAN YEE,NORMAN YEE,NORMAN YEE,NORMAN YEE,,NORMAN YEE,NORMAN YEE,NORMAN YEE,NORMAN YEE
SanFrancisco_11082016_BoardofSupervisorsDistrict9.csv,[],no,,,0.918404832,4,LOCAL,NO,B,HILLARY RONEN,HILLARY RONEN,HILLARY RONEN,HILLARY RONEN,,HILLARY RONEN,HILLARY RONEN,HILLARY RONEN,HILLARY RONEN
SanFrancisco_11082022_BoardofSupervisorsD10.csv,[],no,,,1,2,LOCAL,NO,B,SHAMANN WALTON,SHAMANN WALTON,SHAMANN WALTON,SHAMANN WALTON,,SHAMANN WALTON,SHAMANN WALTON,SHAMANN WALTON,SHAMANN WALTON
SanFrancisco_11082022_BoardofSupervisorsD4.csv,[],no,,,1,2,LOCAL,NO,B,JOEL ENGARDIO,JOEL ENGARDIO,JOEL ENGARDIO,JOEL ENGARDIO,,JOEL ENGARDIO,JOEL ENGARDIO,JOEL ENGARDIO,JOEL ENGARDIO
SanFrancisco_11082022_BoardofSupervisorsD6.csv,[],no,,,0.738261616,4,LOCAL,NO,B,MATT DORSEY,MATT DORSEY,MATT DORSEY,MATT DORSEY,,MATT DORSEY,MATT DORSEY,MATT DORSEY,MATT DORSEY
SanFrancisco_11082022_BoardofSupervisorsD8.csv,[],no,,,1,2,LOCAL,NO,B,RAFAEL MANDELMAN,RAFAEL MANDELMAN,RAFAEL MANDELMAN,RAFAEL MANDELMAN,,RAFAEL MANDELMAN,RAFAEL MANDELMAN,RAFAEL MANDELMAN,RAFAEL MANDELMAN
SanFrancisco_11082022_DistrictAttorney.csv,"['IRV', 'Condorcet']",yes,,,0.774814531,4,LOCAL,NO,O,BROOKE JENKINS,JOHN HAMASAKI,BROOKE JENKINS,BROOKE JENKINS,,JOHN HAMASAKI,BROOKE JENKINS,BROOKE JENKINS,BROOKE JENKINS
SanFrancisco_11082022_PublicDefender.csv,[],no,,,1,2,LOCAL,NO,O,MANO RAJU,MANO RAJU,MANO RAJU,MANO RAJU,,MANO RAJU,MANO RAJU,MANO RAJU,MANO RAJU
SanLeandro_11022010_CountyCouncilDistrict1.csv,[],no,,,0.998596421,3,LOCAL,NO,R,MICHAEL J. GREGORY,MICHAEL J. GREGORY,MICHAEL J. GREGORY,MICHAEL J. GREGORY,,MICHAEL J. GREGORY,MICHAEL J. GREGORY,MICHAEL J. GREGORY,MICHAEL J. GREGORY
SanLeandro_11022010_CountyCouncilDistrict5.csv,[],no,,,1,2,LOCAL,NO,R,PAULINE RUSSO CUTTER,PAULINE RUSSO CUTTER,PAULINE RUSSO CUTTER,PAULINE RUSSO CUTTER,,PAULINE RUSSO CUTTER,PAULINE RUSSO CUTTER,PAULINE RUSSO CUTTER,PAULINE RUSSO CUTTER
SanLeandro_11022010_Mayor.csv,"['IRV', 'Condorcet', 'Approval']",yes,,,0.746593035,6,LOCAL,NO,E,STEPHEN H. CASSIDY,ANTHONY B. ''TONY'' SANTOS,STEPHEN H. CASSIDY,ANTHONY B. ''TONY'' SANTOS,,JOYCE RUTLEDGE STAROSCIAK,ANTHONY B. ''TONY'' SANTOS,JOYCE RUTLEDGE STAROSCIAK,STEPHEN H. CASSIDY
SanLeandro_11032020_MemberCityCouncilDist2SanLeandroRCV.csv,[],no,,,1,2,LOCAL,NO,R,BRYAN AZEVEDO,BRYAN AZEVEDO,BRYAN AZEVEDO,BRYAN AZEVEDO,,BRYAN AZEVEDO,BRYAN AZEVEDO,BRYAN AZEVEDO,BRYAN AZEVEDO
SanLeandro_11032020_MemberCityCouncilDist4SanLeandroRCV.csv,[],no,,,1,2,LOCAL,NO,R,FRED SIMON,FRED SIMON,FRED SIMON,FRED SIMON,,FRED SIMON,FRED SIMON,FRED SIMON,FRED SIMON
SanLeandro_11042014_CountyCouncilDistrict1.csv,[],no,,,0.853869489,4,LOCAL,NO,R,DEBORAH COX,DEBORAH COX,DEBORAH COX,DEBORAH COX,,DEBORAH COX,DEBORAH COX,DEBORAH COX,DEBORAH COX
SanLeandro_11042014_CountyCouncilDistrict3.csv,['Approval'],no,,,0.909455749,3,LOCAL,NO,R,LEE THOMAS,LEE THOMAS,LEE THOMAS,LEE THOMAS,,LEE THOMAS,LEE THOMAS,VICTOR AGUILAR,LEE THOMAS
SanLeandro_11042014_CountyCouncilDistrict5.csv,['Approval'],no,,,0.804612559,3,LOCAL,NO,R,CORINA LOPEZ,CORINA LOPEZ,CORINA LOPEZ,CORINA LOPEZ,,CORINA LOPEZ,CORINA LOPEZ,MIA OUSLEY,CORINA LOPEZ
SanLeandro_11042014_Mayor.csv,[],no,,,0.925437515,4,LOCAL,NO,E,PAULINE RUSSO CUTTER,PAULINE RUSSO CUTTER,PAULINE RUSSO CUTTER,PAULINE RUSSO CUTTER,,PAULINE RUSSO CUTTER,PAULINE RUSSO CUTTER,PAULINE RUSSO CUTTER,PAULINE RUSSO CUTTER
SanLeandro_11062012_CountyCouncilDistrict2.csv,"['IRV', 'Condorcet', 'Plurality']",yes,,,0.902782712,3,LOCAL,NO,R,URSULA REED,MORGAN MACK-ROSE,URSULA REED,URSULA REED,,MORGAN MACK-ROSE,MORGAN MACK-ROSE,MORGAN MACK-ROSE,MORGAN MACK-ROSE
SanLeandro_11062012_CountyCouncilDistrict4.csv,[],no,,,0.769872488,4,LOCAL,NO,R,BENNY LEE,BENNY LEE,BENNY LEE,BENNY LEE,,BENNY LEE,BENNY LEE,BENNY LEE,BENNY LEE
SanLeandro_11062012_CountyCouncilDistrict6.csv,[],no,,,1,2,LOCAL,NO,R,JIM PROLA,JIM PROLA,JIM PROLA,JIM PROLA,,JIM PROLA,JIM PROLA,JIM PROLA,JIM PROLA
SanLeandro_11062018_CountyCouncilDistrict1.csv,[],no,,,0.762612468,3,LOCAL,NO,R,DEBORAH COX,DEBORAH COX,DEBORAH COX,DEBORAH COX,,DEBORAH COX,DEBORAH COX,DEBORAH COX,DEBORAH COX
SanLeandro_11062018_CountyCouncilDistrict3.csv,[],no,,,1,2,LOCAL,NO,R,"VICTOR AGUILAR, JR.","VICTOR AGUILAR, JR.","VICTOR AGUILAR, JR.","VICTOR AGUILAR, JR.",,"VICTOR AGUILAR, JR.","VICTOR AGUILAR, JR.",LEE THOMAS,LEE THOMAS
SanLeandro_11062018_CountyCouncilDistrict5.csv,[],no,,,1,2,LOCAL,NO,R,CORINA N. LOPEZ,CORINA N. LOPEZ,CORINA N. LOPEZ,CORINA N. LOPEZ,,CORINA N. LOPEZ,CORINA N. LOPEZ,CORINA N. LOPEZ,CORINA N. LOPEZ
SanLeandro_11062018_Mayor.csv,[],no,,,0.895748714,4,LOCAL,NO,E,PAULINE RUSSO CUTTER,PAULINE RUSSO CUTTER,PAULINE RUSSO CUTTER,PAULINE RUSSO CUTTER,,PAULINE RUSSO CUTTER,PAULINE RUSSO CUTTER,PAULINE RUSSO CUTTER,PAULINE RUSSO CUTTER
SanLeandro_11082016_CountyCouncilDistrict2.csv,[],no,,,1,2,LOCAL,NO,R,ED HERNANDEZ,ED HERNANDEZ,ED HERNANDEZ,ED HERNANDEZ,,ED HERNANDEZ,ED HERNANDEZ,ED HERNANDEZ,ED HERNANDEZ
SantaFe_03062018_CityCouncilDistrict2.csv,['Approval'],no,,,0.862895494,3,LOCAL,NO,R,Carol Romero-Wirth,Carol Romero-Wirth,Carol Romero-Wirth,Carol Romero-Wirth,,Carol Romero-Wirth,Carol Romero-Wirth,Nate Downey,Carol Romero-Wirth
SantaFe_03062018_CityCouncilDistrict4.csv,"['IRV', 'Condorcet', 'Approval']",yes,,,0.713032837,3,LOCAL,NO,R,JoAnne Vigil Coppler,Eric John Holmes,JoAnne Vigil Coppler,JoAnne Vigil Coppler,,Eric John Holmes,JoAnne Vigil Coppler,Eric John Holmes,JoAnne Vigil Coppler
SantaFe_03062018_Mayor.csv,[],no,,,0.423963134,5,LOCAL,NO,E,Alan Webber,Alan Webber,Alan Webber,Alan Webber,,Alan Webber,Alan Webber,Alan Webber,Alan Webber
Springville_11022021_CityCouncil2yr.csv,[],no,,,0.890834021,3,LOCAL,NO,R,CHRIS SORENSEN,CHRIS SORENSEN,CHRIS SORENSEN,CHRIS SORENSEN,,CHRIS SORENSEN,CHRIS SORENSEN,CHRIS SORENSEN,CHRIS SORENSEN
Springville_11022021_Mayor.csv,[],no,,,0.723856209,3,LOCAL,NO,E,MATT PACKARD,MATT PACKARD,MATT PACKARD,MATT PACKARD,,MATT PACKARD,MATT PACKARD,MATT PACKARD,MATT PACKARD
StLouisPark_11022021_CityCouncilWard2.csv,[],no,,,1,2,LOCAL,NO,R,Lynette Lungay Dumalag,Lynette Lungay Dumalag,Lynette Lungay Dumalag,Lynette Lungay Dumalag,,Lynette Lungay Dumalag,Lynette Lungay Dumalag,Lynette Lungay Dumalag,Lynette Lungay Dumalag
StLouisPark_11022021_CityCouncilWard3.csv,[],no,,,0.912005966,3,LOCAL,NO,R,Sue Budd,Sue Budd,Sue Budd,Sue Budd,,Sue Budd,Sue Budd,Sue Budd,Sue Budd
TakomaPark_11082022_CityCouncilWard1.csv,[],no,,,0.827078734,3,LOCAL,NO,R,Shana Fulcher,Shana Fulcher,Shana Fulcher,Shana Fulcher,,Shana Fulcher,Shana Fulcher,Shana Fulcher,Shana Fulcher
TakomaPark_11082022_CityCouncilWard3.csv,['Approval'],no,,,0.771865889,5,LOCAL,NO,R,Randy Gibson,Randy Gibson,Randy Gibson,Randy Gibson,,Randy Gibson,Randy Gibson,Alex Hadden,Randy Gibson
TakomaPark_11082022_CityCouncilWard5.csv,['Approval'],no,,,0.856262834,3,LOCAL,NO,R,Cara Honzak,Cara Honzak,Cara Honzak,Cara Honzak,,Cara Honzak,Cara Honzak,A. J. Campbell,Cara Honzak
TakomaPark_11082022_CityCouncilWard6.csv,"['IRV', 'Condorcet']",yes,,,0.673846154,7,LOCAL,NO,R,Jason Small,Mike Moore,Jason Small,Jason Small,,Mike Moore,Jason Small,Mike Moore,Mike Moore
TakomaPark_11082022_Mayor.csv,[],no,,,0.714811569,6,LOCAL,NO,E,Talisha Searcy,Talisha Searcy,Talisha Searcy,Talisha Searcy,,Talisha Searcy,Talisha Searcy,Talisha Searcy,Talisha Searcy
Vineyard_11022021_Mayor.csv,[],no,,,0.800910865,3,LOCAL,NO,E,JULIE FULLMER,JULIE FULLMER,JULIE FULLMER,JULIE FULLMER,,JULIE FULLMER,JULIE FULLMER,JULIE FULLMER,JULIE FULLMER
Vineyard_11052019_CityCouncil.csv,"['IRV', 'Condorcet', 'Plurality', 'Approval']",no,,,0.237832874,7,LOCAL,NO,R,CRISTY WELSH,G. TYCE FLAKE,CRISTY WELSH,CRISTY WELSH,,G. TYCE FLAKE,G. TYCE FLAKE,G. TYCE FLAKE,CRISTY WELSH
WoodlandHills_11022021_Mayor.csv,"['IRV', 'Condorcet', 'Approval']",yes,,,0.86259542,3,LOCAL,NO,E,BRENT WINDER,BENJAMIN J HILLYARD,BRENT WINDER,BRENT WINDER,,BENJAMIN J HILLYARD,BRENT WINDER,BENJAMIN J HILLYARD,BRENT WINDER
Wyoming_04172020_PRESIDENTOFTHEUNITEDSTATES.csv,[],no,,,0.733346319,9,FEDERAL,,E,Joseph R. Biden,Joseph R. Biden,Joseph R. Biden,Joseph R. Biden,,Joseph R. Biden,Joseph R. Biden,Joseph R. Biden,Joseph R. Biden
