,filename,diff,linear voters failure,gamma_ignored,gamma_n_init,gamma,#candidates,level,partisan,type,IRV1,IRV2,Condorcet1,Plurality1,Approval1IRV2,Condorcet2,Plurality2,Approval2,Approval1
0,Alaska_04102020_PRESIDENTOFTHEUNITEDSTATES.csv,[],no,,,0.670398136,8,FEDERAL,DP,E,Joseph R. Biden,Joseph R. Biden,Joseph R. Biden,Joseph R. Biden,,Joseph R. Biden,Joseph R. Biden,Joseph R. Biden,Joseph R. Biden
1,Alaska_08162022_HouseofRepresentativesSpecial.csv,[],no,,,0.96684176,3,FEDERAL,YES,R,"Peltola, Mary S.","Peltola, Mary S.","Begich, Nick","Peltola, Mary S.",,"Begich, Nick","Peltola, Mary S.","Begich, Nick","Begich, Nick"
2,Alaska_11082022_GovernorLieutenantGovernor.csv,[],no,,,0.880670776,4,STATE,YES,E,Dunleavy/Dahlstrom,Dunleavy/Dahlstrom,Dunleavy/Dahlstrom,Dunleavy/Dahlstrom,,Dunleavy/Dahlstrom,Dunleavy/Dahlstrom,Dunleavy/Dahlstrom,Dunleavy/Dahlstrom
3,Alaska_11082022_HouseDistrict1.csv,[],no,,,1.0,2,STATE,YES,R,"Ortiz, Daniel H. ""Dan""","Ortiz, Daniel H. ""Dan""","Ortiz, Daniel H. ""Dan""","Ortiz, Daniel H. ""Dan""",,"Ortiz, Daniel H. ""Dan""","Ortiz, Daniel H. ""Dan""","Ortiz, Daniel H. ""Dan""","Ortiz, Daniel H. ""Dan"""
4,Alaska_11082022_HouseDistrict10.csv,[],no,,,0.936001177,3,STATE,YES,R,"Johnson, Craig W.","Johnson, Craig W.","Johnson, Craig W.","Johnson, Craig W.",,"Johnson, Craig W.","Johnson, Craig W.","Johnson, Craig W.","Johnson, Craig W."
5,Alaska_11082022_HouseDistrict11.csv,[],no,,,0.947909884,3,STATE,YES,R,"Coulombe, Julie","Coulombe, Julie","Coulombe, Julie","Featherly, Walter T.",,"Coulombe, Julie","Featherly, Walter T.","Coulombe, Julie","Coulombe, Julie"
6,Alaska_11082022_HouseDistrict12.csv,[],no,,,1.0,2,STATE,YES,R,"Schrage, Calvin R.","Schrage, Calvin R.","Schrage, Calvin R.","Schrage, Calvin R.",,"Schrage, Calvin R.","Schrage, Calvin R.","Schrage, Calvin R.","Schrage, Calvin R."
7,Alaska_11082022_HouseDistrict13.csv,[],no,,,1.0,2,STATE,YES,R,"Josephson, Andy","Josephson, Andy","Josephson, Andy","Josephson, Andy",,"Josephson, Andy","Josephson, Andy","Josephson, Andy","Josephson, Andy"
8,Alaska_11082022_HouseDistrict14.csv,[],no,,,1.0,2,STATE,YES,R,"Galvin, Alyse S.","Galvin, Alyse S.","Galvin, Alyse S.","Galvin, Alyse S.",,"Galvin, Alyse S.","Galvin, Alyse S.","Galvin, Alyse S.","Galvin, Alyse S."
9,Alaska_11082022_HouseDistrict15.csv,[],no,,,0.955570839,3,STATE,YES,R,"McKay, Thomas W. ""Tom""","McKay, Thomas W. ""Tom""","McKay, Thomas W. ""Tom""","Wells, Denny",,"McKay, Thomas W. ""Tom""","Wells, Denny","McKay, Thomas W. ""Tom""","McKay, Thomas W. ""Tom"""
10,Alaska_11082022_HouseDistrict16.csv,[],no,,,1.0,2,STATE,YES,R,"Armstrong, Jennifer ""Jennie""","Armstrong, Jennifer ""Jennie""","Armstrong, Jennifer ""Jennie""","Armstrong, Jennifer ""Jennie""",,"Armstrong, Jennifer ""Jennie""","Armstrong, Jennifer ""Jennie""","Armstrong, Jennifer ""Jennie""","Armstrong, Jennifer ""Jennie"""
11,Alaska_11082022_HouseDistrict17.csv,[],no,,,1.0,2,STATE,YES,R,"Fields, William Z. ""Zack""","Fields, William Z. ""Zack""","Fields, William Z. ""Zack""","Fields, William Z. ""Zack""",,"Fields, William Z. ""Zack""","Fields, William Z. ""Zack""","Fields, William Z. ""Zack""","Fields, William Z. ""Zack"""
12,Alaska_11082022_HouseDistrict18.csv,[],no,,,0.942897593,3,STATE,YES,R,"Groh, Cliff","Groh, Cliff","Groh, Cliff","Nelson, David",,"Groh, Cliff","Nelson, David","Groh, Cliff","Groh, Cliff"
13,Alaska_11082022_HouseDistrict19.csv,[],no,,,1.0,2,STATE,YES,R,"Mina, Genevieve G.","Mina, Genevieve G.","Mina, Genevieve G.","Mina, Genevieve G.",,"Mina, Genevieve G.","Mina, Genevieve G.","Mina, Genevieve G.","Mina, Genevieve G."
14,Alaska_11082022_HouseDistrict2.csv,[],no,,,1.0,2,STATE,YES,R,"Himschoot, Rebecca","Himschoot, Rebecca","Himschoot, Rebecca","Himschoot, Rebecca",,"Himschoot, Rebecca","Himschoot, Rebecca","Himschoot, Rebecca","Himschoot, Rebecca"
15,Alaska_11082022_HouseDistrict20.csv,[],no,,,0.853639083,4,STATE,YES,R,"Gray, Andrew T.","Gray, Andrew T.","Gray, Andrew T.","Gray, Andrew T.",,"Gray, Andrew T.","Gray, Andrew T.","Gray, Andrew T.","Gray, Andrew T."
16,Alaska_11082022_HouseDistrict21.csv,[],no,,,1.0,2,STATE,YES,R,"Mears, Donna C.","Mears, Donna C.","Mears, Donna C.","Mears, Donna C.",,"Mears, Donna C.","Mears, Donna C.","Wolfe, Forrest M.","Wolfe, Forrest M."
17,Alaska_11082022_HouseDistrict22.csv,[],no,,,1.0,2,STATE,YES,R,"Wright, Stanley A.","Wright, Stanley A.","Wright, Stanley A.","Wright, Stanley A.",,"Wright, Stanley A.","Wright, Stanley A.","Wright, Stanley A.","Wright, Stanley A."
18,Alaska_11082022_HouseDistrict23.csv,[],no,,,1.0,2,STATE,YES,R,"Allard, Jamie","Allard, Jamie","Allard, Jamie","Allard, Jamie",,"Allard, Jamie","Allard, Jamie","Allard, Jamie","Allard, Jamie"
19,Alaska_11082022_HouseDistrict24.csv,[],no,,,0.9616,3,STATE,YES,R,"Saddler, Dan","Saddler, Dan","Saddler, Dan","Saddler, Dan",,"Saddler, Dan","Saddler, Dan","Saddler, Dan","Saddler, Dan"
20,Alaska_11082022_HouseDistrict25.csv,[],no,,,1.0,2,STATE,YES,R,"Johnson, DeLena M.","Johnson, DeLena M.","Johnson, DeLena M.","Johnson, DeLena M.",,"Johnson, DeLena M.","Johnson, DeLena M.","Johnson, DeLena M.","Johnson, DeLena M."
21,Alaska_11082022_HouseDistrict26.csv,[],no,,,1.0,2,STATE,YES,R,"Tilton, Cathy L.","Tilton, Cathy L.","Tilton, Cathy L.","Tilton, Cathy L.",,"Tilton, Cathy L.","Tilton, Cathy L.","Tilton, Cathy L.","Tilton, Cathy L."
22,Alaska_11082022_HouseDistrict27.csv,[],no,,,0.896064401,3,STATE,YES,R,"Eastman, David","Eastman, David","Eastman, David","Eastman, David",,"Eastman, David","Eastman, David","Eastman, David","Eastman, David"
23,Alaska_11082022_HouseDistrict28.csv,[],no,,,0.799529886,4,STATE,YES,R,"Sumner, Jesse M.","Sumner, Jesse M.","Sumner, Jesse M.","Sumner, Jesse M.",,"Sumner, Jesse M.","Sumner, Jesse M.","Sumner, Jesse M.","Sumner, Jesse M."
24,Alaska_11082022_HouseDistrict29.csv,[],no,,,1.0,2,STATE,YES,R,"Rauscher, George","Rauscher, George","Rauscher, George","Rauscher, George",,"Rauscher, George","Rauscher, George","Rauscher, George","Rauscher, George"
25,Alaska_11082022_HouseDistrict30.csv,[],no,,,0.97451553,3,STATE,YES,R,"McCabe, Kevin J.","McCabe, Kevin J.","McCabe, Kevin J.","McCabe, Kevin J.",,"McCabe, Kevin J.","McCabe, Kevin J.","McCabe, Kevin J.","McCabe, Kevin J."
26,Alaska_11082022_HouseDistrict31.csv,['Approval'],no,,,0.917602996,3,STATE,YES,R,"Dibert, Maxine L.","Dibert, Maxine L.","Dibert, Maxine L.","Dibert, Maxine L.",,"Dibert, Maxine L.","Dibert, Maxine L.","LeBon, Barton S.","Dibert, Maxine L."
27,Alaska_11082022_HouseDistrict32.csv,[],no,,,0.915222187,3,STATE,YES,R,"Stapp, Will B.","Stapp, Will B.","Stapp, Will B.","Stapp, Will B.",,"Stapp, Will B.","Stapp, Will B.","Stapp, Will B.","Stapp, Will B."
28,Alaska_11082022_HouseDistrict34.csv,[],no,,,0.929268293,3,STATE,YES,R,"Tomaszewski, Frank J.","Tomaszewski, Frank J.","Tomaszewski, Frank J.","Tomaszewski, Frank J.",,"Tomaszewski, Frank J.","Tomaszewski, Frank J.","Tomaszewski, Frank J.","Tomaszewski, Frank J."
29,Alaska_11082022_HouseDistrict35.csv,[],no,,,0.907107482,4,STATE,YES,R,"Carrick, Ashley E.","Carrick, Ashley E.","Carrick, Ashley E.","Carrick, Ashley E.",,"Carrick, Ashley E.","Carrick, Ashley E.","Carrick, Ashley E.","Carrick, Ashley E."
30,Alaska_11082022_HouseDistrict36.csv,[],no,,,1.0,2,STATE,YES,R,"Cronk, Mike","Cronk, Mike","Cronk, Mike","Cronk, Mike",,"Cronk, Mike","Cronk, Mike","Cronk, Mike","Cronk, Mike"
31,Alaska_11082022_HouseDistrict39.csv,[],no,,,1.0,2,STATE,YES,R,"Foster, Neal W.","Foster, Neal W.","Foster, Neal W.","Foster, Neal W.",,"Foster, Neal W.","Foster, Neal W.","Foster, Neal W.","Foster, Neal W."
32,Alaska_11082022_HouseDistrict4.csv,[],no,,,1.0,2,STATE,YES,R,"Hannan, Sara","Hannan, Sara","Hannan, Sara","Hannan, Sara",,"Hannan, Sara","Hannan, Sara","Hannan, Sara","Hannan, Sara"
33,Alaska_11082022_HouseDistrict5.csv,[],no,,,1.0,2,STATE,YES,R,"Stutes, Louise B.","Stutes, Louise B.","Stutes, Louise B.","Stutes, Louise B.",,"Stutes, Louise B.","Stutes, Louise B.","Stutes, Louise B.","Stutes, Louise B."
34,Alaska_11082022_HouseDistrict6.csv,[],no,,,0.941182649,3,STATE,YES,R,"Vance, Sarah L.","Vance, Sarah L.","Vance, Sarah L.","Vance, Sarah L.",,"Vance, Sarah L.","Vance, Sarah L.","Vance, Sarah L.","Vance, Sarah L."
35,Alaska_11082022_HouseDistrict7.csv,[],no,,,1.0,2,STATE,YES,R,"Ruffridge, Justin","Ruffridge, Justin","Ruffridge, Justin","Ruffridge, Justin",,"Ruffridge, Justin","Ruffridge, Justin","Ruffridge, Justin","Ruffridge, Justin"
36,Alaska_11082022_HouseDistrict9.csv,[],no,,,1.0,2,STATE,YES,R,"Shaw, Laddie H.","Shaw, Laddie H.","Shaw, Laddie H.","Shaw, Laddie H.",,"Shaw, Laddie H.","Shaw, Laddie H.","Shaw, Laddie H.","Shaw, Laddie H."
37,Alaska_11082022_SenateDistrictA.csv,[],no,,,1.0,2,STATE,YES,S,"Stedman, Bert K.","Stedman, Bert K.","Stedman, Bert K.","Stedman, Bert K.",,"Stedman, Bert K.","Stedman, Bert K.","Stedman, Bert K.","Stedman, Bert K."
38,Alaska_11082022_SenateDistrictC.csv,[],no,,,0.945124133,3,STATE,YES,S,"Stevens, Gary","Stevens, Gary","Stevens, Gary","Stevens, Gary",,"Stevens, Gary","Stevens, Gary","Stevens, Gary","Stevens, Gary"
39,Alaska_11082022_SenateDistrictD.csv,[],no,,,0.940797264,3,STATE,YES,S,"Bjorkman, Jesse J.","Bjorkman, Jesse J.","Bjorkman, Jesse J.","Bjorkman, Jesse J.",,"Bjorkman, Jesse J.","Bjorkman, Jesse J.","Bjorkman, Jesse J.","Bjorkman, Jesse J."
40,Alaska_11082022_SenateDistrictE.csv,[],no,,,0.974685817,3,STATE,YES,S,"Giessel, Cathy","Giessel, Cathy","Giessel, Cathy","Giessel, Cathy",,"Giessel, Cathy","Giessel, Cathy","Giessel, Cathy","Giessel, Cathy"
41,Alaska_11082022_SenateDistrictF.csv,[],no,,,1.0,2,STATE,YES,S,"Kaufman, James D.","Kaufman, James D.","Kaufman, James D.","Kaufman, James D.",,"Kaufman, James D.","Kaufman, James D.","Kaufman, James D.","Kaufman, James D."
42,Alaska_11082022_SenateDistrictG.csv,[],no,,,1.0,2,STATE,YES,S,"Gray-Jackson, Elvi","Gray-Jackson, Elvi","Gray-Jackson, Elvi","Gray-Jackson, Elvi",,"Gray-Jackson, Elvi","Gray-Jackson, Elvi","Gray-Jackson, Elvi","Gray-Jackson, Elvi"
43,Alaska_11082022_SenateDistrictH.csv,[],no,,,1.0,2,STATE,YES,S,"Claman, Matt","Claman, Matt","Claman, Matt","Claman, Matt",,"Claman, Matt","Claman, Matt","Costello, Mia","Costello, Mia"
44,Alaska_11082022_SenateDistrictI.csv,[],no,,,1.0,2,STATE,YES,S,"Tobin, Löki G.","Tobin, Löki G.","Tobin, Löki G.","Tobin, Löki G.",,"Tobin, Löki G.","Tobin, Löki G.","Tobin, Löki G.","Tobin, Löki G."
45,Alaska_11082022_SenateDistrictJ.csv,[],no,,,0.950057803,3,STATE,YES,S,"Dunbar, Forrest","Dunbar, Forrest","Dunbar, Forrest","Dunbar, Forrest",,"Dunbar, Forrest","Dunbar, Forrest","Dunbar, Forrest","Dunbar, Forrest"
46,Alaska_11082022_SenateDistrictK.csv,[],no,,,1.0,2,STATE,YES,S,"Wielechowski, Bill","Wielechowski, Bill","Wielechowski, Bill","Wielechowski, Bill",,"Wielechowski, Bill","Wielechowski, Bill","Wielechowski, Bill","Wielechowski, Bill"
47,Alaska_11082022_SenateDistrictL.csv,[],no,,,1.0,2,STATE,YES,S,"Merrick, Kelly R.","Merrick, Kelly R.","Merrick, Kelly R.","Merrick, Kelly R.",,"Merrick, Kelly R.","Merrick, Kelly R.","Merrick, Kelly R.","Merrick, Kelly R."
48,Alaska_11082022_SenateDistrictM.csv,[],no,,,1.0,2,STATE,YES,S,"Hughes, Shelley","Hughes, Shelley","Hughes, Shelley","Hughes, Shelley",,"Hughes, Shelley","Hughes, Shelley","Hughes, Shelley","Hughes, Shelley"
49,Alaska_11082022_SenateDistrictN.csv,['Approval'],no,,,0.870596382,3,STATE,YES,S,"Wilson, David S.","Wilson, David S.","Wilson, David S.","Wilson, David S.",,"Wilson, David S.","Wilson, David S.","Wright, Stephen","Wilson, David S."
50,Alaska_11082022_SenateDistrictO.csv,[],no,,,1.0,2,STATE,YES,S,"Shower, Michael K.","Shower, Michael K.","Shower, Michael K.","Shower, Michael K.",,"Shower, Michael K.","Shower, Michael K.","Shower, Michael K.","Shower, Michael K."
51,Alaska_11082022_SenateDistrictP.csv,[],no,,,0.886455606,3,STATE,YES,S,"Kawasaki, Scott","Kawasaki, Scott","Kawasaki, Scott","Kawasaki, Scott",,"Kawasaki, Scott","Kawasaki, Scott","Matherly, Jim","Matherly, Jim"
52,Alaska_11082022_SenateDistrictQ.csv,[],no,,,0.908888034,3,STATE,YES,S,"Myers, Robert H. Jr.","Myers, Robert H. Jr.","Myers, Robert H. Jr.","Myers, Robert H. Jr.",,"Myers, Robert H. Jr.","Myers, Robert H. Jr.","Myers, Robert H. Jr.","Myers, Robert H. Jr."
53,Alaska_11082022_SenateDistrictR.csv,[],no,,,0.910315127,3,STATE,YES,S,"Bishop, Click","Bishop, Click","Bishop, Click","Bishop, Click",,"Bishop, Click","Bishop, Click","Bishop, Click","Bishop, Click"
54,Alaska_11082022_SenateDistrictS.csv,[],no,,,1.0,2,STATE,YES,S,"Hoffman, Lyman F.","Hoffman, Lyman F.","Hoffman, Lyman F.","Hoffman, Lyman F.",,"Hoffman, Lyman F.","Hoffman, Lyman F.","Hoffman, Lyman F.","Hoffman, Lyman F."
55,Alaska_11082022_USRepresentative.csv,[],no,,,0.859503789,4,FEDERAL,YES,R,"Peltola, Mary S.","Peltola, Mary S.","Peltola, Mary S.","Peltola, Mary S.",,"Peltola, Mary S.","Peltola, Mary S.","Begich, Nick","Begich, Nick"
56,Alaska_11082022_USSenator.csv,[],no,,,0.894756216,4,FEDERAL,YES,S,"Murkowski, Lisa","Murkowski, Lisa","Murkowski, Lisa","Murkowski, Lisa",,"Murkowski, Lisa","Murkowski, Lisa","Murkowski, Lisa","Murkowski, Lisa"
57,Albany_11082022_BoardofEducation.csv,[],no,,,0.687105223,4,LOCAL,NO,B,RON ROSENBAUM,RON ROSENBAUM,RON ROSENBAUM,RON ROSENBAUM,,RON ROSENBAUM,RON ROSENBAUM,RON ROSENBAUM,RON ROSENBAUM
58,Albany_11082022_CityCouncil.csv,[],no,,,0.420241566,5,LOCAL,NO,R,JOHN ANTHONY MIKI,JOHN ANTHONY MIKI,JOHN ANTHONY MIKI,JOHN ANTHONY MIKI,,JOHN ANTHONY MIKI,JOHN ANTHONY MIKI,JOHN ANTHONY MIKI,JOHN ANTHONY MIKI
59,Berkeley_03072017_CityCouncilDistrict4.csv,[],no,,,1.0,2,LOCAL,NO,R,KATE HARRISON,KATE HARRISON,KATE HARRISON,KATE HARRISON,,KATE HARRISON,KATE HARRISON,KATE HARRISON,KATE HARRISON
60,Berkeley_11022010_CityCouncilDistrict1.csv,[],no,,,0.90872318,4,LOCAL,NO,R,LINDA MAIO,LINDA MAIO,LINDA MAIO,LINDA MAIO,,LINDA MAIO,LINDA MAIO,LINDA MAIO,LINDA MAIO
61,Berkeley_11022010_CityCouncilDistrict4.csv,[],no,,,0.862881178,4,LOCAL,NO,R,JESSE ARREGUIN,JESSE ARREGUIN,JESSE ARREGUIN,JESSE ARREGUIN,,JESSE ARREGUIN,JESSE ARREGUIN,JESSE ARREGUIN,JESSE ARREGUIN
62,Berkeley_11022010_CityCouncilDistrict7.csv,['Approval'],no,,,0.749100504,3,LOCAL,NO,R,KRISS WORTHINGTON,KRISS WORTHINGTON,KRISS WORTHINGTON,KRISS WORTHINGTON,,KRISS WORTHINGTON,KRISS WORTHINGTON,CECILIA ''CES'' ROSALES,KRISS WORTHINGTON
63,Berkeley_11022010_CityCouncilDistrict8.csv,[],no,,,0.818518519,3,LOCAL,NO,R,GORDON WOZNIAK,GORDON WOZNIAK,GORDON WOZNIAK,GORDON WOZNIAK,,GORDON WOZNIAK,GORDON WOZNIAK,GORDON WOZNIAK,GORDON WOZNIAK
64,Berkeley_11032020_MayorBerkeleyRCV.csv,[],no,,,0.838578089,4,LOCAL,NO,E,JESSE ARREGUÍN,JESSE ARREGUÍN,JESSE ARREGUÍN,JESSE ARREGUÍN,,JESSE ARREGUÍN,JESSE ARREGUÍN,JESSE ARREGUÍN,JESSE ARREGUÍN
65,Berkeley_11032020_MemberCityCouncilDist2BerkeleyRCV.csv,[],no,,,0.778129952,4,LOCAL,NO,R,TERRY TAPLIN,TERRY TAPLIN,TERRY TAPLIN,TERRY TAPLIN,,TERRY TAPLIN,TERRY TAPLIN,TERRY TAPLIN,TERRY TAPLIN
66,Berkeley_11032020_MemberCityCouncilDist3BerkeleyRCV.csv,[],no,,,0.905398391,3,LOCAL,NO,R,BEN BARTLETT,BEN BARTLETT,BEN BARTLETT,BEN BARTLETT,,BEN BARTLETT,BEN BARTLETT,BEN BARTLETT,BEN BARTLETT
67,Berkeley_11032020_MemberCityCouncilDist5BerkeleyRCV.csv,[],no,,,0.89278227,3,LOCAL,NO,R,SOPHIE HAHN,SOPHIE HAHN,SOPHIE HAHN,SOPHIE HAHN,,SOPHIE HAHN,SOPHIE HAHN,SOPHIE HAHN,SOPHIE HAHN
68,Berkeley_11032020_MemberCityCouncilDist6BerkeleyRCV.csv,[],no,,,1.0,2,LOCAL,NO,R,SUSAN WENGRAF,SUSAN WENGRAF,SUSAN WENGRAF,SUSAN WENGRAF,,SUSAN WENGRAF,SUSAN WENGRAF,SUSAN WENGRAF,SUSAN WENGRAF
69,Berkeley_11042014_CityCouncilDistrict1.csv,[],no,,,0.938969664,3,LOCAL,NO,R,LINDA MAIO,LINDA MAIO,LINDA MAIO,LINDA MAIO,,LINDA MAIO,LINDA MAIO,LINDA MAIO,LINDA MAIO
70,Berkeley_11042014_CityCouncilDistrict7.csv,[],no,,,1.0,2,LOCAL,NO,R,KRISS WORTHINGTON,KRISS WORTHINGTON,KRISS WORTHINGTON,KRISS WORTHINGTON,,KRISS WORTHINGTON,KRISS WORTHINGTON,KRISS WORTHINGTON,KRISS WORTHINGTON
71,Berkeley_11042014_CityCouncilDistrict8.csv,[],no,,,0.801457597,4,LOCAL,NO,R,LORI DROSTE,LORI DROSTE,LORI DROSTE,LORI DROSTE,,LORI DROSTE,LORI DROSTE,LORI DROSTE,LORI DROSTE
72,Berkeley_11062012_CityCouncilDistrict2.csv,[],no,,,0.91354616,3,LOCAL,NO,R,DARRYL MOORE,DARRYL MOORE,DARRYL MOORE,DARRYL MOORE,,DARRYL MOORE,DARRYL MOORE,DARRYL MOORE,DARRYL MOORE
73,Berkeley_11062012_CityCouncilDistrict3.csv,[],no,,,1.0,2,LOCAL,NO,R,MAX ANDERSON,MAX ANDERSON,MAX ANDERSON,MAX ANDERSON,,MAX ANDERSON,MAX ANDERSON,MAX ANDERSON,MAX ANDERSON
74,Berkeley_11062012_CityCouncilDistrict5.csv,[],no,,,1.0,2,LOCAL,NO,R,LAURIE CAPITELLI,LAURIE CAPITELLI,LAURIE CAPITELLI,LAURIE CAPITELLI,,LAURIE CAPITELLI,LAURIE CAPITELLI,LAURIE CAPITELLI,LAURIE CAPITELLI
75,Berkeley_11062012_CityCouncilDistrict6.csv,[],no,,,1.0,2,LOCAL,NO,R,SUSAN WENGRAF,SUSAN WENGRAF,SUSAN WENGRAF,SUSAN WENGRAF,,SUSAN WENGRAF,SUSAN WENGRAF,SUSAN WENGRAF,SUSAN WENGRAF
76,Berkeley_11062012_Mayor.csv,[],no,,,0.855513881,7,LOCAL,NO,E,TOM BATES,TOM BATES,TOM BATES,TOM BATES,,TOM BATES,TOM BATES,TOM BATES,TOM BATES
77,Berkeley_11062018_CityAuditor.csv,[],no,,,1.0,2,LOCAL,NO,O,JENNY WONG,JENNY WONG,JENNY WONG,JENNY WONG,,JENNY WONG,JENNY WONG,JENNY WONG,JENNY WONG
78,Berkeley_11062018_CityCouncilDistrict1.csv,[],no,,,0.859604663,4,LOCAL,NO,R,RASHI KESARWANI,RASHI KESARWANI,RASHI KESARWANI,RASHI KESARWANI,,RASHI KESARWANI,RASHI KESARWANI,RASHI KESARWANI,RASHI KESARWANI
79,Berkeley_11062018_CityCouncilDistrict4.csv,['Approval'],no,,,0.894055434,3,LOCAL,NO,R,KATE HARRISON,KATE HARRISON,KATE HARRISON,KATE HARRISON,,KATE HARRISON,KATE HARRISON,BEN GOULD,KATE HARRISON
80,Berkeley_11062018_CityCouncilDistrict7.csv,[],no,,,0.930703625,3,LOCAL,NO,R,RIGEL ROBINSON,RIGEL ROBINSON,RIGEL ROBINSON,RIGEL ROBINSON,,RIGEL ROBINSON,RIGEL ROBINSON,RIGEL ROBINSON,RIGEL ROBINSON
81,Berkeley_11062018_CityCouncilDistrict8.csv,[],no,,,0.881886159,4,LOCAL,NO,R,LORI DROSTE,LORI DROSTE,LORI DROSTE,LORI DROSTE,,LORI DROSTE,LORI DROSTE,LORI DROSTE,LORI DROSTE
82,Berkeley_11082016_CityCouncilDistrict2.csv,['Plurality'],no,,,0.86450168,3,LOCAL,NO,R,CHERYL DAVILA,CHERYL DAVILA,CHERYL DAVILA,DARRYL MOORE,,CHERYL DAVILA,CHERYL DAVILA,CHERYL DAVILA,CHERYL DAVILA
83,Berkeley_11082016_CityCouncilDistrict3.csv,[],no,,,0.84234171,4,LOCAL,NO,R,BEN BARTLETT,BEN BARTLETT,BEN BARTLETT,BEN BARTLETT,,BEN BARTLETT,BEN BARTLETT,BEN BARTLETT,BEN BARTLETT
84,Berkeley_11082016_CityCouncilDistrict5.csv,[],no,,,1.0,2,LOCAL,NO,R,SOPHIE HAHN,SOPHIE HAHN,SOPHIE HAHN,SOPHIE HAHN,,SOPHIE HAHN,SOPHIE HAHN,SOPHIE HAHN,SOPHIE HAHN
85,Berkeley_11082016_CityCouncilDistrict6.csv,[],no,,,0.882384461,3,LOCAL,NO,R,SUSAN WENGRAF,SUSAN WENGRAF,SUSAN WENGRAF,SUSAN WENGRAF,,SUSAN WENGRAF,SUSAN WENGRAF,SUSAN WENGRAF,SUSAN WENGRAF
86,Berkeley_11082016_Mayor.csv,[],no,,,0.903156155,8,LOCAL,NO,E,JESSE ARREGUÍN,JESSE ARREGUÍN,JESSE ARREGUÍN,JESSE ARREGUÍN,,JESSE ARREGUÍN,JESSE ARREGUÍN,JESSE ARREGUÍN,JESSE ARREGUÍN
87,Burlington_03032009_Mayor.csv,"['IRV', 'Condorcet', 'Approval']",yes,,,0.651282051,5,LOCAL,YES,E,Bob Kiss,Bob Kiss,Andy Montroll,Kurt Wright,,Andy Montroll,Kurt Wright,Andy Montroll,Andy Montroll
88,Burlington_03072006_Mayor.csv,[],no,,,0.720744681,5,LOCAL,YES,E,Bob Kiss,Bob Kiss,Bob Kiss,Bob Kiss,,Hinda Miller,Bob Kiss,Hinda Miller,Bob Kiss
89,Burlington_03072023_CityCouncilCentralDistrict.csv,[],no,,,1.0,2,LOCAL,YES,R,MELO GRANT,MELO GRANT,MELO GRANT,MELO GRANT,,MELO GRANT,MELO GRANT,MELO GRANT,MELO GRANT
90,Burlington_03072023_CityCouncilEastDistrict.csv,[],no,,,1.0,2,LOCAL,YES,R,"TIMOTHY C. DOHERTY,JR","TIMOTHY C. DOHERTY,JR","TIMOTHY C. DOHERTY,JR","TIMOTHY C. DOHERTY,JR",,"TIMOTHY C. DOHERTY,JR","TIMOTHY C. DOHERTY,JR","TIMOTHY C. DOHERTY,JR","TIMOTHY C. DOHERTY,JR"
91,Burlington_03072023_CityCouncilSouthDistrict.csv,[],no,,,0.881618084,3,LOCAL,YES,R,JOAN SHANNON,JOAN SHANNON,JOAN SHANNON,JOAN SHANNON,,JOAN SHANNON,JOAN SHANNON,JOAN SHANNON,JOAN SHANNON
92,Corvallis_11082022_CityCouncilWard9.csv,[],no,,,0.845995045,3,LOCAL,NO,R,Tony Cadena,Tony Cadena,Tony Cadena,Tony Cadena,,Tony Cadena,Tony Cadena,Tony Cadena,Tony Cadena
93,Corvallis_11082022_Mayor.csv,"['IRV', 'Condorcet', 'Plurality']",yes,,,0.806260616,3,LOCAL,NO,E,Charles Maughan,Andrew Struthers,Charles Maughan,Charles Maughan,,Andrew Struthers,Andrew Struthers,Andrew Struthers,Andrew Struthers
94,Easthampton_11022021_Mayor.csv,[],no,,,0.860262009,66,LOCAL,YES,E,NICOLE M. LACHAPELLE,NICOLE M. LACHAPELLE,NICOLE M. LACHAPELLE,NICOLE M. LACHAPELLE,,NICOLE M. LACHAPELLE,NICOLE M. LACHAPELLE,NICOLE M. LACHAPELLE,NICOLE M. LACHAPELLE
95,Eastpointe_11052019_CityCouncil.csv,[],no,,,0.699920032,4,LOCAL,NO,R,Sarah A. Lucido,Sarah A. Lucido,Sarah A. Lucido,Sarah A. Lucido,,Sarah A. Lucido,Sarah A. Lucido,Sarah A. Lucido,Sarah A. Lucido
96,ElkRidge_11022021_Mayor.csv,[],no,,,0.90145149,3,LOCAL,NO,E,ROBERT HADDOCK,ROBERT HADDOCK,ROBERT HADDOCK,ROBERT HADDOCK,,ROBERT HADDOCK,ROBERT HADDOCK,ROBERT HADDOCK,ROBERT HADDOCK
97,Hawaii_05232020_PresidentoftheUnitedStateCD1.csv,[],no,,,0.853185216,11,FEDERAL,DP,E,Joseph R. Biden,Joseph R. Biden,Joseph R. Biden,Joseph R. Biden,,Joseph R. Biden,Joseph R. Biden,Joseph R. Biden,Joseph R. Biden
98,Hawaii_05232020_PresidentoftheUnitedStateCD1CD2.csv,[],no,,,0.86144785,11,FEDERAL,DP,E,Joseph R. Biden,Joseph R. Biden,Joseph R. Biden,Joseph R. Biden,,Joseph R. Biden,Joseph R. Biden,Joseph R. Biden,Joseph R. Biden
99,Hawaii_05232020_PresidentoftheUnitedStateCD2.csv,[],no,,,0.859216398,11,FEDERAL,DP,E,Joseph R. Biden,Joseph R. Biden,Joseph R. Biden,Joseph R. Biden,,Joseph R. Biden,Joseph R. Biden,Joseph R. Biden,Joseph R. Biden
100,Kansas_05022020_PRESIDENTOFTHEUNITEDSTATES.csv,[],no,,,0.775845529,5,FEDERAL,DP,E,Joseph R. Biden,Joseph R. Biden,Joseph R. Biden,Joseph R. Biden,,Joseph R. Biden,Joseph R. Biden,Joseph R. Biden,Joseph R. Biden
101,LasCruces_11052019_COUNCILORPOSITION2CITYOFLASCRUCESDISTRICT2COUNCILOR.csv,[],no,,,0.750666667,4,LOCAL,NO,R,TESSA ABEYTA STUVE,TESSA ABEYTA STUVE,TESSA ABEYTA STUVE,TESSA ABEYTA STUVE,,TESSA ABEYTA STUVE,TESSA ABEYTA STUVE,TESSA ABEYTA STUVE,TESSA ABEYTA STUVE
102,LasCruces_11052019_COUNCILORPOSITION4CITYOFLASCRUCESDISTRICT4COUNCILOR.csv,['Approval'],no,,,0.783333333,3,LOCAL,NO,R,JOHANA BENCOMO,JOHANA BENCOMO,JOHANA BENCOMO,JOHANA BENCOMO,,JOHANA BENCOMO,JOHANA BENCOMO,ANTOINETTE M REYES,JOHANA BENCOMO
103,LasCruces_11052019_MAYORCITYOFLASCRUCES.csv,[],no,,,0.493740219,10,LOCAL,NO,E,KEN MIYAGISHIMA,KEN MIYAGISHIMA,KEN MIYAGISHIMA,KEN MIYAGISHIMA,,KEN MIYAGISHIMA,KEN MIYAGISHIMA,KEN MIYAGISHIMA,KEN MIYAGISHIMA
104,Maine_06122018_DemocraticPrimaryforCD2.csv,"['IRV', 'Condorcet', 'Approval']",yes,,,0.759089005,4,FEDERAL,NO,R,"Golden, Jared F.","St. Clair, Lucas R.","Golden, Jared F.","Golden, Jared F.",,"St. Clair, Lucas R.","Golden, Jared F.","St. Clair, Lucas R.","Golden, Jared F."
105,Maine_06122018_DemocraticPrimaryforGovernor.csv,[],no,,,0.425970152,7,STATE,DP,E,"Mills, Janet T.","Mills, Janet T.","Mills, Janet T.","Mills, Janet T.",,"Mills, Janet T.","Mills, Janet T.","Mills, Janet T.","Mills, Janet T."
106,Maine_07142020_DemocraticCandidateforMaineStateHouseDistrict41.csv,"['IRV', 'Condorcet', 'Plurality', 'Approval']",yes,,,0.811806656,3,STATE,DP,R,"Zager, Samuel Lewis","Grant, Benjamin K.","Zager, Samuel Lewis","Zager, Samuel Lewis",,"Grant, Benjamin K.","Grant, Benjamin K.","Grant, Benjamin K.","Zager, Samuel Lewis"
107,Maine_07142020_DemocraticCandidateforMaineStateHouseDistrict47.csv,[],no,,,0.816105769,3,STATE,DP,R,"Bell, Arthur L.","Bell, Arthur L.","Bell, Arthur L.","Bell, Arthur L.",,"Bell, Arthur L.","Bell, Arthur L.","Bell, Arthur L.","Bell, Arthur L."
108,Maine_07142020_DemocraticCandidateforMaineStateHouseDistrict49.csv,"['IRV', 'Condorcet', 'Approval']",yes,,,0.776243094,3,STATE,DP,R,"Arford, Poppy","Perreault, Corinne Ann","Arford, Poppy","Arford, Poppy",,"Perreault, Corinne Ann","Arford, Poppy","Perreault, Corinne Ann","Arford, Poppy"
109,Maine_07142020_DemocraticCandidateforMaineStateHouseDistrict90.csv,"['IRV', 'Condorcet', 'Plurality', 'Approval']",yes,,,0.800394283,3,STATE,DP,R,"Crafts, Lydia V.","Pieh, Wendy","Crafts, Lydia V.","Crafts, Lydia V.",,"Pieh, Wendy","Pieh, Wendy","Pieh, Wendy","Crafts, Lydia V."
110,Maine_07142020_DemocraticCandidateforMaineStateSenateDistrict11.csv,"['IRV', 'Condorcet', 'Plurality', 'Approval']",yes,,,0.781368103,3,STATE,DP,R,"Curry, Glenn Chip","Stanicki, Robyn M.","Curry, Glenn Chip","Curry, Glenn Chip",,"Stanicki, Robyn M.","Stanicki, Robyn M.","Stanicki, Robyn M.","Curry, Glenn Chip"
111,Maine_07142020_RepublicanCandidateforUSHouseofRepresentativesDistrict2.csv,[],no,,,0.864152873,3,FEDERAL,NO,R,"Crafts, Dale John","Crafts, Dale John","Crafts, Dale John","Crafts, Dale John",,"Crafts, Dale John","Crafts, Dale John","Crafts, Dale John","Crafts, Dale John"
112,Maine_11062018_CongressionalDistrict2.csv,[],no,,,0.843787158,4,FEDERAL,YES,R,"DEM Golden, Jared F.","DEM Golden, Jared F.","DEM Golden, Jared F.","REP Poliquin, Bruce",,"DEM Golden, Jared F.","REP Poliquin, Bruce","DEM Golden, Jared F.","DEM Golden, Jared F."
113,Maine_11082022_CongressionalDistrict2.csv,[],no,,,0.954574129,3,FEDERAL,YES,R,"Golden, Jared Forrest","Golden, Jared Forrest","Golden, Jared Forrest","Golden, Jared Forrest",,"Golden, Jared Forrest","Golden, Jared Forrest","Golden, Jared Forrest","Golden, Jared Forrest"
114,Minneapolis_08112020_Ward6CityCouncilSpecialElection.csv,[],no,,,0.884719886,12,LOCAL,NO,R,Jamal Osman,Jamal Osman,Jamal Osman,Jamal Osman,,Jamal Osman,Jamal Osman,Jamal Osman,Jamal Osman
115,Minneapolis_11022021_CityCouncilWard1.csv,['Approval'],no,,,0.825439902,4,LOCAL,NO,R,Elliott Payne,Elliott Payne,Elliott Payne,Elliott Payne,,Elliott Payne,Elliott Payne,Kevin Reich,Elliott Payne
116,Minneapolis_11022021_CityCouncilWard10.csv,[],no,,,0.896078247,6,LOCAL,NO,R,Aisha Chughtai,Aisha Chughtai,Aisha Chughtai,Aisha Chughtai,,Aisha Chughtai,Aisha Chughtai,Aisha Chughtai,Aisha Chughtai
117,Minneapolis_11022021_CityCouncilWard11.csv,[],no,,,0.950591406,5,LOCAL,NO,R,Emily Koski,Emily Koski,Emily Koski,Emily Koski,,Emily Koski,Emily Koski,Emily Koski,Emily Koski
118,Minneapolis_11022021_CityCouncilWard12.csv,[],no,,,0.97845953,3,LOCAL,NO,R,Andrew Johnson,Andrew Johnson,Andrew Johnson,Andrew Johnson,,Andrew Johnson,Andrew Johnson,Andrew Johnson,Andrew Johnson
119,Minneapolis_11022021_CityCouncilWard13.csv,[],no,,,0.952725284,5,LOCAL,NO,R,Linea Palmisano,Linea Palmisano,Linea Palmisano,Linea Palmisano,,Linea Palmisano,Linea Palmisano,Linea Palmisano,Linea Palmisano
120,Minneapolis_11022021_CityCouncilWard2.csv,"['IRV', 'Condorcet', 'Plurality', 'Approval']",yes,,,0.895599202,5,LOCAL,NO,R,Robin Wonsley Worlobah,Cam Gordon,-1,Robin Wonsley Worlobah,,Cam Gordon,Yusra Arab,Cam Gordon,Yusra Arab
121,Minneapolis_11022021_CityCouncilWard3.csv,[],no,,,0.921297687,4,LOCAL,NO,R,Michael Rainville,Michael Rainville,Michael Rainville,Michael Rainville,,Michael Rainville,Michael Rainville,Michael Rainville,Michael Rainville
122,Minneapolis_11022021_CityCouncilWard4.csv,[],no,,,0.914952368,3,LOCAL,NO,R,LaTrisha Vetaw,LaTrisha Vetaw,LaTrisha Vetaw,LaTrisha Vetaw,,LaTrisha Vetaw,LaTrisha Vetaw,LaTrisha Vetaw,LaTrisha Vetaw
123,Minneapolis_11022021_CityCouncilWard5.csv,"['IRV', 'Condorcet']",yes,,,0.826642336,7,LOCAL,NO,R,Jeremiah Ellison,Kristel Porter,Jeremiah Ellison,Jeremiah Ellison,,Kristel Porter,Jeremiah Ellison,Kristel Porter,Kristel Porter
124,Minneapolis_11022021_CityCouncilWard6.csv,[],no,,,1.0,2,LOCAL,NO,R,Jamal Osman,Jamal Osman,Jamal Osman,Jamal Osman,,Jamal Osman,Jamal Osman,Jamal Osman,Jamal Osman
125,Minneapolis_11022021_CityCouncilWard7.csv,[],no,,,0.949745712,4,LOCAL,NO,R,Lisa Goodman,Lisa Goodman,Lisa Goodman,Lisa Goodman,,Lisa Goodman,Lisa Goodman,Lisa Goodman,Lisa Goodman
126,Minneapolis_11022021_CityCouncilWard8.csv,[],no,,,1.0,2,LOCAL,NO,R,Andrea Jenkins,Andrea Jenkins,Andrea Jenkins,Andrea Jenkins,,Andrea Jenkins,Andrea Jenkins,Andrea Jenkins,Andrea Jenkins
127,Minneapolis_11022021_CityCouncilWard9.csv,[],no,,,0.898175837,8,LOCAL,NO,R,Jason Chavez,Jason Chavez,Jason Chavez,Jason Chavez,,Jason Chavez,Jason Chavez,Jason Chavez,Jason Chavez
128,Minneapolis_11022021_Mayor.csv,[],no,,,0.883744527,18,LOCAL,NO,E,Jacob Frey,Jacob Frey,Jacob Frey,Jacob Frey,,Jacob Frey,Jacob Frey,Jacob Frey,Jacob Frey
129,Minneapolis_11022021_ParkBoardAtLarge.csv,[],no,,,0.830588324,7,LOCAL,NO,B,Meg Forney,Meg Forney,Meg Forney,Meg Forney,,Meg Forney,Meg Forney,Meg Forney,Meg Forney
130,Minneapolis_11022021_ParkBoardDistrict2.csv,"['IRV', 'Condorcet', 'Approval']",yes,,,0.85455053,3,LOCAL,NO,B,Becka Thompson,Eric Moran,Becka Thompson,Becka Thompson,,Eric Moran,Becka Thompson,Eric Moran,Becka Thompson
131,Minneapolis_11022021_ParkBoardDistrict3.csv,[],no,,,0.931166096,3,LOCAL,NO,B,Becky Alper,Becky Alper,Becky Alper,Becky Alper,,Becky Alper,Becky Alper,Becky Alper,Becky Alper
132,Minneapolis_11022021_ParkBoardDistrict4.csv,[],no,,,1.0,2,LOCAL,NO,B,Elizabeth Shaffer,Elizabeth Shaffer,Elizabeth Shaffer,Elizabeth Shaffer,,Elizabeth Shaffer,Elizabeth Shaffer,Elizabeth Shaffer,Elizabeth Shaffer
133,Minneapolis_11022021_ParkBoardDistrict5.csv,[],no,,,0.904342267,3,LOCAL,NO,B,Steffanie Musich,Steffanie Musich,Steffanie Musich,Steffanie Musich,,Steffanie Musich,Steffanie Musich,Steffanie Musich,Steffanie Musich
134,Minneapolis_11022021_ParkBoardDistrict6.csv,['Plurality'],no,,,0.891073326,4,LOCAL,NO,B,Cathy Abene,Cathy Abene,Cathy Abene,Risa Hustad,,Cathy Abene,Cathy Abene,Cathy Abene,Cathy Abene
135,Minneapolis_11052013_Mayor.csv,[],no,,,0.797500567,35,LOCAL,NO,E,BETSY HODGES,BETSY HODGES,BETSY HODGES,BETSY HODGES,,BETSY HODGES,BETSY HODGES,BETSY HODGES,BETSY HODGES
136,Minneapolis_11052013_PRBoardDistrict2.csv,[],no,,,1.0,2,LOCAL,NO,B,JON OLSON,JON OLSON,JON OLSON,JON OLSON,,JON OLSON,JON OLSON,JON OLSON,JON OLSON
137,Minneapolis_11052013_PRBoardDistrict6.csv,[],no,,,1.0,2,LOCAL,NO,B,BRAD BOURN,BRAD BOURN,BRAD BOURN,BRAD BOURN,,BRAD BOURN,BRAD BOURN,BRAD BOURN,BRAD BOURN
138,Minneapolis_11052013_Ward13CityCouncil.csv,[],no,,,0.688474414,5,LOCAL,NO,R,LINEA PALMISANO,LINEA PALMISANO,LINEA PALMISANO,LINEA PALMISANO,,LINEA PALMISANO,LINEA PALMISANO,LINEA PALMISANO,LINEA PALMISANO
139,Minneapolis_11052013_Ward5CityCouncil.csv,[],no,,,0.844501718,4,LOCAL,NO,R,BLONG YANG,BLONG YANG,BLONG YANG,BLONG YANG,,BLONG YANG,BLONG YANG,BLONG YANG,BLONG YANG
140,Minneapolis_11052013_Ward9CityCouncil.csv,[],no,,,0.800720288,6,LOCAL,NO,R,ALONDRA CANO,ALONDRA CANO,ALONDRA CANO,ALONDRA CANO,,ALONDRA CANO,ALONDRA CANO,ALONDRA CANO,ALONDRA CANO
141,Minneapolis_11062009_Mayor.csv,[],no,,,0.934910455,11,LOCAL,NO,E,R.T. Rybak,R.T. Rybak,R.T. Rybak,R.T. Rybak,,R.T. Rybak,R.T. Rybak,R.T. Rybak,R.T. Rybak
142,Minneapolis_11062009_PRBoardDistrict1.csv,[],no,,,0.923817713,3,LOCAL,NO,B,Liz Wielinski,Liz Wielinski,Liz Wielinski,Liz Wielinski,,Liz Wielinski,Liz Wielinski,Liz Wielinski,Liz Wielinski
143,Minneapolis_11062009_PRBoardDistrict2.csv,[],no,,,1.0,2,LOCAL,NO,B,Jon Olson,Jon Olson,Jon Olson,Jon Olson,,Jon Olson,Jon Olson,Jon Olson,Jon Olson
144,Minneapolis_11062009_PRBoardDistrict3.csv,[],no,,,1.0,2,LOCAL,NO,B,Scott Vreeland,Scott Vreeland,Scott Vreeland,Scott Vreeland,,Scott Vreeland,Scott Vreeland,Scott Vreeland,Scott Vreeland
145,Minneapolis_11062009_PRBoardDistrict5.csv,['Plurality'],no,,,0.915813715,5,LOCAL,NO,B,Carol Kummer,Carol Kummer,Carol Kummer,Carol Kummer,,Carol Kummer,Jason Stone,Carol Kummer,Carol Kummer
146,Minneapolis_11062009_PRBoardDistrict6.csv,[],no,,,0.954933301,4,LOCAL,NO,B,Brad Bourn,Brad Bourn,Brad Bourn,Brad Bourn,,Brad Bourn,Brad Bourn,Brad Bourn,Brad Bourn
147,Minneapolis_11062009_Ward10CityCouncil.csv,[],no,,,0.944043321,4,LOCAL,NO,R,Meg Tuthill,Meg Tuthill,Meg Tuthill,Meg Tuthill,,Meg Tuthill,Meg Tuthill,Meg Tuthill,Meg Tuthill
148,Minneapolis_11062009_Ward11CityCouncil.csv,[],no,,,0.981736302,3,LOCAL,NO,R,John Quincy,John Quincy,John Quincy,John Quincy,,John Quincy,John Quincy,John Quincy,John Quincy
149,Minneapolis_11062009_Ward12CityCouncil.csv,[],no,,,0.935894714,4,LOCAL,NO,R,Sandy Colvin Roy,Sandy Colvin Roy,Sandy Colvin Roy,Sandy Colvin Roy,,Sandy Colvin Roy,Sandy Colvin Roy,Sandy Colvin Roy,Sandy Colvin Roy
150,Minneapolis_11062009_Ward13CityCouncil.csv,[],no,,,0.969722315,3,LOCAL,NO,R,Betsy Hodges,Betsy Hodges,Betsy Hodges,Betsy Hodges,,Betsy Hodges,Betsy Hodges,Betsy Hodges,Betsy Hodges
151,Minneapolis_11062009_Ward1CityCouncil.csv,[],no,,,0.880544355,5,LOCAL,NO,R,Kevin Reich,Kevin Reich,Kevin Reich,Kevin Reich,,Kevin Reich,Kevin Reich,Kevin Reich,Kevin Reich
152,Minneapolis_11062009_Ward2CityCouncil.csv,[],no,,,1.0,2,LOCAL,NO,R,Cam Gordon,Cam Gordon,Cam Gordon,Cam Gordon,,Cam Gordon,Cam Gordon,Cam Gordon,Cam Gordon
153,Minneapolis_11062009_Ward3CityCouncil.csv,[],no,,,0.978072179,4,LOCAL,NO,R,Diane Hofstede,Diane Hofstede,Diane Hofstede,Diane Hofstede,,Diane Hofstede,Diane Hofstede,Diane Hofstede,Diane Hofstede
154,Minneapolis_11062009_Ward4CityCouncil.csv,[],no,,,0.899271845,4,LOCAL,NO,R,Barbara A. Johnson,Barbara A. Johnson,Barbara A. Johnson,Barbara A. Johnson,,Barbara A. Johnson,Barbara A. Johnson,Barbara A. Johnson,Barbara A. Johnson
155,Minneapolis_11062009_Ward5CityCouncil.csv,[],no,,,0.88960739,5,LOCAL,NO,R,Don Samuels,Don Samuels,Don Samuels,Don Samuels,,Don Samuels,Don Samuels,Don Samuels,Don Samuels
156,Minneapolis_11062009_Ward6CityCouncil.csv,[],no,,,0.852178423,6,LOCAL,NO,R,Robert Lilligren,Robert Lilligren,Robert Lilligren,Robert Lilligren,,Robert Lilligren,Robert Lilligren,Robert Lilligren,Robert Lilligren
157,Minneapolis_11062009_Ward7CityCouncil.csv,[],no,,,0.937800137,3,LOCAL,NO,R,Lisa Goodman,Lisa Goodman,Lisa Goodman,Lisa Goodman,,Lisa Goodman,Lisa Goodman,Lisa Goodman,Lisa Goodman
158,Minneapolis_11062009_Ward8CityCouncil.csv,[],no,,,0.872292273,5,LOCAL,NO,R,Elizabeth Glidden,Elizabeth Glidden,Elizabeth Glidden,Elizabeth Glidden,,Elizabeth Glidden,Elizabeth Glidden,Elizabeth Glidden,Elizabeth Glidden
159,Minneapolis_11062009_Ward9CityCouncil.csv,[],no,,,0.95322419,4,LOCAL,NO,R,Gary Schiff,Gary Schiff,Gary Schiff,Gary Schiff,,Gary Schiff,Gary Schiff,Gary Schiff,Gary Schiff
160,Minneapolis_11072017_Mayor.csv,[],no,,,0.784171973,18,LOCAL,NO,E,Jacob Frey,Jacob Frey,Jacob Frey,Jacob Frey,,Jacob Frey,Jacob Frey,Jacob Frey,Jacob Frey
161,Minneapolis_11072017_PRBoardDistrict1.csv,[],no,,,0.907800422,3,LOCAL,NO,B,Chris Meyer,Chris Meyer,Chris Meyer,Chris Meyer,,Chris Meyer,Chris Meyer,Chris Meyer,Chris Meyer
162,Minneapolis_11072017_PRBoardDistrict2.csv,[],no,,,1.0,2,LOCAL,NO,B,Kale Severson,Kale Severson,Kale Severson,Kale Severson,,Kale Severson,Kale Severson,Kale Severson,Kale Severson
163,Minneapolis_11072017_PRBoardDistrict3.csv,[],no,,,0.952423391,3,LOCAL,NO,B,AK Hassan,AK Hassan,AK Hassan,AK Hassan,,AK Hassan,AK Hassan,AK Hassan,AK Hassan
164,Minneapolis_11072017_PRBoardDistrict4.csv,[],no,,,1.0,2,LOCAL,NO,B,Jono Cowgill,Jono Cowgill,Jono Cowgill,Jono Cowgill,,Jono Cowgill,Jono Cowgill,Tom Nordyke,Tom Nordyke
165,Minneapolis_11072017_PRBoardDistrict5.csv,[],no,,,0.939108911,3,LOCAL,NO,B,Steffanie Musich,Steffanie Musich,Steffanie Musich,Steffanie Musich,,Steffanie Musich,Steffanie Musich,Steffanie Musich,Steffanie Musich
166,Minneapolis_11072017_PRBoardDistrict6.csv,"['IRV', 'Condorcet']",yes,,,0.934555116,4,LOCAL,NO,B,Brad Bourn,Bob Fine,Brad Bourn,Brad Bourn,,Bob Fine,Brad Bourn,Bob Fine,Bob Fine
167,Minneapolis_11072017_Ward10CityCouncil.csv,[],no,,,0.855466174,4,LOCAL,NO,R,Lisa Bender,Lisa Bender,Lisa Bender,Lisa Bender,,Lisa Bender,Lisa Bender,Lisa Bender,Lisa Bender
168,Minneapolis_11072017_Ward11CityCouncil.csv,[],no,,,0.860083206,3,LOCAL,NO,R,Jeremy Schroeder,Jeremy Schroeder,Jeremy Schroeder,Jeremy Schroeder,,Jeremy Schroeder,Jeremy Schroeder,Jeremy Schroeder,Jeremy Schroeder
169,Minneapolis_11072017_Ward12CityCouncil.csv,[],no,,,0.893679858,3,LOCAL,NO,R,Andrew Johnson,Andrew Johnson,Andrew Johnson,Andrew Johnson,,Andrew Johnson,Andrew Johnson,Andrew Johnson,Andrew Johnson
170,Minneapolis_11072017_Ward13CityCouncil.csv,[],no,,,1.0,2,LOCAL,NO,R,Linea Palmisano,Linea Palmisano,Linea Palmisano,Linea Palmisano,,Linea Palmisano,Linea Palmisano,Linea Palmisano,Linea Palmisano
171,Minneapolis_11072017_Ward1CityCouncil.csv,"['IRV', 'Condorcet', 'Plurality', 'Approval']",yes,,,0.93523613,3,LOCAL,NO,R,Kevin Reich,Jillia Pessenda,Kevin Reich,Kevin Reich,,Jillia Pessenda,Jillia Pessenda,Jillia Pessenda,Kevin Reich
172,Minneapolis_11072017_Ward3CityCouncil.csv,[],no,,,0.891756347,4,LOCAL,NO,R,Steve Fletcher,Steve Fletcher,Steve Fletcher,Ginger Jentzen,,Steve Fletcher,Ginger Jentzen,Steve Fletcher,Steve Fletcher
173,Minneapolis_11072017_Ward4CityCouncil.csv,['Plurality'],no,,,0.898040708,4,LOCAL,NO,R,Phillipe M. Cunningham,Phillipe M. Cunningham,Phillipe M. Cunningham,"Barbara A. ""Barb"" Johnson",,Phillipe M. Cunningham,Phillipe M. Cunningham,Phillipe M. Cunningham,Phillipe M. Cunningham
174,Minneapolis_11072017_Ward5CityCouncil.csv,[],no,,,0.885721074,4,LOCAL,NO,R,Jeremiah Ellison,Jeremiah Ellison,Jeremiah Ellison,Jeremiah Ellison,,Jeremiah Ellison,Jeremiah Ellison,Jeremiah Ellison,Jeremiah Ellison
175,Minneapolis_11072017_Ward6CityCouncil.csv,[],no,,,0.988496188,4,LOCAL,NO,R,Abdi Warsame,Abdi Warsame,Abdi Warsame,Abdi Warsame,,Abdi Warsame,Abdi Warsame,Abdi Warsame,Abdi Warsame
176,Minneapolis_11072017_Ward7CityCouncil.csv,[],no,,,0.879762167,4,LOCAL,NO,R,Lisa Goodman,Lisa Goodman,Lisa Goodman,Lisa Goodman,,Lisa Goodman,Lisa Goodman,Lisa Goodman,Lisa Goodman
177,Minneapolis_11072017_Ward8CityCouncil.csv,[],no,,,0.802688308,4,LOCAL,NO,R,Andrea Jenkins,Andrea Jenkins,Andrea Jenkins,Andrea Jenkins,,Andrea Jenkins,Andrea Jenkins,Andrea Jenkins,Andrea Jenkins
178,Minneapolis_11072017_Ward9CityCouncil.csv,['Approval'],no,,,0.822109276,4,LOCAL,NO,R,Alondra Cano,Alondra Cano,Alondra Cano,Alondra Cano,,Alondra Cano,Alondra Cano,Mohamed Farah,Alondra Cano
179,Minnetonka_11022021_CityCouncilAtLargeSeatA.csv,[],no,,,0.92129415,5,LOCAL,NO,R,Deb Calvert,Deb Calvert,Deb Calvert,Deb Calvert,,Deb Calvert,Deb Calvert,Deb Calvert,Deb Calvert
180,Minnetonka_11022021_CityCouncilAtLargeSeatB.csv,[],no,,,0.919126328,5,LOCAL,NO,R,Kimberly Wilburn,Kimberly Wilburn,Kimberly Wilburn,Kimberly Wilburn,,Kimberly Wilburn,Kimberly Wilburn,Kimberly Wilburn,Kimberly Wilburn
181,Minnetonka_11022021_Mayor.csv,[],no,,,1.0,2,LOCAL,NO,E,Brad Wiersum,Brad Wiersum,Brad Wiersum,Brad Wiersum,,Brad Wiersum,Brad Wiersum,Brad Wiersum,Brad Wiersum
182,NewYorkCity_06222021_CONCouncilMember19thCouncilDistrict.csv,[],no,,,1.0,2,LOCAL,NO,R,John-Alexander Sakelos,John-Alexander Sakelos,John-Alexander Sakelos,John-Alexander Sakelos,,John-Alexander Sakelos,John-Alexander Sakelos,John-Alexander Sakelos,John-Alexander Sakelos
183,NewYorkCity_06222021_DEMBoroughPresidentBronx.csv,[],no,,,0.66626627,5,LOCAL,DP,E,Vanessa L. Gibson,Vanessa L. Gibson,Vanessa L. Gibson,Vanessa L. Gibson,,Vanessa L. Gibson,Vanessa L. Gibson,Vanessa L. Gibson,Vanessa L. Gibson
184,NewYorkCity_06222021_DEMBoroughPresidentKings.csv,[],no,,,0.687332859,12,LOCAL,DP,E,Antonio Reynoso,Antonio Reynoso,Antonio Reynoso,Antonio Reynoso,,Antonio Reynoso,Antonio Reynoso,Antonio Reynoso,Antonio Reynoso
185,NewYorkCity_06222021_DEMBoroughPresidentNewYork.csv,[],no,,,0.677257117,7,LOCAL,DP,E,Mark D. Levine,Mark D. Levine,Mark D. Levine,Mark D. Levine,,Mark D. Levine,Mark D. Levine,Mark D. Levine,Mark D. Levine
186,NewYorkCity_06222021_DEMBoroughPresidentQueens.csv,"['IRV', 'Condorcet', 'Plurality']",yes,,,0.922902076,3,LOCAL,DP,E,Donovan J. Richards Jr.,Elizabeth S. Crowley,Donovan J. Richards Jr.,Donovan J. Richards Jr.,,Elizabeth S. Crowley,Elizabeth S. Crowley,Elizabeth S. Crowley,Elizabeth S. Crowley
187,NewYorkCity_06222021_DEMBoroughPresidentRichmond.csv,[],no,,,0.685076422,5,LOCAL,DP,E,Mark S. Murphy,Mark S. Murphy,Mark S. Murphy,Mark S. Murphy,,Mark S. Murphy,Mark S. Murphy,Mark S. Murphy,Mark S. Murphy
188,NewYorkCity_06222021_DEMComptrollerCitywide.csv,[],no,,,0.664014037,10,LOCAL,DP,O,Brad Lander,Brad Lander,Brad Lander,Brad Lander,,Brad Lander,Brad Lander,Corey D. Johnson,Corey D. Johnson
189,NewYorkCity_06222021_DEMCouncilMember10thCouncilDistrict.csv,[],no,,,0.695678792,8,LOCAL,DP,R,Carmen N. De La Rosa,Carmen N. De La Rosa,Carmen N. De La Rosa,Carmen N. De La Rosa,,Carmen N. De La Rosa,Carmen N. De La Rosa,Carmen N. De La Rosa,Carmen N. De La Rosa
190,NewYorkCity_06222021_DEMCouncilMember11thCouncilDistrict.csv,[],no,,,0.644797841,7,LOCAL,DP,R,Eric Dinowitz,Eric Dinowitz,Eric Dinowitz,Eric Dinowitz,,Eric Dinowitz,Eric Dinowitz,Eric Dinowitz,Eric Dinowitz
191,NewYorkCity_06222021_DEMCouncilMember12thCouncilDistrict.csv,['Approval'],no,,,0.850931319,3,LOCAL,DP,R,Kevin Riley,Kevin Riley,Kevin Riley,Kevin Riley,,Kevin Riley,Kevin Riley,Pamela A. Hamilton-Johnson,Kevin Riley
192,NewYorkCity_06222021_DEMCouncilMember13thCouncilDistrict.csv,[],no,,,0.695512499,5,LOCAL,DP,R,Marjorie Velazquez,Marjorie Velazquez,Marjorie Velazquez,Marjorie Velazquez,,Marjorie Velazquez,Marjorie Velazquez,Marjorie Velazquez,Marjorie Velazquez
193,NewYorkCity_06222021_DEMCouncilMember14thCouncilDistrict.csv,[],no,,,0.599407156,6,LOCAL,DP,R,Pierina Ana Sanchez,Pierina Ana Sanchez,Pierina Ana Sanchez,Pierina Ana Sanchez,,Pierina Ana Sanchez,Pierina Ana Sanchez,Pierina Ana Sanchez,Pierina Ana Sanchez
194,NewYorkCity_06222021_DEMCouncilMember15thCouncilDistrict.csv,[],no,,,0.640004855,8,LOCAL,DP,R,Oswald Feliz,Oswald Feliz,Oswald Feliz,Oswald Feliz,,Oswald Feliz,Oswald Feliz,Oswald Feliz,Oswald Feliz
195,NewYorkCity_06222021_DEMCouncilMember16thCouncilDistrict.csv,[],no,,,0.819745034,4,LOCAL,DP,R,Althea V. Stevens,Althea V. Stevens,Althea V. Stevens,Althea V. Stevens,,Althea V. Stevens,Althea V. Stevens,Althea V. Stevens,Althea V. Stevens
196,NewYorkCity_06222021_DEMCouncilMember17thCouncilDistrict.csv,[],no,,,1.0,2,LOCAL,DP,R,Rafael Salamanca Jr.,Rafael Salamanca Jr.,Rafael Salamanca Jr.,Rafael Salamanca Jr.,,Rafael Salamanca Jr.,Rafael Salamanca Jr.,Rafael Salamanca Jr.,Rafael Salamanca Jr.
197,NewYorkCity_06222021_DEMCouncilMember18thCouncilDistrict.csv,"['IRV', 'Condorcet', 'Plurality', 'Approval']",yes,,,0.581141758,8,LOCAL,DP,R,Amanda Farias,William Rivera,Amanda Farias,Amanda Farias,,William Rivera,William Rivera,William Rivera,Amanda Farias
198,NewYorkCity_06222021_DEMCouncilMember19thCouncilDistrict.csv,[],no,,,0.722413398,6,LOCAL,DP,R,Tony Avella,Tony Avella,Tony Avella,Tony Avella,,Tony Avella,Tony Avella,Tony Avella,Tony Avella
199,NewYorkCity_06222021_DEMCouncilMember1stCouncilDistrict.csv,[],no,,,0.642291314,9,LOCAL,DP,R,Christopher Marte,Christopher Marte,Christopher Marte,Christopher Marte,,Christopher Marte,Christopher Marte,Christopher Marte,Christopher Marte
200,NewYorkCity_06222021_DEMCouncilMember20thCouncilDistrict.csv,[],no,,,0.657177753,8,LOCAL,DP,R,Sandra Ung,Sandra Ung,Sandra Ung,Sandra Ung,,Sandra Ung,Sandra Ung,Sandra Ung,Sandra Ung
201,NewYorkCity_06222021_DEMCouncilMember21stCouncilDistrict.csv,[],no,,,0.735926305,5,LOCAL,DP,R,Francisco P. Moya,Francisco P. Moya,Francisco P. Moya,Francisco P. Moya,,Francisco P. Moya,Francisco P. Moya,Francisco P. Moya,Francisco P. Moya
202,NewYorkCity_06222021_DEMCouncilMember22ndCouncilDistrict.csv,[],no,,,0.687950249,6,LOCAL,DP,R,Tiffany Caban,Tiffany Caban,Tiffany Caban,Tiffany Caban,,Tiffany Caban,Tiffany Caban,Tiffany Caban,Tiffany Caban
203,NewYorkCity_06222021_DEMCouncilMember23rdCouncilDistrict.csv,[],no,,,0.655577063,7,LOCAL,DP,R,Linda Lee,Linda Lee,Linda Lee,Linda Lee,,Linda Lee,Linda Lee,Linda Lee,Linda Lee
204,NewYorkCity_06222021_DEMCouncilMember24thCouncilDistrict.csv,[],no,,,0.780429594,4,LOCAL,DP,R,James F. Gennaro,James F. Gennaro,James F. Gennaro,James F. Gennaro,,James F. Gennaro,James F. Gennaro,James F. Gennaro,James F. Gennaro
205,NewYorkCity_06222021_DEMCouncilMember25thCouncilDistrict.csv,"['IRV', 'Condorcet', 'Approval']",no,,,0.661887854,8,LOCAL,DP,R,Shekar Krishnan,Yi Andy Chen,Shekar Krishnan,Yi Andy Chen,,Yi Andy Chen,Yi Andy Chen,Yi Andy Chen,Shekar Krishnan
206,NewYorkCity_06222021_DEMCouncilMember26thCouncilDistrict.csv,[],no,,,0.48,15,LOCAL,DP,R,Julie Won,Julie Won,Julie Won,Julie Won,,Julie Won,Julie Won,Julie Won,Julie Won
207,NewYorkCity_06222021_DEMCouncilMember27thCouncilDistrict.csv,[],no,,,0.48863859,12,LOCAL,DP,R,Nantasha M. Williams,Nantasha M. Williams,Nantasha M. Williams,Nantasha M. Williams,,Nantasha M. Williams,Nantasha M. Williams,Nantasha M. Williams,Nantasha M. Williams
208,NewYorkCity_06222021_DEMCouncilMember28thCouncilDistrict.csv,[],no,,,0.890203907,3,LOCAL,DP,R,Adrienne E. Adams,Adrienne E. Adams,Adrienne E. Adams,Adrienne E. Adams,,Adrienne E. Adams,Adrienne E. Adams,Adrienne E. Adams,Adrienne E. Adams
209,NewYorkCity_06222021_DEMCouncilMember29thCouncilDistrict.csv,[],no,,,0.616659856,9,LOCAL,DP,R,Lynn C. Schulman,Lynn C. Schulman,Lynn C. Schulman,Lynn C. Schulman,,Lynn C. Schulman,Lynn C. Schulman,Lynn C. Schulman,Lynn C. Schulman
210,NewYorkCity_06222021_DEMCouncilMember2ndCouncilDistrict.csv,[],no,,,1.0,2,LOCAL,DP,R,Carlina Rivera,Carlina Rivera,Carlina Rivera,Carlina Rivera,,Carlina Rivera,Carlina Rivera,Carlina Rivera,Carlina Rivera
211,NewYorkCity_06222021_DEMCouncilMember30thCouncilDistrict.csv,[],no,,,1.0,2,LOCAL,DP,R,Robert F. Holden,Robert F. Holden,Robert F. Holden,Robert F. Holden,,Robert F. Holden,Robert F. Holden,Robert F. Holden,Robert F. Holden
212,NewYorkCity_06222021_DEMCouncilMember31stCouncilDistrict.csv,[],no,,,0.879619786,3,LOCAL,DP,R,Selvena N. Brooks-Powers,Selvena N. Brooks-Powers,Selvena N. Brooks-Powers,Selvena N. Brooks-Powers,,Selvena N. Brooks-Powers,Selvena N. Brooks-Powers,Selvena N. Brooks-Powers,Selvena N. Brooks-Powers
213,NewYorkCity_06222021_DEMCouncilMember32ndCouncilDistrict.csv,"['IRV', 'Condorcet', 'Plurality', 'Approval']",yes,,,0.690441248,6,LOCAL,DP,R,Felicia Singh,Michael G. Scala,Felicia Singh,Felicia Singh,,Michael G. Scala,Michael G. Scala,Michael G. Scala,Felicia Singh
214,NewYorkCity_06222021_DEMCouncilMember33rdCouncilDistrict.csv,[],no,,,0.700253616,8,LOCAL,DP,R,Lincoln Restler,Lincoln Restler,Lincoln Restler,Lincoln Restler,,Lincoln Restler,Lincoln Restler,Lincoln Restler,Lincoln Restler
215,NewYorkCity_06222021_DEMCouncilMember34thCouncilDistrict.csv,[],no,,,0.821652943,4,LOCAL,DP,R,Jennifer Gutierrez,Jennifer Gutierrez,Jennifer Gutierrez,Jennifer Gutierrez,,Jennifer Gutierrez,Jennifer Gutierrez,Jennifer Gutierrez,Jennifer Gutierrez
216,NewYorkCity_06222021_DEMCouncilMember35thCouncilDistrict.csv,[],no,,,0.735636135,7,LOCAL,DP,R,Crystal Hudson,Crystal Hudson,Crystal Hudson,Crystal Hudson,,Crystal Hudson,Crystal Hudson,Crystal Hudson,Crystal Hudson
217,NewYorkCity_06222021_DEMCouncilMember36thCouncilDistrict.csv,['Approval'],no,,,0.734899329,5,LOCAL,DP,R,Chi A. Osse,Chi A. Osse,Chi A. Osse,Chi A. Osse,,Chi A. Osse,Chi A. Osse,Chi A. Osse,Tahirah A. Moore
218,NewYorkCity_06222021_DEMCouncilMember37thCouncilDistrict.csv,[],no,,,0.702168719,6,LOCAL,DP,R,Sandy Nurse,Sandy Nurse,Sandy Nurse,Sandy Nurse,,Sandy Nurse,Sandy Nurse,Sandy Nurse,Sandy Nurse
219,NewYorkCity_06222021_DEMCouncilMember38thCouncilDistrict.csv,[],no,,,0.706431107,6,LOCAL,DP,R,Alexa Aviles,Alexa Aviles,Alexa Aviles,Alexa Aviles,,Alexa Aviles,Alexa Aviles,Alexa Aviles,Alexa Aviles
220,NewYorkCity_06222021_DEMCouncilMember39thCouncilDistrict.csv,[],no,,,0.670614011,7,LOCAL,DP,R,Shahana K. Hanif,Shahana K. Hanif,Shahana K. Hanif,Shahana K. Hanif,,Shahana K. Hanif,Shahana K. Hanif,Shahana K. Hanif,Shahana K. Hanif
221,NewYorkCity_06222021_DEMCouncilMember3rdCouncilDistrict.csv,[],no,,,0.72500263,6,LOCAL,DP,R,Erik D. Bottcher,Erik D. Bottcher,Erik D. Bottcher,Erik D. Bottcher,,Erik D. Bottcher,Erik D. Bottcher,Erik D. Bottcher,Erik D. Bottcher
222,NewYorkCity_06222021_DEMCouncilMember40thCouncilDistrict.csv,[],no,,,0.602432807,11,LOCAL,DP,R,Rita C. Joseph,Rita C. Joseph,Rita C. Joseph,Rita C. Joseph,,Rita C. Joseph,Rita C. Joseph,Rita C. Joseph,Rita C. Joseph
223,NewYorkCity_06222021_DEMCouncilMember41stCouncilDistrict.csv,[],no,,,1.0,2,LOCAL,DP,R,Darlene Mealy,Darlene Mealy,Darlene Mealy,Darlene Mealy,,Darlene Mealy,Darlene Mealy,Darlene Mealy,Darlene Mealy
224,NewYorkCity_06222021_DEMCouncilMember42ndCouncilDistrict.csv,[],no,,,0.757263535,4,LOCAL,DP,R,Charles Barron,Charles Barron,Charles Barron,Charles Barron,,Charles Barron,Charles Barron,Charles Barron,Charles Barron
225,NewYorkCity_06222021_DEMCouncilMember45thCouncilDistrict.csv,[],no,,,0.929475869,3,LOCAL,DP,R,Farah N. Louis,Farah N. Louis,Farah N. Louis,Farah N. Louis,,Farah N. Louis,Farah N. Louis,Farah N. Louis,Farah N. Louis
226,NewYorkCity_06222021_DEMCouncilMember46thCouncilDistrict.csv,[],no,,,0.635601017,8,LOCAL,DP,R,Mercedes Narcisse,Mercedes Narcisse,Mercedes Narcisse,Mercedes Narcisse,,Mercedes Narcisse,Mercedes Narcisse,Mercedes Narcisse,Mercedes Narcisse
227,NewYorkCity_06222021_DEMCouncilMember47thCouncilDistrict.csv,[],no,,,0.763525305,4,LOCAL,DP,R,Ari Kagan,Ari Kagan,Ari Kagan,Ari Kagan,,Ari Kagan,Ari Kagan,Ari Kagan,Ari Kagan
228,NewYorkCity_06222021_DEMCouncilMember48thCouncilDistrict.csv,[],no,,,0.714611872,5,LOCAL,DP,R,Steven Saperstein,Steven Saperstein,Steven Saperstein,Steven Saperstein,,Steven Saperstein,Steven Saperstein,Steven Saperstein,Steven Saperstein
229,NewYorkCity_06222021_DEMCouncilMember49thCouncilDistrict.csv,[],no,,,0.543728172,9,LOCAL,DP,R,Kamillah Hanks,Kamillah Hanks,Kamillah Hanks,Kamillah Hanks,,Kamillah Hanks,Kamillah Hanks,Kamillah Hanks,Kamillah Hanks
230,NewYorkCity_06222021_DEMCouncilMember5thCouncilDistrict.csv,[],no,,,0.674286838,7,LOCAL,DP,R,Julie Menin,Julie Menin,Julie Menin,Julie Menin,,Julie Menin,Julie Menin,Julie Menin,Julie Menin
231,NewYorkCity_06222021_DEMCouncilMember6thCouncilDistrict.csv,[],no,,,0.730844395,6,LOCAL,DP,R,Gale A. Brewer,Gale A. Brewer,Gale A. Brewer,Gale A. Brewer,,Gale A. Brewer,Gale A. Brewer,Gale A. Brewer,Gale A. Brewer
232,NewYorkCity_06222021_DEMCouncilMember7thCouncilDistrict.csv,[],no,,,0.586628759,12,LOCAL,DP,R,Shaun Abreu,Shaun Abreu,Shaun Abreu,Shaun Abreu,,Shaun Abreu,Shaun Abreu,Shaun Abreu,Shaun Abreu
233,NewYorkCity_06222021_DEMCouncilMember8thCouncilDistrict.csv,[],no,,,0.751881628,4,LOCAL,DP,R,Diana I. Ayala,Diana I. Ayala,Diana I. Ayala,Diana I. Ayala,,Diana I. Ayala,Diana I. Ayala,Diana I. Ayala,Diana I. Ayala
234,NewYorkCity_06222021_DEMCouncilMember9thCouncilDistrict.csv,"['IRV', 'Condorcet']",yes,,,0.525760349,13,LOCAL,DP,R,Kristin Richardson Jordan,Bill Perkins,Kristin Richardson Jordan,Bill Perkins,,Bill Perkins,Bill Perkins,Bill Perkins,Bill Perkins
235,NewYorkCity_06222021_DEMMayorCitywide.csv,[],no,,,0.462661277,13,LOCAL,DP,E,Eric L. Adams,Eric L. Adams,Eric L. Adams,Eric L. Adams,,Eric L. Adams,Eric L. Adams,Eric L. Adams,Eric L. Adams
236,NewYorkCity_06222021_DEMPublicAdvocateCitywide.csv,[],no,,,0.898467414,3,LOCAL,DP,O,Jumaane D. Williams,Jumaane D. Williams,Jumaane D. Williams,Jumaane D. Williams,,Jumaane D. Williams,Jumaane D. Williams,Jumaane D. Williams,Jumaane D. Williams
237,NewYorkCity_06222021_REPBoroughPresidentQueens.csv,[],no,,,1.0,2,LOCAL,RP,E,219566,219566,219566,219566,,219566,219566,219566,219566
238,NewYorkCity_06222021_REPBoroughPresidentRichmond.csv,"['IRV', 'Condorcet']",yes,,,0.841874458,4,LOCAL,RP,E,Vito Fossella,Steven Matteo,Vito Fossella,Vito Fossella,,Steven Matteo,Vito Fossella,Vito Fossella,Vito Fossella
239,NewYorkCity_06222021_REPCouncilMember15thCouncilDistrict.csv,[],no,,,1.0,2,LOCAL,RP,R,Ariel Rivera-Diaz,Ariel Rivera-Diaz,Ariel Rivera-Diaz,Ariel Rivera-Diaz,,Ariel Rivera-Diaz,Ariel Rivera-Diaz,Ariel Rivera-Diaz,Ariel Rivera-Diaz
240,NewYorkCity_06222021_REPCouncilMember19thCouncilDistrict.csv,[],no,,,1.0,2,LOCAL,RP,R,Vickie Paladino,Vickie Paladino,Vickie Paladino,Vickie Paladino,,Vickie Paladino,Vickie Paladino,Vickie Paladino,Vickie Paladino
241,NewYorkCity_06222021_REPCouncilMember23rdCouncilDistrict.csv,[],no,,,1.0,2,LOCAL,RP,R,James F. Reilly,James F. Reilly,James F. Reilly,James F. Reilly,,James F. Reilly,James F. Reilly,James F. Reilly,James F. Reilly
242,NewYorkCity_06222021_REPCouncilMember24thCouncilDistrict.csv,[],no,,,1.0,2,LOCAL,RP,R,Timothy Rosen,Timothy Rosen,Timothy Rosen,Timothy Rosen,,Timothy Rosen,Timothy Rosen,Timothy Rosen,Timothy Rosen
243,NewYorkCity_06222021_REPCouncilMember32ndCouncilDistrict.csv,[],no,,,1.0,2,LOCAL,RP,R,Joann Ariola,Joann Ariola,Joann Ariola,Joann Ariola,,Joann Ariola,Joann Ariola,Joann Ariola,Joann Ariola
244,NewYorkCity_06222021_REPCouncilMember50thCouncilDistrict.csv,"['IRV', 'Condorcet']",no,,,0.771511967,5,LOCAL,RP,R,David M. Carr,Marko Kepi,David M. Carr,Marko Kepi,,Marko Kepi,Marko Kepi,Marko Kepi,Marko Kepi
245,NewYorkCity_06222021_REPMayorCitywide.csv,[],no,,,1.0,2,LOCAL,RP,E,Curtis A. Sliwa,Curtis A. Sliwa,Curtis A. Sliwa,Curtis A. Sliwa,,Curtis A. Sliwa,Curtis A. Sliwa,Curtis A. Sliwa,Curtis A. Sliwa
246,Oakland_11022010_CityAuditor.csv,[],no,,,1.0,2,LOCAL,NO,O,COURTNEY RUBY,COURTNEY RUBY,COURTNEY RUBY,COURTNEY RUBY,,COURTNEY RUBY,COURTNEY RUBY,COURTNEY RUBY,COURTNEY RUBY
247,Oakland_11022010_CityCouncilDistrict2.csv,[],no,,,1.0,2,LOCAL,NO,E,PATRICIA KERNIGHAN,PATRICIA KERNIGHAN,PATRICIA KERNIGHAN,PATRICIA KERNIGHAN,,PATRICIA KERNIGHAN,PATRICIA KERNIGHAN,PATRICIA KERNIGHAN,PATRICIA KERNIGHAN
248,Oakland_11022010_CityCouncilDistrict4.csv,[],no,,,0.84913937,7,LOCAL,NO,R,LIBBY SCHAAF,LIBBY SCHAAF,LIBBY SCHAAF,LIBBY SCHAAF,,LIBBY SCHAAF,LIBBY SCHAAF,LIBBY SCHAAF,LIBBY SCHAAF
249,Oakland_11022010_CityCouncilDistrict6.csv,[],no,,,0.820018651,3,LOCAL,NO,R,DESLEY BROOKS,DESLEY BROOKS,DESLEY BROOKS,DESLEY BROOKS,,DESLEY BROOKS,DESLEY BROOKS,DESLEY BROOKS,DESLEY BROOKS
250,Oakland_11022010_Mayor.csv,[],no,,,0.768744882,10,LOCAL,NO,E,JEAN QUAN,JEAN QUAN,JEAN QUAN,DON PERATA,,JEAN QUAN,DON PERATA,JEAN QUAN,JEAN QUAN
251,Oakland_11022010_SchoolDirectorDistrict4.csv,[],no,,,1.0,2,LOCAL,NO,B,GARY D. YEE,GARY D. YEE,GARY D. YEE,GARY D. YEE,,GARY D. YEE,GARY D. YEE,GARY D. YEE,GARY D. YEE
252,Oakland_11032020_CityAttorneyOaklandRCV.csv,[],no,,,1.0,2,LOCAL,NO,O,BARBARA PARKER,BARBARA PARKER,BARBARA PARKER,BARBARA PARKER,,BARBARA PARKER,BARBARA PARKER,BARBARA PARKER,BARBARA PARKER
253,Oakland_11032020_MemberCityCouncilAtLargeOaklandRCV.csv,"['IRV', 'Condorcet', 'Plurality', 'Approval']",yes,,,0.877497388,3,LOCAL,NO,R,REBECCA KAPLAN,DERRECK B. JOHNSON,REBECCA KAPLAN,REBECCA KAPLAN,,DERRECK B. JOHNSON,DERRECK B. JOHNSON,DERRECK B. JOHNSON,REBECCA KAPLAN
254,Oakland_11032020_MemberCityCouncilDist1OaklandRCV.csv,[],no,,,0.869124424,3,LOCAL,NO,R,DAN KALB,DAN KALB,DAN KALB,DAN KALB,,DAN KALB,DAN KALB,DAN KALB,DAN KALB
255,Oakland_11032020_MemberCityCouncilDist3OaklandRCV.csv,[],no,,,0.561540708,6,LOCAL,NO,R,CARROLL FIFE,CARROLL FIFE,CARROLL FIFE,CARROLL FIFE,,CARROLL FIFE,CARROLL FIFE,CARROLL FIFE,CARROLL FIFE
256,Oakland_11032020_MemberCityCouncilDist5OaklandRCV.csv,"['IRV', 'Condorcet', 'Approval']",yes,,,0.852951115,3,LOCAL,NO,R,NOEL GALLO,RICHARD SANTOS RAYA,NOEL GALLO,NOEL GALLO,,RICHARD SANTOS RAYA,NOEL GALLO,RICHARD SANTOS RAYA,NOEL GALLO
257,Oakland_11032020_MemberCityCouncilDist7OaklandRCV.csv,['Approval'],yes,,,0.485817589,5,LOCAL,NO,R,TREVA REID,TREVA REID,TREVA REID,TREVA REID,,TREVA REID,TREVA REID,"ROBERT ""BOB"" JACKSON",TREVA REID
258,Oakland_11032020_SchoolDirectorDist1OaklandRCV.csv,[],no,,,0.936720608,3,LOCAL,NO,B,SAM DAVIS,SAM DAVIS,SAM DAVIS,SAM DAVIS,,SAM DAVIS,SAM DAVIS,SAM DAVIS,SAM DAVIS
259,Oakland_11032020_SchoolDirectorDist3OaklandRCV.csv,[],no,,,0.565364847,5,LOCAL,NO,B,VANCEDRIC WILLIAMS,VANCEDRIC WILLIAMS,VANCEDRIC WILLIAMS,VANCEDRIC WILLIAMS,,VANCEDRIC WILLIAMS,VANCEDRIC WILLIAMS,VANCEDRIC WILLIAMS,VANCEDRIC WILLIAMS
260,Oakland_11032020_SchoolDirectorDist5OaklandRCV.csv,[],no,,,0.660214552,4,LOCAL,NO,B,MIKE HUTCHINSON,MIKE HUTCHINSON,MIKE HUTCHINSON,MIKE HUTCHINSON,,MIKE HUTCHINSON,MIKE HUTCHINSON,MIKE HUTCHINSON,MIKE HUTCHINSON
261,Oakland_11032020_SchoolDirectorDist7OaklandRCV.csv,"['IRV', 'Condorcet', 'Plurality', 'Approval']",yes,,,0.521027148,5,LOCAL,NO,B,CLIFFORD THOMPSON,"BEN ""COACH"" TAPSCOTT",CLIFFORD THOMPSON,CLIFFORD THOMPSON,,"BEN ""COACH"" TAPSCOTT","BEN ""COACH"" TAPSCOTT","BEN ""COACH"" TAPSCOTT",CLIFFORD THOMPSON
262,Oakland_11042014_CityAuditor.csv,[],no,,,1.0,2,LOCAL,NO,O,BRENDA ROBERTS,BRENDA ROBERTS,BRENDA ROBERTS,BRENDA ROBERTS,,BRENDA ROBERTS,BRENDA ROBERTS,BRENDA ROBERTS,BRENDA ROBERTS
263,Oakland_11042014_CityCouncilDistrict2.csv,"['IRV', 'Condorcet', 'Plurality', 'Approval']",yes,,,0.842372881,5,LOCAL,NO,R,ABEL GUILLEN,DANA KING,ABEL GUILLEN,ABEL GUILLEN,,DANA KING,DANA KING,DANA KING,ABEL GUILLEN
264,Oakland_11042014_CityCouncilDistrict4.csv,[],no,,,0.932486593,3,LOCAL,NO,R,ANNIE CAMPBELL WASHINGTON,ANNIE CAMPBELL WASHINGTON,ANNIE CAMPBELL WASHINGTON,ANNIE CAMPBELL WASHINGTON,,ANNIE CAMPBELL WASHINGTON,ANNIE CAMPBELL WASHINGTON,ANNIE CAMPBELL WASHINGTON,ANNIE CAMPBELL WASHINGTON
265,Oakland_11042014_CityCouncilDistrict6.csv,['Approval'],no,,,0.884636022,5,LOCAL,NO,R,DESLEY BROOKS,DESLEY BROOKS,DESLEY BROOKS,DESLEY BROOKS,,DESLEY BROOKS,DESLEY BROOKS,SHEREDA F. NOSAKHARE,DESLEY BROOKS
266,Oakland_11042014_Mayor.csv,[],no,,,0.78096467,16,LOCAL,NO,E,LIBBY SCHAAF,LIBBY SCHAAF,LIBBY SCHAAF,LIBBY SCHAAF,,LIBBY SCHAAF,LIBBY SCHAAF,LIBBY SCHAAF,LIBBY SCHAAF
267,Oakland_11042014_SchoolDirectorDistrict2.csv,[],no,,,1.0,2,LOCAL,NO,B,AIMEE ENG,AIMEE ENG,AIMEE ENG,AIMEE ENG,,AIMEE ENG,AIMEE ENG,AIMEE ENG,AIMEE ENG
268,Oakland_11042014_SchoolDirectorDistrict4.csv,"['IRV', 'Condorcet', 'Plurality', 'Approval']",yes,,,0.854151177,4,LOCAL,NO,B,NINA SENN,KARL DEBRO,NINA SENN,NINA SENN,,KARL DEBRO,KARL DEBRO,KARL DEBRO,NINA SENN
269,Oakland_11042014_SchoolDirectorDistrict6.csv,[],no,,,1.0,2,LOCAL,NO,B,SHANTHI GONZALES,SHANTHI GONZALES,SHANTHI GONZALES,SHANTHI GONZALES,,SHANTHI GONZALES,SHANTHI GONZALES,SHANTHI GONZALES,SHANTHI GONZALES
270,Oakland_11062012_CityAttorney.csv,[],no,,,1.0,2,LOCAL,NO,O,BARBARA PARKER,BARBARA PARKER,BARBARA PARKER,BARBARA PARKER,,BARBARA PARKER,BARBARA PARKER,BARBARA PARKER,BARBARA PARKER
271,Oakland_11062012_CityCouncilAtLarge.csv,[],no,,,0.845628983,5,LOCAL,NO,R,REBECCA KAPLAN,REBECCA KAPLAN,REBECCA KAPLAN,REBECCA KAPLAN,,REBECCA KAPLAN,REBECCA KAPLAN,REBECCA KAPLAN,REBECCA KAPLAN
272,Oakland_11062012_CityCouncilDistrict1.csv,"['IRV', 'Condorcet', 'Approval']",yes,,,0.812390803,7,LOCAL,NO,R,DAN KALB,AMY LEMLEY,DAN KALB,DAN KALB,,AMY LEMLEY,DAN KALB,AMY LEMLEY,DAN KALB
273,Oakland_11062012_CityCouncilDistrict3.csv,['Plurality'],no,,,0.805534135,6,LOCAL,NO,R,LYNETTE GIBSON-MCELHANEY,LYNETTE GIBSON-MCELHANEY,LYNETTE GIBSON-MCELHANEY,SEAN SULLIVAN,,LYNETTE GIBSON-MCELHANEY,LYNETTE GIBSON-MCELHANEY,LYNETTE GIBSON-MCELHANEY,LYNETTE GIBSON-MCELHANEY
274,Oakland_11062012_CityCouncilDistrict5.csv,[],no,,,0.890435245,4,LOCAL,NO,R,NOEL GALLO,NOEL GALLO,NOEL GALLO,NOEL GALLO,,NOEL GALLO,NOEL GALLO,NOEL GALLO,NOEL GALLO
275,Oakland_11062012_CityCouncilDistrict7.csv,[],no,,,0.898140124,3,LOCAL,NO,R,LARRY E. REID,LARRY E. REID,LARRY E. REID,LARRY E. REID,,LARRY E. REID,LARRY E. REID,LARRY E. REID,LARRY E. REID
276,Oakland_11062012_SchoolDirectorDistrict1.csv,[],no,,,1.0,2,LOCAL,NO,B,JODY LONDON,JODY LONDON,JODY LONDON,JODY LONDON,,JODY LONDON,JODY LONDON,JODY LONDON,JODY LONDON
277,Oakland_11062012_SchoolDirectorDistrict3.csv,['Approval'],no,,,0.819783527,3,LOCAL,NO,B,JUMOKE HINTON HODGE,JUMOKE HINTON HODGE,JUMOKE HINTON HODGE,JUMOKE HINTON HODGE,,JUMOKE HINTON HODGE,JUMOKE HINTON HODGE,RICHARD FUENTES,JUMOKE HINTON HODGE
278,Oakland_11062012_SchoolDirectorDistrict5.csv,[],no,,,1.0,2,LOCAL,NO,B,ROSIE TORRES,ROSIE TORRES,ROSIE TORRES,ROSIE TORRES,,ROSIE TORRES,ROSIE TORRES,ROSIE TORRES,ROSIE TORRES
279,Oakland_11062012_SchoolDirectorDistrict7.csv,[],no,,,1.0,2,LOCAL,NO,B,JAMES HARRIS,JAMES HARRIS,JAMES HARRIS,JAMES HARRIS,,JAMES HARRIS,JAMES HARRIS,JAMES HARRIS,JAMES HARRIS
280,Oakland_11062018_CityAuditor.csv,[],no,,,1.0,2,LOCAL,NO,O,COURTNEY RUBY,COURTNEY RUBY,COURTNEY RUBY,COURTNEY RUBY,,COURTNEY RUBY,COURTNEY RUBY,COURTNEY RUBY,COURTNEY RUBY
281,Oakland_11062018_CityCouncilDistrict2.csv,[],no,,,0.948683772,3,LOCAL,NO,R,NIKKI FORTUNATO BAS,NIKKI FORTUNATO BAS,NIKKI FORTUNATO BAS,NIKKI FORTUNATO BAS,,NIKKI FORTUNATO BAS,NIKKI FORTUNATO BAS,NIKKI FORTUNATO BAS,NIKKI FORTUNATO BAS
282,Oakland_11062018_CityCouncilDistrict4.csv,"['IRV', 'Condorcet', 'Approval']",no,,,0.804977447,7,LOCAL,NO,R,SHENG THAO,PAM HARRIS,SHENG THAO,SHENG THAO,,PAM HARRIS,SHENG THAO,PAM HARRIS,SHENG THAO
283,Oakland_11062018_CityCouncilDistrict6.csv,[],no,,,0.841937647,5,LOCAL,NO,R,LOREN TAYLOR,LOREN TAYLOR,LOREN TAYLOR,LOREN TAYLOR,,LOREN TAYLOR,LOREN TAYLOR,LOREN TAYLOR,LOREN TAYLOR
284,Oakland_11062018_Mayor.csv,[],no,,,0.797998832,10,LOCAL,NO,E,LIBBY SCHAAF,LIBBY SCHAAF,LIBBY SCHAAF,LIBBY SCHAAF,,LIBBY SCHAAF,LIBBY SCHAAF,LIBBY SCHAAF,LIBBY SCHAAF
285,Oakland_11062018_SchoolDirectorDistrict4.csv,[],no,,,1.0,2,LOCAL,NO,B,GARY D. YEE,GARY D. YEE,GARY D. YEE,GARY D. YEE,,GARY D. YEE,GARY D. YEE,GARY D. YEE,GARY D. YEE
286,Oakland_11062018_SchoolDirectorDistrict6.csv,[],no,,,1.0,2,LOCAL,NO,B,SHANTHI GONZALES,SHANTHI GONZALES,SHANTHI GONZALES,SHANTHI GONZALES,,SHANTHI GONZALES,SHANTHI GONZALES,SHANTHI GONZALES,SHANTHI GONZALES
287,Oakland_11082016_CityCouncilDistrict1.csv,[],no,,,1.0,2,LOCAL,NO,R,DAN KALB,DAN KALB,DAN KALB,DAN KALB,,DAN KALB,DAN KALB,DAN KALB,DAN KALB
288,Oakland_11082016_CityCouncilDistrict3.csv,[],no,,,1.0,2,LOCAL,NO,R,LYNETTE GIBSON MCELHANEY,LYNETTE GIBSON MCELHANEY,LYNETTE GIBSON MCELHANEY,LYNETTE GIBSON MCELHANEY,,LYNETTE GIBSON MCELHANEY,LYNETTE GIBSON MCELHANEY,NONI D. SESSION,NONI D. SESSION
289,Oakland_11082016_CityCouncilDistrict5.csv,[],no,,,1.0,2,LOCAL,NO,R,NOEL GALLO,NOEL GALLO,NOEL GALLO,NOEL GALLO,,NOEL GALLO,NOEL GALLO,NOEL GALLO,NOEL GALLO
290,Oakland_11082016_CityCouncilDistrict7.csv,[],no,,,0.87876095,3,LOCAL,NO,R,LARRY E. REID,LARRY E. REID,LARRY E. REID,LARRY E. REID,,LARRY E. REID,LARRY E. REID,LARRY E. REID,LARRY E. REID
291,Oakland_11082016_CouncilAtLrg.csv,[],no,,,0.818718985,5,LOCAL,NO,R,REBECCA KAPLAN,REBECCA KAPLAN,REBECCA KAPLAN,REBECCA KAPLAN,,REBECCA KAPLAN,REBECCA KAPLAN,REBECCA KAPLAN,REBECCA KAPLAN
292,Oakland_11082016_SchoolDirectorDistrict1.csv,[],no,,,1.0,2,LOCAL,NO,B,JODY LONDON,JODY LONDON,JODY LONDON,JODY LONDON,,JODY LONDON,JODY LONDON,JODY LONDON,JODY LONDON
293,Oakland_11082016_SchoolDirectorDistrict3.csv,[],no,,,0.858387313,5,LOCAL,NO,B,JUMOKE HINTON HODGE,JUMOKE HINTON HODGE,JUMOKE HINTON HODGE,JUMOKE HINTON HODGE,,JUMOKE HINTON HODGE,JUMOKE HINTON HODGE,JUMOKE HINTON HODGE,JUMOKE HINTON HODGE
294,Oakland_11082016_SchoolDirectorDistrict5.csv,['Approval'],no,,,0.907741887,4,LOCAL,NO,B,ROSIE TORRES,ROSIE TORRES,ROSIE TORRES,HUBER TRENADO,,ROSIE TORRES,HUBER TRENADO,HUBER TRENADO,ROSIE TORRES
295,Oakland_11082016_SchoolDirectorDistrict7.csv,[],no,,,1.0,2,LOCAL,NO,B,JAMES HARRIS,JAMES HARRIS,JAMES HARRIS,JAMES HARRIS,,JAMES HARRIS,JAMES HARRIS,JAMES HARRIS,JAMES HARRIS
296,Oakland_11082022_CityCouncilmemberDistrict4.csv,[],no,,,1.0,2,LOCAL,NO,R,JANANI RAMACHANDRAN,JANANI RAMACHANDRAN,JANANI RAMACHANDRAN,JANANI RAMACHANDRAN,,JANANI RAMACHANDRAN,JANANI RAMACHANDRAN,JANANI RAMACHANDRAN,JANANI RAMACHANDRAN
297,Oakland_11082022_CityCouncilmemberDistrict6.csv,[],no,,,0.657781077,4,LOCAL,NO,R,KEVIN JENKINS,KEVIN JENKINS,KEVIN JENKINS,KEVIN JENKINS,,KEVIN JENKINS,KEVIN JENKINS,KEVIN JENKINS,KEVIN JENKINS
298,Oakland_11082022_Mayor.csv,"['IRV', 'Condorcet', 'Approval']",yes,,,0.506844053,10,LOCAL,NO,E,SHENG THAO,LOREN MANUEL TAYLOR,SHENG THAO,LOREN MANUEL TAYLOR,,LOREN MANUEL TAYLOR,LOREN MANUEL TAYLOR,LOREN MANUEL TAYLOR,SHENG THAO
299,Oakland_11082022_Schoolboarddistrict2.csv,[],no,,,0.962519038,3,LOCAL,NO,B,JENNIFER BROUHARD,JENNIFER BROUHARD,JENNIFER BROUHARD,JENNIFER BROUHARD,,JENNIFER BROUHARD,JENNIFER BROUHARD,JENNIFER BROUHARD,JENNIFER BROUHARD
300,Oakland_11082022_Schoolboarddistrict4.csv,"['Condorcet', 'Plurality']",no,,,0.861557618,3,LOCAL,NO,B,MIKE HUTCHINSON,MIKE HUTCHINSON,-1,NICK RESNICK,,MIKE HUTCHINSON,MIKE HUTCHINSON,MIKE HUTCHINSON,MIKE HUTCHINSON
301,Oakland_11082022_Schoolboarddistrict6.csv,[],no,,,0.920192638,3,LOCAL,NO,B,VALARIE BACHELOR,VALARIE BACHELOR,VALARIE BACHELOR,VALARIE BACHELOR,,VALARIE BACHELOR,VALARIE BACHELOR,VALARIE BACHELOR,VALARIE BACHELOR
302,Payson_11052019_CityCouncil.csv,[],no,,,0.369443407,5,LOCAL,YES,R,DOUG WELTON,DOUG WELTON,DOUG WELTON,DOUG WELTON,,DOUG WELTON,DOUG WELTON,DOUG WELTON,DOUG WELTON
303,PierceCounty_11032009_CountyAuditor.csv,"['IRV', 'Condorcet', 'Approval']",yes,,,0.885395855,3,LOCAL,YES,O,Julie Anderson,Jan Shabro,Julie Anderson,Julie Anderson,,Jan Shabro,Julie Anderson,Jan Shabro,Julie Anderson
304,PierceCounty_11042008_CountyAssessorTreasurer.csv,"['IRV', 'Condorcet', 'Approval']",no,,,0.823078863,6,LOCAL,YES,O,Dale Washam,Barbara Gelman,Dale Washam,Dale Washam,,Jan Shabro,Dale Washam,Jan Shabro,Dale Washam
305,PierceCounty_11042008_CountyCouncilDistrict2.csv,"['IRV', 'Condorcet', 'Approval']",yes,,,0.892077152,3,LOCAL,YES,R,Joyce McDonald,Al Rose,Joyce McDonald,Joyce McDonald,,Al Rose,Joyce McDonald,Al Rose,Joyce McDonald
306,PierceCounty_11042008_CountyExecutiveMember.csv,[],no,,,0.885866931,4,LOCAL,YES,E,Pat McCarthy,Pat McCarthy,Pat McCarthy,Shawn Bunney,,Pat McCarthy,Shawn Bunney,Pat McCarthy,Pat McCarthy
307,Portland_06082021_charter_commission_at_large.csv,"['IRV', 'Condorcet', 'Plurality', 'Approval']",yes,,,0.362828835,11,LOCAL,NO,B,"Chann, Marpheen S.","DiMillo, Steven A.","Chann, Marpheen S.","Sheikh-Yousef, Nasreen A.",,"DiMillo, Steven A.","DiMillo, Steven A.","DiMillo, Steven A.","Sheikh-Yousef, Nasreen A."
308,Portland_06142022_SchoolboardAL.csv,[],no,,,0.548079083,29,LOCAL,NO,B,"Lentz, Sarah M.","Lentz, Sarah M.","Lentz, Sarah M.","Lentz, Sarah M.",,"Lentz, Sarah M.","Lentz, Sarah M.","Grant, Benjamin K.","Grant, Benjamin K."
309,Portland_06142022_SchoolboardAL-1.csv,[],no,,,0.701381867,7,LOCAL,NO,B,"Lentz, Sarah M.","Lentz, Sarah M.","Lentz, Sarah M.","Lentz, Sarah M.",,"Lentz, Sarah M.","Lentz, Sarah M.","Grant, Benjamin K.","Grant, Benjamin K."
310,Portland_06142022_Schoolboarddistrict5.csv,[],no,,,0.834358974,14,LOCAL,NO,B,"Brydon, Sarah M.","Brydon, Sarah M.","Brydon, Sarah M.","Brydon, Sarah M.",,"Brydon, Sarah M.","Brydon, Sarah M.","Brydon, Sarah M.","Brydon, Sarah M."
311,Portland_06142022_Schoolboarddistrict5-1.csv,[],no,,,0.837006663,6,LOCAL,NO,B,"Brydon, Sarah M.","Brydon, Sarah M.","Brydon, Sarah M.","Brydon, Sarah M.",,"Brydon, Sarah M.","Brydon, Sarah M.","Brydon, Sarah M.","Brydon, Sarah M."
312,Portland_11082022_SchoolBoardDistrict3.csv,[],no,,,0.948528229,3,LOCAL,NO,B,"Opperman, Julianne R.","Opperman, Julianne R.","Opperman, Julianne R.","Opperman, Julianne R.",,"Opperman, Julianne R.","Opperman, Julianne R.","Opperman, Julianne R.","Opperman, Julianne R."
313,SanFrancisco_06052018_BoardofSupervisorsDistrict8.csv,[],no,,,0.945364388,3,LOCAL,NO,B,RAFAEL MANDELMAN,RAFAEL MANDELMAN,RAFAEL MANDELMAN,RAFAEL MANDELMAN,,RAFAEL MANDELMAN,RAFAEL MANDELMAN,RAFAEL MANDELMAN,RAFAEL MANDELMAN
314,SanFrancisco_06052018_Mayor.csv,"['IRV', 'Condorcet', 'Approval']",no,,,0.80451714,8,LOCAL,NO,E,LONDON BREED,JANE KIM,LONDON BREED,LONDON BREED,,JANE KIM,LONDON BREED,JANE KIM,MARK LENO
315,SanFrancisco_11022004_BoardofSupervisorsDistrict11.csv,[],no,,,0.774637556,8,LOCAL,NO,B,Gerardo Sandoval,Gerardo Sandoval,Gerardo Sandoval,Gerardo Sandoval,,Gerardo Sandoval,Gerardo Sandoval,Gerardo Sandoval,Gerardo Sandoval
316,SanFrancisco_11022004_BoardofSupervisorsDistrict2.csv,[],no,,,0.803264904,5,LOCAL,NO,B,Michela Alioto-pier,Michela Alioto-pier,Michela Alioto-pier,Michela Alioto-pier,,Michela Alioto-pier,Michela Alioto-pier,Michela Alioto-pier,Michela Alioto-pier
317,SanFrancisco_11022004_BoardofSupervisorsDistrict3.csv,[],no,,,0.836286431,4,LOCAL,NO,B,Arron Peskin,Arron Peskin,Arron Peskin,Arron Peskin,,Arron Peskin,Arron Peskin,Arron Peskin,Arron Peskin
318,SanFrancisco_11022004_BoardofSupervisorsDistrict5.csv,[],no,,,0.76578655,22,LOCAL,NO,B,Ross Mirkarimi,Ross Mirkarimi,Ross Mirkarimi,Ross Mirkarimi,,Ross Mirkarimi,Ross Mirkarimi,Ross Mirkarimi,Ross Mirkarimi
319,SanFrancisco_11022004_BoardofSupervisorsDistrict7.csv,[],no,,,0.787129808,13,LOCAL,NO,B,Sean R. Elsbernd,Sean R. Elsbernd,Sean R. Elsbernd,Sean R. Elsbernd,,Sean R. Elsbernd,Sean R. Elsbernd,Sean R. Elsbernd,Sean R. Elsbernd
320,SanFrancisco_11022004_BoardofSupervisorsDistrict9.csv,[],no,,,0.82237239,6,LOCAL,NO,B,Tom Ammiano,Tom Ammiano,Tom Ammiano,Tom Ammiano,,Tom Ammiano,Tom Ammiano,Tom Ammiano,Tom Ammiano
321,SanFrancisco_11022010_BoardofSupervisorsDistrict10.csv,['Plurality'],no,,,0.798121805,21,LOCAL,NO,B,MALIA COHEN,MALIA COHEN,MALIA COHEN,LYNETTE SWEET,,MALIA COHEN,MARLENE TRAN,MALIA COHEN,MALIA COHEN
322,SanFrancisco_11022010_BoardofSupervisorsDistrict2.csv,"['IRV', 'Condorcet', 'Approval']",yes,,,0.864945506,6,LOCAL,NO,B,MARK FARRELL,JANET REILLY,MARK FARRELL,JANET REILLY,,JANET REILLY,JANET REILLY,JANET REILLY,MARK FARRELL
323,SanFrancisco_11022010_BoardofSupervisorsDistrict6.csv,[],no,,,0.846534653,14,LOCAL,NO,B,JANE KIM,JANE KIM,JANE KIM,JANE KIM,,JANE KIM,JANE KIM,JANE KIM,JANE KIM
324,SanFrancisco_11022010_BoardofSupervisorsDistrict8.csv,[],no,,,0.855721108,4,LOCAL,NO,B,SCOTT WIENER,SCOTT WIENER,SCOTT WIENER,SCOTT WIENER,,SCOTT WIENER,SCOTT WIENER,SCOTT WIENER,SCOTT WIENER
325,SanFrancisco_11032015_BoardofSupervisorsDistrict3.csv,[],no,,,0.875658525,3,LOCAL,NO,B,AARON PESKIN,AARON PESKIN,AARON PESKIN,AARON PESKIN,,AARON PESKIN,AARON PESKIN,AARON PESKIN,AARON PESKIN
326,SanFrancisco_11032015_Mayor.csv,[],no,,,0.845835636,6,LOCAL,NO,E,ED LEE,ED LEE,ED LEE,ED LEE,,ED LEE,ED LEE,ED LEE,ED LEE
327,SanFrancisco_11032015_Sheriff.csv,[],no,,,0.963703062,3,LOCAL,NO,O,VICKI HENNESSY,VICKI HENNESSY,VICKI HENNESSY,VICKI HENNESSY,,VICKI HENNESSY,VICKI HENNESSY,VICKI HENNESSY,VICKI HENNESSY
328,SanFrancisco_11032020_BOARDOFSUPERVISORSDISTRICT1.csv,['Approval'],no,,,0.513349582,7,LOCAL,NO,B,CONNIE CHAN,CONNIE CHAN,CONNIE CHAN,CONNIE CHAN,,CONNIE CHAN,CONNIE CHAN,CONNIE CHAN,MARJAN PHILHOUR
329,SanFrancisco_11032020_BOARDOFSUPERVISORSDISTRICT11.csv,[],no,,,0.884610485,4,LOCAL,NO,B,AHSHA SAFAI,AHSHA SAFAI,AHSHA SAFAI,AHSHA SAFAI,,AHSHA SAFAI,AHSHA SAFAI,AHSHA SAFAI,AHSHA SAFAI
330,SanFrancisco_11032020_BOARDOFSUPERVISORSDISTRICT3.csv,[],no,,,0.695522904,4,LOCAL,NO,B,AARON PESKIN,AARON PESKIN,AARON PESKIN,AARON PESKIN,,AARON PESKIN,AARON PESKIN,AARON PESKIN,AARON PESKIN
331,SanFrancisco_11032020_BOARDOFSUPERVISORSDISTRICT5.csv,[],no,,,0.610632802,4,LOCAL,NO,B,DEAN PRESTON,DEAN PRESTON,DEAN PRESTON,DEAN PRESTON,,DEAN PRESTON,DEAN PRESTON,DEAN PRESTON,DEAN PRESTON
332,SanFrancisco_11032020_BOARDOFSUPERVISORSDISTRICT7.csv,['IRV'],yes,,,0.481051857,7,LOCAL,NO,B,MYRNA MELGAR,JOEL ENGARDIO,MYRNA MELGAR,JOEL ENGARDIO,,MYRNA MELGAR,JOEL ENGARDIO,MYRNA MELGAR,MYRNA MELGAR
333,SanFrancisco_11032020_BOARDOFSUPERVISORSDISTRICT9.csv,[],no,,,1.0,2,LOCAL,NO,B,HILLARY RONEN,HILLARY RONEN,HILLARY RONEN,HILLARY RONEN,,HILLARY RONEN,HILLARY RONEN,HILLARY RONEN,HILLARY RONEN
334,SanFrancisco_11042008_BoardofSupervisorsDistrict1.csv,"['IRV', 'Condorcet']",no,,,0.813193674,9,LOCAL,NO,B,ERIC MAR,SUE LEE,ERIC MAR,ERIC MAR,,SUE LEE,ERIC MAR,SUE LEE,SUE LEE
335,SanFrancisco_11042008_BoardofSupervisorsDistrict11.csv,"['IRV', 'Condorcet', 'Approval']",yes,,,0.780041881,9,LOCAL,NO,B,JOHN AVALOS,AHSHA SAFAI,JOHN AVALOS,JOHN AVALOS,,AHSHA SAFAI,JOHN AVALOS,AHSHA SAFAI,JOHN AVALOS
336,SanFrancisco_11042008_BoardofSupervisorsDistrict3.csv,[],no,,,0.811351153,9,LOCAL,NO,B,DAVID CHIU,DAVID CHIU,DAVID CHIU,DAVID CHIU,,DAVID CHIU,DAVID CHIU,DAVID CHIU,DAVID CHIU
337,SanFrancisco_11042008_BoardofSupervisorsDistrict4.csv,['Approval'],no,,,0.855352108,3,LOCAL,NO,B,CARMEN CHU,CARMEN CHU,CARMEN CHU,CARMEN CHU,,CARMEN CHU,CARMEN CHU,RON DUDUM,CARMEN CHU
338,SanFrancisco_11042008_BoardofSupervisorsDistrict5.csv,[],no,,,0.854050867,3,LOCAL,NO,B,ROSS MIRKARIMI,ROSS MIRKARIMI,ROSS MIRKARIMI,ROSS MIRKARIMI,,ROSS MIRKARIMI,ROSS MIRKARIMI,ROSS MIRKARIMI,ROSS MIRKARIMI
339,SanFrancisco_11042008_BoardofSupervisorsDistrict7.csv,[],no,,,0.911954141,3,LOCAL,NO,B,SEAN R. ELSBERND,SEAN R. ELSBERND,SEAN R. ELSBERND,SEAN R. ELSBERND,,SEAN R. ELSBERND,SEAN R. ELSBERND,SEAN R. ELSBERND,SEAN R. ELSBERND
340,SanFrancisco_11042008_BoardofSupervisorsDistrict9.csv,[],no,,,0.806884371,7,LOCAL,NO,B,DAVID CAMPOS,DAVID CAMPOS,DAVID CAMPOS,DAVID CAMPOS,,DAVID CAMPOS,DAVID CAMPOS,DAVID CAMPOS,DAVID CAMPOS
341,SanFrancisco_11042014_BoardofSupervisorsDistrict10.csv,[],no,,,0.891421172,5,LOCAL,NO,B,MALIA COHEN,MALIA COHEN,MALIA COHEN,MALIA COHEN,,MALIA COHEN,MALIA COHEN,MALIA COHEN,MALIA COHEN
342,SanFrancisco_11052004_BoardofSupervisorsDistrict1.csv,[],no,,,0.816965992,7,LOCAL,NO,B,Jake McGoldrick,Jake McGoldrick,Jake McGoldrick,Jake McGoldrick,,Jake McGoldrick,Jake McGoldrick,Jake McGoldrick,Jake McGoldrick
343,SanFrancisco_11052019_DistrictAttorney.csv,"['IRV', 'Condorcet']",yes,,,0.751598646,4,LOCAL,NO,O,CHESA BOUDIN,SUZY LOFTUS,CHESA BOUDIN,CHESA BOUDIN,,SUZY LOFTUS,CHESA BOUDIN,SUZY LOFTUS,SUZY LOFTUS
344,SanFrancisco_11052019_Mayor.csv,[],no,,,0.721709309,7,LOCAL,NO,E,LONDON N. BREED,LONDON N. BREED,LONDON N. BREED,LONDON N. BREED,,LONDON N. BREED,LONDON N. BREED,LONDON N. BREED,LONDON N. BREED
345,SanFrancisco_11052019_MemberBoardofSupervisorsDistrict5.csv,"['IRV', 'Condorcet', 'Plurality', 'Approval']",yes,,,0.839895345,4,LOCAL,NO,B,DEAN PRESTON,VALLIE BROWN,DEAN PRESTON,DEAN PRESTON,,VALLIE BROWN,VALLIE BROWN,VALLIE BROWN,DEAN PRESTON
346,SanFrancisco_11062007_Mayor.csv,[],no,,,0.899669018,12,LOCAL,NO,E,Gavin Newsom,Gavin Newsom,Gavin Newsom,Gavin Newsom,,Gavin Newsom,Gavin Newsom,Gavin Newsom,Gavin Newsom
347,SanFrancisco_11062012_BoardofSupervisorsDistrict5.csv,[],no,,,0.792349572,8,LOCAL,NO,B,LONDON BREED,LONDON BREED,LONDON BREED,LONDON BREED,,LONDON BREED,LONDON BREED,LONDON BREED,LONDON BREED
348,SanFrancisco_11062012_BoardofSupervisorsDistrict7.csv,[],no,,,0.772956834,9,LOCAL,NO,B,NORMAN YEE,NORMAN YEE,NORMAN YEE,NORMAN YEE,,NORMAN YEE,NORMAN YEE,NORMAN YEE,NORMAN YEE
349,SanFrancisco_11062018_AssessorRecorder.csv,[],no,,,1.0,2,LOCAL,NO,O,CARMEN CHU,CARMEN CHU,CARMEN CHU,CARMEN CHU,,CARMEN CHU,CARMEN CHU,CARMEN CHU,CARMEN CHU
350,SanFrancisco_11062018_BoardofSupervisorsDistrict10.csv,[],no,,,0.845373237,6,LOCAL,NO,B,SHAMANN WALTON,SHAMANN WALTON,SHAMANN WALTON,SHAMANN WALTON,,SHAMANN WALTON,SHAMANN WALTON,SHAMANN WALTON,SHAMANN WALTON
351,SanFrancisco_11062018_BoardofSupervisorsDistrict2.csv,[],no,,,0.856674208,4,LOCAL,NO,B,CATHERINE STEFANI,CATHERINE STEFANI,CATHERINE STEFANI,CATHERINE STEFANI,,CATHERINE STEFANI,CATHERINE STEFANI,CATHERINE STEFANI,CATHERINE STEFANI
352,SanFrancisco_11062018_BoardofSupervisorsDistrict4.csv,[],no,,,0.820621667,8,LOCAL,NO,B,GORDON MAR,GORDON MAR,GORDON MAR,GORDON MAR,,GORDON MAR,GORDON MAR,GORDON MAR,GORDON MAR
353,SanFrancisco_11062018_BoardofSupervisorsDistrict6.csv,['Approval'],no,,,0.828877849,3,LOCAL,NO,B,MATT HANEY,MATT HANEY,MATT HANEY,MATT HANEY,,MATT HANEY,MATT HANEY,CHRISTINE JOHNSON,MATT HANEY
354,SanFrancisco_11062018_BoardofSupervisorsDistrict8.csv,[],no,,,1.0,2,LOCAL,NO,B,RAFAEL MANDELMAN,RAFAEL MANDELMAN,RAFAEL MANDELMAN,RAFAEL MANDELMAN,,RAFAEL MANDELMAN,RAFAEL MANDELMAN,RAFAEL MANDELMAN,RAFAEL MANDELMAN
355,SanFrancisco_11072006_BoardofSupervisorsDistrict10.csv,[],no,,,0.85826002,7,LOCAL,NO,B,Sophie Maxwell,Sophie Maxwell,Sophie Maxwell,Sophie Maxwell,,Sophie Maxwell,Sophie Maxwell,Sophie Maxwell,Sophie Maxwell
356,SanFrancisco_11072006_BoardofSupervisorsDistrict2.csv,[],no,,,1.0,2,LOCAL,NO,B,Michela Alioto-pier,Michela Alioto-pier,Michela Alioto-pier,Michela Alioto-pier,,Michela Alioto-pier,Michela Alioto-pier,Michela Alioto-pier,Michela Alioto-pier
357,SanFrancisco_11072006_BoardofSupervisorsDistrict4.csv,[],no,,,0.856955381,6,LOCAL,NO,B,Ed Jew,Ed Jew,Ed Jew,Ed Jew,,Ed Jew,Ed Jew,Ed Jew,Ed Jew
358,SanFrancisco_11072006_BoardofSupervisorsDistrict6.csv,[],no,,,0.880441447,8,LOCAL,NO,B,Chris Daly,Chris Daly,Chris Daly,Chris Daly,,Chris Daly,Chris Daly,Chris Daly,Chris Daly
359,SanFrancisco_11072006_BoardofSupervisorsDistrict8.csv,[],no,,,0.94961057,3,LOCAL,NO,B,Bevan Dufty,Bevan Dufty,Bevan Dufty,Bevan Dufty,,Bevan Dufty,Bevan Dufty,Bevan Dufty,Bevan Dufty
360,SanFrancisco_11082005_AssessorRecorder.csv,[],no,,,0.752118219,4,LOCAL,NO,O,Phil Ting,Phil Ting,Phil Ting,Phil Ting,,Phil Ting,Phil Ting,Phil Ting,Phil Ting
361,SanFrancisco_11082005_Treasurer.csv,[],no,,,0.923446521,4,LOCAL,NO,O,Jose Cisneros,Jose Cisneros,Jose Cisneros,Jose Cisneros,,Jose Cisneros,Jose Cisneros,Jose Cisneros,Jose Cisneros
362,SanFrancisco_11082011_DistrictAttorney.csv,['Approval'],no,,,0.840521439,5,LOCAL,NO,O,GEORGE GASCÓN,GEORGE GASCÓN,GEORGE GASCÓN,GEORGE GASCÓN,,GEORGE GASCÓN,GEORGE GASCÓN,SHARMIN BOCK,GEORGE GASCÓN
363,SanFrancisco_11082011_Mayor.csv,[],no,,,0.767766087,16,LOCAL,NO,E,ED LEE,ED LEE,ED LEE,ED LEE,,ED LEE,ED LEE,ED LEE,ED LEE
364,SanFrancisco_11082011_Sheriff.csv,"['IRV', 'Condorcet', 'Approval']",yes,,,0.884160769,4,LOCAL,NO,O,ROSS MIRKARIMI,CHRIS CUNNIE,ROSS MIRKARIMI,ROSS MIRKARIMI,,CHRIS CUNNIE,ROSS MIRKARIMI,CHRIS CUNNIE,ROSS MIRKARIMI
365,SanFrancisco_11082016_BoardofSupervisorsDistrict1.csv,"['IRV', 'Condorcet', 'Approval']",no,,,0.826218265,10,LOCAL,NO,B,SANDRA LEE FEWER,MARJAN PHILHOUR,SANDRA LEE FEWER,SANDRA LEE FEWER,,MARJAN PHILHOUR,SANDRA LEE FEWER,MARJAN PHILHOUR,SANDRA LEE FEWER
366,SanFrancisco_11082016_BoardofSupervisorsDistrict11.csv,"['IRV', 'Condorcet']",yes,,,0.814134276,5,LOCAL,NO,B,AHSHA SAFAI,KIM ALVARENGA,AHSHA SAFAI,AHSHA SAFAI,,KIM ALVARENGA,AHSHA SAFAI,KIM ALVARENGA,KIM ALVARENGA
367,SanFrancisco_11082016_BoardofSupervisorsDistrict3.csv,[],no,,,1.0,2,LOCAL,NO,B,AARON PESKIN,AARON PESKIN,AARON PESKIN,AARON PESKIN,,AARON PESKIN,AARON PESKIN,AARON PESKIN,AARON PESKIN
368,SanFrancisco_11082016_BoardofSupervisorsDistrict5.csv,[],no,,,1.0,2,LOCAL,NO,B,LONDON BREED,LONDON BREED,LONDON BREED,LONDON BREED,,LONDON BREED,LONDON BREED,LONDON BREED,LONDON BREED
369,SanFrancisco_11082016_BoardofSupervisorsDistrict7.csv,[],no,,,0.832781691,5,LOCAL,NO,B,NORMAN YEE,NORMAN YEE,NORMAN YEE,NORMAN YEE,,NORMAN YEE,NORMAN YEE,NORMAN YEE,NORMAN YEE
370,SanFrancisco_11082016_BoardofSupervisorsDistrict9.csv,[],no,,,0.918404832,4,LOCAL,NO,B,HILLARY RONEN,HILLARY RONEN,HILLARY RONEN,HILLARY RONEN,,HILLARY RONEN,HILLARY RONEN,HILLARY RONEN,HILLARY RONEN
371,SanFrancisco_11082022_BoardofSupervisorsD10.csv,[],no,,,1.0,2,LOCAL,NO,B,SHAMANN WALTON,SHAMANN WALTON,SHAMANN WALTON,SHAMANN WALTON,,SHAMANN WALTON,SHAMANN WALTON,SHAMANN WALTON,SHAMANN WALTON
372,SanFrancisco_11082022_BoardofSupervisorsD4.csv,[],no,,,1.0,2,LOCAL,NO,B,JOEL ENGARDIO,JOEL ENGARDIO,JOEL ENGARDIO,JOEL ENGARDIO,,JOEL ENGARDIO,JOEL ENGARDIO,JOEL ENGARDIO,JOEL ENGARDIO
373,SanFrancisco_11082022_BoardofSupervisorsD6.csv,[],no,,,0.738261616,4,LOCAL,NO,B,MATT DORSEY,MATT DORSEY,MATT DORSEY,MATT DORSEY,,MATT DORSEY,MATT DORSEY,MATT DORSEY,MATT DORSEY
374,SanFrancisco_11082022_BoardofSupervisorsD8.csv,[],no,,,1.0,2,LOCAL,NO,B,RAFAEL MANDELMAN,RAFAEL MANDELMAN,RAFAEL MANDELMAN,RAFAEL MANDELMAN,,RAFAEL MANDELMAN,RAFAEL MANDELMAN,RAFAEL MANDELMAN,RAFAEL MANDELMAN
375,SanFrancisco_11082022_DistrictAttorney.csv,"['IRV', 'Condorcet']",yes,,,0.774814531,4,LOCAL,NO,O,BROOKE JENKINS,JOHN HAMASAKI,BROOKE JENKINS,BROOKE JENKINS,,JOHN HAMASAKI,BROOKE JENKINS,BROOKE JENKINS,BROOKE JENKINS
376,SanFrancisco_11082022_PublicDefender.csv,[],no,,,1.0,2,LOCAL,NO,O,MANO RAJU,MANO RAJU,MANO RAJU,MANO RAJU,,MANO RAJU,MANO RAJU,MANO RAJU,MANO RAJU
377,SanLeandro_11022010_CountyCouncilDistrict1.csv,[],no,,,0.998596421,3,LOCAL,NO,R,MICHAEL J. GREGORY,MICHAEL J. GREGORY,MICHAEL J. GREGORY,MICHAEL J. GREGORY,,MICHAEL J. GREGORY,MICHAEL J. GREGORY,MICHAEL J. GREGORY,MICHAEL J. GREGORY
378,SanLeandro_11022010_CountyCouncilDistrict5.csv,[],no,,,1.0,2,LOCAL,NO,R,PAULINE RUSSO CUTTER,PAULINE RUSSO CUTTER,PAULINE RUSSO CUTTER,PAULINE RUSSO CUTTER,,PAULINE RUSSO CUTTER,PAULINE RUSSO CUTTER,PAULINE RUSSO CUTTER,PAULINE RUSSO CUTTER
379,SanLeandro_11022010_Mayor.csv,"['IRV', 'Condorcet', 'Approval']",yes,,,0.746593035,6,LOCAL,NO,E,STEPHEN H. CASSIDY,ANTHONY B. ''TONY'' SANTOS,STEPHEN H. CASSIDY,ANTHONY B. ''TONY'' SANTOS,,JOYCE RUTLEDGE STAROSCIAK,ANTHONY B. ''TONY'' SANTOS,JOYCE RUTLEDGE STAROSCIAK,STEPHEN H. CASSIDY
380,SanLeandro_11032020_MemberCityCouncilDist2SanLeandroRCV.csv,[],no,,,1.0,2,LOCAL,NO,R,BRYAN AZEVEDO,BRYAN AZEVEDO,BRYAN AZEVEDO,BRYAN AZEVEDO,,BRYAN AZEVEDO,BRYAN AZEVEDO,BRYAN AZEVEDO,BRYAN AZEVEDO
381,SanLeandro_11032020_MemberCityCouncilDist4SanLeandroRCV.csv,[],no,,,1.0,2,LOCAL,NO,R,FRED SIMON,FRED SIMON,FRED SIMON,FRED SIMON,,FRED SIMON,FRED SIMON,FRED SIMON,FRED SIMON
382,SanLeandro_11042014_CountyCouncilDistrict1.csv,[],no,,,0.853869489,4,LOCAL,NO,R,DEBORAH COX,DEBORAH COX,DEBORAH COX,DEBORAH COX,,DEBORAH COX,DEBORAH COX,DEBORAH COX,DEBORAH COX
383,SanLeandro_11042014_CountyCouncilDistrict3.csv,['Approval'],no,,,0.909455749,3,LOCAL,NO,R,LEE THOMAS,LEE THOMAS,LEE THOMAS,LEE THOMAS,,LEE THOMAS,LEE THOMAS,VICTOR AGUILAR,LEE THOMAS
384,SanLeandro_11042014_CountyCouncilDistrict5.csv,['Approval'],no,,,0.804612559,3,LOCAL,NO,R,CORINA LOPEZ,CORINA LOPEZ,CORINA LOPEZ,CORINA LOPEZ,,CORINA LOPEZ,CORINA LOPEZ,MIA OUSLEY,CORINA LOPEZ
385,SanLeandro_11042014_Mayor.csv,[],no,,,0.925437515,4,LOCAL,NO,E,PAULINE RUSSO CUTTER,PAULINE RUSSO CUTTER,PAULINE RUSSO CUTTER,PAULINE RUSSO CUTTER,,PAULINE RUSSO CUTTER,PAULINE RUSSO CUTTER,PAULINE RUSSO CUTTER,PAULINE RUSSO CUTTER
386,SanLeandro_11062012_CountyCouncilDistrict2.csv,"['IRV', 'Condorcet', 'Plurality']",yes,,,0.902782712,3,LOCAL,NO,R,URSULA REED,MORGAN MACK-ROSE,URSULA REED,URSULA REED,,MORGAN MACK-ROSE,MORGAN MACK-ROSE,MORGAN MACK-ROSE,MORGAN MACK-ROSE
387,SanLeandro_11062012_CountyCouncilDistrict4.csv,[],no,,,0.769872488,4,LOCAL,NO,R,BENNY LEE,BENNY LEE,BENNY LEE,BENNY LEE,,BENNY LEE,BENNY LEE,BENNY LEE,BENNY LEE
388,SanLeandro_11062012_CountyCouncilDistrict6.csv,[],no,,,1.0,2,LOCAL,NO,R,JIM PROLA,JIM PROLA,JIM PROLA,JIM PROLA,,JIM PROLA,JIM PROLA,JIM PROLA,JIM PROLA
389,SanLeandro_11062018_CountyCouncilDistrict1.csv,[],no,,,0.762612468,3,LOCAL,NO,R,DEBORAH COX,DEBORAH COX,DEBORAH COX,DEBORAH COX,,DEBORAH COX,DEBORAH COX,DEBORAH COX,DEBORAH COX
390,SanLeandro_11062018_CountyCouncilDistrict3.csv,[],no,,,1.0,2,LOCAL,NO,R,"VICTOR AGUILAR, JR.","VICTOR AGUILAR, JR.","VICTOR AGUILAR, JR.","VICTOR AGUILAR, JR.",,"VICTOR AGUILAR, JR.","VICTOR AGUILAR, JR.",LEE THOMAS,LEE THOMAS
391,SanLeandro_11062018_CountyCouncilDistrict5.csv,[],no,,,1.0,2,LOCAL,NO,R,CORINA N. LOPEZ,CORINA N. LOPEZ,CORINA N. LOPEZ,CORINA N. LOPEZ,,CORINA N. LOPEZ,CORINA N. LOPEZ,CORINA N. LOPEZ,CORINA N. LOPEZ
392,SanLeandro_11062018_Mayor.csv,[],no,,,0.895748714,4,LOCAL,NO,E,PAULINE RUSSO CUTTER,PAULINE RUSSO CUTTER,PAULINE RUSSO CUTTER,PAULINE RUSSO CUTTER,,PAULINE RUSSO CUTTER,PAULINE RUSSO CUTTER,PAULINE RUSSO CUTTER,PAULINE RUSSO CUTTER
393,SanLeandro_11082016_CountyCouncilDistrict2.csv,[],no,,,1.0,2,LOCAL,NO,R,ED HERNANDEZ,ED HERNANDEZ,ED HERNANDEZ,ED HERNANDEZ,,ED HERNANDEZ,ED HERNANDEZ,ED HERNANDEZ,ED HERNANDEZ
394,SantaFe_03062018_CityCouncilDistrict2.csv,['Approval'],no,,,0.862895494,3,LOCAL,NO,R,Carol Romero-Wirth,Carol Romero-Wirth,Carol Romero-Wirth,Carol Romero-Wirth,,Carol Romero-Wirth,Carol Romero-Wirth,Nate Downey,Carol Romero-Wirth
395,SantaFe_03062018_CityCouncilDistrict4.csv,"['IRV', 'Condorcet', 'Approval']",yes,,,0.713032837,3,LOCAL,NO,R,JoAnne Vigil Coppler,Eric John Holmes,JoAnne Vigil Coppler,JoAnne Vigil Coppler,,Eric John Holmes,JoAnne Vigil Coppler,Eric John Holmes,JoAnne Vigil Coppler
396,SantaFe_03062018_Mayor.csv,[],no,,,0.423963134,5,LOCAL,NO,E,Alan Webber,Alan Webber,Alan Webber,Alan Webber,,Alan Webber,Alan Webber,Alan Webber,Alan Webber
397,Springville_11022021_CityCouncil2yr.csv,[],no,,,0.890834021,3,LOCAL,NO,R,CHRIS SORENSEN,CHRIS SORENSEN,CHRIS SORENSEN,CHRIS SORENSEN,,CHRIS SORENSEN,CHRIS SORENSEN,CHRIS SORENSEN,CHRIS SORENSEN
398,Springville_11022021_Mayor.csv,[],no,,,0.723856209,3,LOCAL,NO,E,MATT PACKARD,MATT PACKARD,MATT PACKARD,MATT PACKARD,,MATT PACKARD,MATT PACKARD,MATT PACKARD,MATT PACKARD
399,StLouisPark_11022021_CityCouncilWard2.csv,[],no,,,1.0,2,LOCAL,NO,R,Lynette Lungay Dumalag,Lynette Lungay Dumalag,Lynette Lungay Dumalag,Lynette Lungay Dumalag,,Lynette Lungay Dumalag,Lynette Lungay Dumalag,Lynette Lungay Dumalag,Lynette Lungay Dumalag
400,StLouisPark_11022021_CityCouncilWard3.csv,[],no,,,0.912005966,3,LOCAL,NO,R,Sue Budd,Sue Budd,Sue Budd,Sue Budd,,Sue Budd,Sue Budd,Sue Budd,Sue Budd
401,TakomaPark_11082022_CityCouncilWard1.csv,[],no,,,0.827078734,3,LOCAL,NO,R,Shana Fulcher,Shana Fulcher,Shana Fulcher,Shana Fulcher,,Shana Fulcher,Shana Fulcher,Shana Fulcher,Shana Fulcher
402,TakomaPark_11082022_CityCouncilWard3.csv,['Approval'],no,,,0.771865889,5,LOCAL,NO,R,Randy Gibson,Randy Gibson,Randy Gibson,Randy Gibson,,Randy Gibson,Randy Gibson,Alex Hadden,Randy Gibson
403,TakomaPark_11082022_CityCouncilWard5.csv,['Approval'],no,,,0.856262834,3,LOCAL,NO,R,Cara Honzak,Cara Honzak,Cara Honzak,Cara Honzak,,Cara Honzak,Cara Honzak,A. J. Campbell,Cara Honzak
404,TakomaPark_11082022_CityCouncilWard6.csv,"['IRV', 'Condorcet']",yes,,,0.673846154,7,LOCAL,NO,R,Jason Small,Mike Moore,Jason Small,Jason Small,,Mike Moore,Jason Small,Mike Moore,Mike Moore
405,TakomaPark_11082022_Mayor.csv,[],no,,,0.714811569,6,LOCAL,NO,E,Talisha Searcy,Talisha Searcy,Talisha Searcy,Talisha Searcy,,Talisha Searcy,Talisha Searcy,Talisha Searcy,Talisha Searcy
406,Vineyard_11022021_Mayor.csv,[],no,,,0.800910865,3,LOCAL,NO,E,JULIE FULLMER,JULIE FULLMER,JULIE FULLMER,JULIE FULLMER,,JULIE FULLMER,JULIE FULLMER,JULIE FULLMER,JULIE FULLMER
407,Vineyard_11052019_CityCouncil.csv,"['IRV', 'Condorcet', 'Plurality', 'Approval']",no,,,0.237832874,7,LOCAL,NO,R,CRISTY WELSH,G. TYCE FLAKE,CRISTY WELSH,CRISTY WELSH,,G. TYCE FLAKE,G. TYCE FLAKE,G. TYCE FLAKE,CRISTY WELSH
408,WoodlandHills_11022021_Mayor.csv,"['IRV', 'Condorcet', 'Approval']",yes,,,0.86259542,3,LOCAL,NO,E,BRENT WINDER,BENJAMIN J HILLYARD,BRENT WINDER,BRENT WINDER,,BENJAMIN J HILLYARD,BRENT WINDER,BENJAMIN J HILLYARD,BRENT WINDER
409,Wyoming_04172020_PRESIDENTOFTHEUNITEDSTATES.csv,[],no,,,0.733346319,9,FEDERAL,,E,Joseph R. Biden,Joseph R. Biden,Joseph R. Biden,Joseph R. Biden,,Joseph R. Biden,Joseph R. Biden,Joseph R. Biden,Joseph R. Biden
