filename,#candidates,choices,null_gamma,permissive_gamma,strict_gamma
Alaska_04102020_PRESIDENTOFTHEUNITEDSTATES.csv,8,5.0,0.1785,0.670398136,0.48774187
Alaska_08162022_HouseofRepresentativesSpecial.csv,3,4.0,0.8616,0.96684176,0.9553301
Alaska_11082022_GovernorLieutenantGovernor.csv,4,5.0,0.6054,0.880670776,0.814704881
Alaska_11082022_HouseDistrict1.csv,2,3.0,1.0,1.0,1.0
Alaska_11082022_HouseDistrict10.csv,3,4.0,0.889,0.936001177,0.907753421
Alaska_11082022_HouseDistrict11.csv,3,4.0,0.889,0.947909884,0.928896992
Alaska_11082022_HouseDistrict12.csv,2,3.0,1.0,1.0,1.0
Alaska_11082022_HouseDistrict13.csv,2,3.0,1.0,1.0,1.0
Alaska_11082022_HouseDistrict14.csv,2,3.0,1.0,1.0,1.0
Alaska_11082022_HouseDistrict15.csv,3,4.0,0.8675,0.955570839,0.937964237
Alaska_11082022_HouseDistrict16.csv,2,3.0,1.0,1.0,1.0
Alaska_11082022_HouseDistrict17.csv,2,3.0,1.0,1.0,1.0
Alaska_11082022_HouseDistrict18.csv,3,4.0,0.8833,0.942897593,0.930155734
Alaska_11082022_HouseDistrict19.csv,2,3.0,1.0,1.0,1.0
Alaska_11082022_HouseDistrict2.csv,2,3.0,1.0,1.0,1.0
Alaska_11082022_HouseDistrict20.csv,4,5.0,0.602897103,0.853639083,0.800398804
Alaska_11082022_HouseDistrict21.csv,2,3.0,1.0,1.0,1.0
Alaska_11082022_HouseDistrict22.csv,2,3.0,1.0,1.0,1.0
Alaska_11082022_HouseDistrict23.csv,2,3.0,1.0,1.0,1.0
Alaska_11082022_HouseDistrict24.csv,3,4.0,0.8722,0.9616,0.928133333
Alaska_11082022_HouseDistrict25.csv,2,3.0,1.0,1.0,1.0
Alaska_11082022_HouseDistrict26.csv,2,3.0,1.0,1.0,1.0
Alaska_11082022_HouseDistrict27.csv,3,4.0,0.868231768,0.896064401,0.86332737
Alaska_11082022_HouseDistrict28.csv,4,5.0,0.595404595,0.799529886,0.670080591
Alaska_11082022_HouseDistrict29.csv,2,3.0,1.0,1.0,1.0
Alaska_11082022_HouseDistrict30.csv,3,4.0,0.874425574,0.97451553,0.940005309
Alaska_11082022_HouseDistrict31.csv,3,4.0,0.878921079,0.917602996,0.897693672
Alaska_11082022_HouseDistrict32.csv,3,4.0,0.8867,0.915222187,0.883075953
Alaska_11082022_HouseDistrict34.csv,3,4.0,0.8937,0.929268293,0.895799458
Alaska_11082022_HouseDistrict35.csv,4,5.0,0.649149149,0.907107482,0.829340115
Alaska_11082022_HouseDistrict36.csv,2,3.0,1.0,1.0,1.0
Alaska_11082022_HouseDistrict39.csv,2,3.0,1.0,1.0,1.0
Alaska_11082022_HouseDistrict4.csv,2,3.0,1.0,1.0,1.0
Alaska_11082022_HouseDistrict5.csv,2,3.0,1.0,1.0,1.0
Alaska_11082022_HouseDistrict6.csv,3,4.0,0.8851,0.941182649,0.88257536
Alaska_11082022_HouseDistrict7.csv,2,3.0,1.0,1.0,1.0
Alaska_11082022_HouseDistrict9.csv,2,3.0,1.0,1.0,1.0
Alaska_11082022_SenateDistrictA.csv,2,3.0,1.0,1.0,1.0
Alaska_11082022_SenateDistrictC.csv,3,4.0,0.8709,0.945124133,0.927595335
Alaska_11082022_SenateDistrictD.csv,3,4.0,0.8818,0.940797264,0.894290225
Alaska_11082022_SenateDistrictE.csv,3,4.0,0.868568569,0.974685817,0.960562537
Alaska_11082022_SenateDistrictF.csv,2,3.0,1.0,1.0,1.0
Alaska_11082022_SenateDistrictG.csv,2,3.0,1.0,1.0,1.0
Alaska_11082022_SenateDistrictH.csv,2,3.0,1.0,1.0,1.0
Alaska_11082022_SenateDistrictI.csv,2,3.0,1.0,1.0,1.0
Alaska_11082022_SenateDistrictJ.csv,3,4.0,0.8879,0.950057803,0.93283237
Alaska_11082022_SenateDistrictK.csv,2,3.0,1.0,1.0,1.0
Alaska_11082022_SenateDistrictL.csv,2,3.0,1.0,1.0,1.0
Alaska_11082022_SenateDistrictM.csv,2,3.0,1.0,1.0,1.0
Alaska_11082022_SenateDistrictN.csv,3,4.0,0.8732,0.870596382,0.826452004
Alaska_11082022_SenateDistrictO.csv,2,3.0,1.0,1.0,1.0
Alaska_11082022_SenateDistrictP.csv,3,4.0,0.8866,0.886455606,0.81290169
Alaska_11082022_SenateDistrictQ.csv,3,4.0,0.863,0.908888034,0.859022701
Alaska_11082022_SenateDistrictR.csv,3,4.0,0.8813,0.910315127,0.865541049
Alaska_11082022_SenateDistrictS.csv,2,3.0,1.0,1.0,1.0
Alaska_11082022_USRepresentative.csv,4,5.0,0.605205205,0.859503789,0.753279641
Alaska_11082022_USSenator.csv,4,5.0,0.598501499,0.894756216,0.831821701
Albany_11082022_BoardofEducation.csv,4,5.0,0.5908,0.687105223,0.593128948
Albany_11082022_CityCouncil.csv,5,5.0,0.3396,0.420241566,0.291406358
Berkeley_03072017_CityCouncilDistrict4.csv,2,3.0,1.0,1.0,1.0
Berkeley_11022010_CityCouncilDistrict1.csv,4,3.0,0.8775,0.90872318,0.787372494
Berkeley_11022010_CityCouncilDistrict4.csv,4,3.0,0.8508,0.862881178,0.665615142
Berkeley_11022010_CityCouncilDistrict7.csv,3,3.0,0.8877,0.749100504,0.684096906
Berkeley_11022010_CityCouncilDistrict8.csv,3,3.0,0.8749,0.818518519,0.748583878
Berkeley_11032020_MayorBerkeleyRCV.csv,4,5.0,0.6247,0.838578089,0.783319622
Berkeley_11032020_MemberCityCouncilDist2BerkeleyRCV.csv,4,5.0,0.594305694,0.778129952,0.693770572
Berkeley_11032020_MemberCityCouncilDist3BerkeleyRCV.csv,3,5.0,0.8904,0.905398391,0.888917726
Berkeley_11032020_MemberCityCouncilDist5BerkeleyRCV.csv,3,5.0,0.874774775,0.89278227,0.833083758
Berkeley_11032020_MemberCityCouncilDist6BerkeleyRCV.csv,2,5.0,1.0,1.0,1.0
Berkeley_11042014_CityCouncilDistrict1.csv,3,3.0,0.913813814,0.938969664,0.906300485
Berkeley_11042014_CityCouncilDistrict7.csv,2,3.0,1.0,1.0,1.0
Berkeley_11042014_CityCouncilDistrict8.csv,4,3.0,0.803096903,0.801457597,0.542402827
Berkeley_11062012_CityCouncilDistrict2.csv,3,3.0,0.868431568,0.91354616,0.889732528
Berkeley_11062012_CityCouncilDistrict3.csv,2,3.0,1.0,1.0,1.0
Berkeley_11062012_CityCouncilDistrict5.csv,2,3.0,1.0,1.0,1.0
Berkeley_11062012_CityCouncilDistrict6.csv,2,3.0,1.0,1.0,1.0
Berkeley_11062012_Mayor.csv,7,3.0,0.791391391,0.855513881,0.489398194
Berkeley_11062018_CityAuditor.csv,2,3.0,1.0,1.0,1.0
Berkeley_11062018_CityCouncilDistrict1.csv,4,3.0,0.8624,0.859604663,0.682970096
Berkeley_11062018_CityCouncilDistrict4.csv,3,3.0,0.8921,0.894055434,0.854485777
Berkeley_11062018_CityCouncilDistrict7.csv,3,3.0,0.913686314,0.930703625,0.912224591
Berkeley_11062018_CityCouncilDistrict8.csv,4,3.0,0.824524525,0.881886159,0.631771708
Berkeley_11082016_CityCouncilDistrict2.csv,3,3.0,0.868668669,0.86450168,0.830067189
Berkeley_11082016_CityCouncilDistrict3.csv,4,3.0,0.8536,0.84234171,0.688895128
Berkeley_11082016_CityCouncilDistrict5.csv,2,3.0,1.0,1.0,1.0
Berkeley_11082016_CityCouncilDistrict6.csv,3,3.0,0.8856,0.882384461,0.828131279
Berkeley_11082016_Mayor.csv,8,3.0,0.774,0.903156155,0.5852128
Burlington_03032009_Mayor.csv,5,5.0,0.328771229,0.651282051,0.471683389
Burlington_03072006_Mayor.csv,5,5.0,0.3153,0.720744681,0.565159574
Burlington_03072023_CityCouncilCentralDistrict.csv,2,3.0,1.0,1.0,1.0
Burlington_03072023_CityCouncilEastDistrict.csv,2,3.0,1.0,1.0,1.0
Burlington_03072023_CityCouncilSouthDistrict.csv,3,4.0,0.8653,0.881618084,0.856632957
Corvallis_11082022_CityCouncilWard9.csv,3,3.0,0.8701,0.845995045,0.83195706
Corvallis_11082022_Mayor.csv,3,3.0,0.8788,0.806260616,0.788546469
Easthampton_11022021_Mayor.csv,66,4.0,0.364593781,0.860262009,0.608927705
Eastpointe_11052019_CityCouncil.csv,4,4.0,0.6161,0.699920032,0.593562575
ElkRidge_11022021_Mayor.csv,3,3.0,0.8738,0.90145149,0.894576012
Hawaii_05232020_PresidentoftheUnitedStateCD1.csv,11,3.0,0.7653,0.853185216,0.524514846
Hawaii_05232020_PresidentoftheUnitedStateCD1CD2.csv,11,3.0,0.762862863,0.86144785,0.444733532
Hawaii_05232020_PresidentoftheUnitedStateCD2.csv,11,3.0,0.767265469,0.859216398,0.417300054
Kansas_05022020_PRESIDENTOFTHEUNITEDSTATES.csv,5,5.0,0.294405594,0.775845529,0.545241157
LasCruces_11052019_COUNCILORPOSITION2CITYOFLASCRUCESDISTRICT2COUNCILOR.csv,4,4.0,0.604004004,0.750666667,0.632
LasCruces_11052019_COUNCILORPOSITION4CITYOFLASCRUCESDISTRICT4COUNCILOR.csv,3,3.0,0.877077077,0.783333333,0.755769231
Maine_06122018_DemocraticPrimaryforCD2.csv,4,5.0,0.602,0.759089005,0.687192716
Maine_06122018_DemocraticPrimaryforGovernor.csv,7,8.0,0.048751249,0.425970152,0.246062664
Maine_07142020_DemocraticCandidateforMaineStateHouseDistrict41.csv,3,3.0,0.880719281,0.811806656,0.788431062
Maine_07142020_DemocraticCandidateforMaineStateHouseDistrict47.csv,3,3.0,0.872927073,0.816105769,0.794471154
Maine_07142020_DemocraticCandidateforMaineStateHouseDistrict49.csv,3,3.0,0.8751,0.776243094,0.735267035
Maine_07142020_DemocraticCandidateforMaineStateHouseDistrict90.csv,3,3.0,0.8806,0.800394283,0.77821587
Maine_07142020_DemocraticCandidateforMaineStateSenateDistrict11.csv,3,3.0,0.8685,0.781368103,0.749433107
Maine_07142020_RepublicanCandidateforUSHouseofRepresentativesDistrict2.csv,3,3.0,0.8905,0.864152873,0.848793606
Maine_11062018_CongressionalDistrict2.csv,4,5.0,0.604304304,0.843787158,0.78295979
Maine_11082022_CongressionalDistrict2.csv,3,4.0,0.8894,0.954574129,0.934384502
Minneapolis_08112020_Ward6CityCouncilSpecialElection.csv,12,3.0,0.73966034,0.884719886,0.56824945
Minneapolis_11022021_CityCouncilWard1.csv,4,3.0,0.808691309,0.825439902,0.621027751
Minneapolis_11022021_CityCouncilWard10.csv,6,3.0,0.7815,0.896078247,0.706197686
Minneapolis_11022021_CityCouncilWard11.csv,5,3.0,0.826426426,0.950591406,0.788591106
Minneapolis_11022021_CityCouncilWard12.csv,3,3.0,0.9346,0.97845953,0.962597911
Minneapolis_11022021_CityCouncilWard13.csv,5,3.0,0.813813814,0.952725284,0.872941605
Minneapolis_11022021_CityCouncilWard2.csv,5,3.0,0.791891892,0.895599202,0.682071211
Minneapolis_11022021_CityCouncilWard3.csv,4,3.0,0.8124,0.921297687,0.831405828
Minneapolis_11022021_CityCouncilWard4.csv,3,3.0,0.877177177,0.914952368,0.839569239
Minneapolis_11022021_CityCouncilWard5.csv,7,3.0,0.768831169,0.826642336,0.460218978
Minneapolis_11022021_CityCouncilWard6.csv,2,3.0,1.0,1.0,1.0
Minneapolis_11022021_CityCouncilWard7.csv,4,3.0,0.8712,0.949745712,0.792345487
Minneapolis_11022021_CityCouncilWard8.csv,2,3.0,1.0,1.0,1.0
Minneapolis_11022021_CityCouncilWard9.csv,8,3.0,0.7441,0.898175837,0.599132775
Minneapolis_11022021_Mayor.csv,18,3.0,0.725651303,0.883744527,0.282111335
Minneapolis_11022021_ParkBoardAtLarge.csv,7,3.0,0.757842158,0.830588324,0.4994064
Minneapolis_11022021_ParkBoardDistrict2.csv,3,3.0,0.8722,0.85455053,0.806625721
Minneapolis_11022021_ParkBoardDistrict3.csv,3,3.0,0.889389389,0.931166096,0.903329824
Minneapolis_11022021_ParkBoardDistrict4.csv,2,3.0,1.0,1.0,1.0
Minneapolis_11022021_ParkBoardDistrict5.csv,3,3.0,0.8604,0.904342267,0.868590475
Minneapolis_11022021_ParkBoardDistrict6.csv,4,3.0,0.802602603,0.891073326,0.750388294
Minneapolis_11052013_Mayor.csv,35,3.0,0.704513541,0.797500567,0.167527527
Minneapolis_11052013_PRBoardDistrict2.csv,2,3.0,1.0,1.0,1.0
Minneapolis_11052013_PRBoardDistrict6.csv,2,3.0,1.0,1.0,1.0
Minneapolis_11052013_Ward13CityCouncil.csv,5,3.0,0.7915,0.688474414,0.50167384
Minneapolis_11052013_Ward5CityCouncil.csv,4,3.0,0.8281,0.844501718,0.701030928
Minneapolis_11052013_Ward9CityCouncil.csv,6,3.0,0.7654,0.800720288,0.329171669
Minneapolis_11062009_Mayor.csv,11,3.0,0.735335335,0.934910455,0.595015645
Minneapolis_11062009_PRBoardDistrict1.csv,3,3.0,0.855655656,0.923817713,0.903009458
Minneapolis_11062009_PRBoardDistrict2.csv,2,3.0,1.0,1.0,1.0
Minneapolis_11062009_PRBoardDistrict3.csv,2,3.0,1.0,1.0,1.0
Minneapolis_11062009_PRBoardDistrict5.csv,5,3.0,0.805005005,0.915813715,0.706883316
Minneapolis_11062009_PRBoardDistrict6.csv,4,3.0,0.8151,0.954933301,0.851339983
Minneapolis_11062009_Ward10CityCouncil.csv,4,3.0,0.848951049,0.944043321,0.805655836
Minneapolis_11062009_Ward11CityCouncil.csv,3,3.0,0.8875,0.981736302,0.972229172
Minneapolis_11062009_Ward12CityCouncil.csv,4,3.0,0.8579,0.935894714,0.815750371
Minneapolis_11062009_Ward13CityCouncil.csv,3,3.0,0.8599,0.969722315,0.928404149
Minneapolis_11062009_Ward1CityCouncil.csv,5,3.0,0.776823177,0.880544355,0.558971774
Minneapolis_11062009_Ward2CityCouncil.csv,2,3.0,1.0,1.0,1.0
Minneapolis_11062009_Ward3CityCouncil.csv,4,3.0,0.868168168,0.978072179,0.901781635
Minneapolis_11062009_Ward4CityCouncil.csv,4,3.0,0.80990991,0.899271845,0.764563107
Minneapolis_11062009_Ward5CityCouncil.csv,5,3.0,0.8182,0.88960739,0.713163972
Minneapolis_11062009_Ward6CityCouncil.csv,6,3.0,0.776523477,0.852178423,0.5
Minneapolis_11062009_Ward7CityCouncil.csv,3,3.0,0.8745,0.937800137,0.888177453
Minneapolis_11062009_Ward8CityCouncil.csv,5,3.0,0.8255,0.872292273,0.490139024
Minneapolis_11062009_Ward9CityCouncil.csv,4,3.0,0.8646,0.95322419,0.869361844
Minneapolis_11072017_PRBoardDistrict1.csv,3,3.0,0.8773,0.907800422,0.877442024
Minneapolis_11072017_PRBoardDistrict2.csv,2,3.0,1.0,1.0,1.0
Minneapolis_11072017_PRBoardDistrict3.csv,3,3.0,0.8823,0.952423391,0.932816892
Minneapolis_11072017_PRBoardDistrict4.csv,2,3.0,1.0,1.0,1.0
Minneapolis_11072017_PRBoardDistrict5.csv,3,3.0,0.8871,0.939108911,0.885457921
Minneapolis_11072017_PRBoardDistrict6.csv,4,3.0,0.8075,0.934555116,0.821720978
Minneapolis_11072017_Ward10CityCouncil.csv,4,3.0,0.849,0.855466174,0.794672293
Minneapolis_11072017_Ward11CityCouncil.csv,3,3.0,0.8731,0.860083206,0.814867528
Minneapolis_11072017_Ward12CityCouncil.csv,3,3.0,0.8377,0.893679858,0.85499114
Minneapolis_11072017_Ward13CityCouncil.csv,2,3.0,1.0,1.0,1.0
Minneapolis_11072017_Ward1CityCouncil.csv,3,3.0,0.8862,0.93523613,0.885029803
Minneapolis_11072017_Ward3CityCouncil.csv,4,3.0,0.8271,0.891756347,0.669104587
Minneapolis_11072017_Ward4CityCouncil.csv,4,3.0,0.812787213,0.898040708,0.802548982
Minneapolis_11072017_Ward5CityCouncil.csv,4,3.0,0.8228,0.885721074,0.739130435
Minneapolis_11072017_Ward6CityCouncil.csv,4,3.0,0.8186,0.988496188,0.979071379
Minneapolis_11072017_Ward7CityCouncil.csv,4,3.0,0.820620621,0.879762167,0.731006386
Minneapolis_11072017_Ward8CityCouncil.csv,4,3.0,0.8673,0.802688308,0.581283287
Minneapolis_11072017_Ward9CityCouncil.csv,4,3.0,0.8294,0.822109276,0.709021601
Minnetonka_11022021_CityCouncilAtLargeSeatA.csv,5,3.0,0.816383616,0.92129415,0.754797441
Minnetonka_11022021_CityCouncilAtLargeSeatB.csv,5,3.0,0.7929,0.919126328,0.767611177
Minnetonka_11022021_Mayor.csv,2,3.0,1.0,1.0,1.0
NewYorkCity_06222021_CONCouncilMember19thCouncilDistrict.csv,2,3.0,1.0,1.0,1.0
NewYorkCity_06222021_DEMBoroughPresidentBronx.csv,5,5.0,0.326473526,0.66626627,0.526386783
NewYorkCity_06222021_DEMBoroughPresidentKings.csv,12,5.0,0.1356,0.687332859,0.351208945
NewYorkCity_06222021_DEMBoroughPresidentNewYork.csv,7,5.0,0.1965,0.677257117,0.40669349
NewYorkCity_06222021_DEMBoroughPresidentQueens.csv,3,4.0,0.8803,0.922902076,0.870628046
NewYorkCity_06222021_DEMBoroughPresidentRichmond.csv,5,5.0,0.3251,0.685076422,0.539803283
NewYorkCity_06222021_DEMComptrollerCitywide.csv,10,5.0,0.146,0.664014037,0.358814238
NewYorkCity_06222021_DEMCouncilMember10thCouncilDistrict.csv,8,5.0,0.174274274,0.695678792,0.383602877
NewYorkCity_06222021_DEMCouncilMember11thCouncilDistrict.csv,7,5.0,0.202,0.644797841,0.404142949
NewYorkCity_06222021_DEMCouncilMember12thCouncilDistrict.csv,3,4.0,0.8896,0.850931319,0.811544894
NewYorkCity_06222021_DEMCouncilMember13thCouncilDistrict.csv,5,5.0,0.2824,0.695512499,0.601345246
NewYorkCity_06222021_DEMCouncilMember14thCouncilDistrict.csv,6,5.0,0.2305,0.599407156,0.434787212
NewYorkCity_06222021_DEMCouncilMember15thCouncilDistrict.csv,8,5.0,0.187012987,0.640004855,0.357567666
NewYorkCity_06222021_DEMCouncilMember16thCouncilDistrict.csv,4,5.0,0.603203203,0.819745034,0.7149916
NewYorkCity_06222021_DEMCouncilMember17thCouncilDistrict.csv,2,3.0,1.0,1.0,1.0
NewYorkCity_06222021_DEMCouncilMember18thCouncilDistrict.csv,8,5.0,0.1748,0.581141758,0.361984178
NewYorkCity_06222021_DEMCouncilMember19thCouncilDistrict.csv,6,5.0,0.227,0.722413398,0.539955647
NewYorkCity_06222021_DEMCouncilMember1stCouncilDistrict.csv,9,5.0,0.146253746,0.642291314,0.351527085
NewYorkCity_06222021_DEMCouncilMember20thCouncilDistrict.csv,8,5.0,0.160660661,0.657177753,0.418921458
NewYorkCity_06222021_DEMCouncilMember21stCouncilDistrict.csv,5,5.0,0.3084,0.735926305,0.551835064
NewYorkCity_06222021_DEMCouncilMember22ndCouncilDistrict.csv,6,5.0,0.2391,0.687950249,0.313773782
NewYorkCity_06222021_DEMCouncilMember23rdCouncilDistrict.csv,7,5.0,0.193106893,0.655577063,0.420880716
NewYorkCity_06222021_DEMCouncilMember24thCouncilDistrict.csv,4,5.0,0.5793,0.780429594,0.689289976
NewYorkCity_06222021_DEMCouncilMember25thCouncilDistrict.csv,8,5.0,0.17962038,0.661887854,0.392644202
NewYorkCity_06222021_DEMCouncilMember26thCouncilDistrict.csv,15,5.0,0.119380619,0.48,0.210711297
NewYorkCity_06222021_DEMCouncilMember27thCouncilDistrict.csv,12,5.0,0.136963037,0.48863859,0.25798237
NewYorkCity_06222021_DEMCouncilMember28thCouncilDistrict.csv,3,4.0,0.8893,0.890203907,0.846713247
NewYorkCity_06222021_DEMCouncilMember29thCouncilDistrict.csv,9,5.0,0.149001996,0.616659856,0.32677602
NewYorkCity_06222021_DEMCouncilMember2ndCouncilDistrict.csv,2,3.0,1.0,1.0,1.0
NewYorkCity_06222021_DEMCouncilMember30thCouncilDistrict.csv,2,3.0,1.0,1.0,1.0
NewYorkCity_06222021_DEMCouncilMember31stCouncilDistrict.csv,3,4.0,0.900800801,0.879619786,0.845100369
NewYorkCity_06222021_DEMCouncilMember32ndCouncilDistrict.csv,6,5.0,0.2309,0.690441248,0.531650523
NewYorkCity_06222021_DEMCouncilMember33rdCouncilDistrict.csv,8,5.0,0.166433566,0.700253616,0.420248132
NewYorkCity_06222021_DEMCouncilMember34thCouncilDistrict.csv,4,5.0,0.6085,0.821652943,0.708691674
NewYorkCity_06222021_DEMCouncilMember35thCouncilDistrict.csv,7,5.0,0.215115115,0.735636135,0.535888182
NewYorkCity_06222021_DEMCouncilMember36thCouncilDistrict.csv,5,5.0,0.325925926,0.734899329,0.560359663
NewYorkCity_06222021_DEMCouncilMember37thCouncilDistrict.csv,6,5.0,0.225674326,0.702168719,0.551553023
NewYorkCity_06222021_DEMCouncilMember38thCouncilDistrict.csv,6,5.0,0.25014985,0.706431107,0.514323454
NewYorkCity_06222021_DEMCouncilMember39thCouncilDistrict.csv,7,5.0,0.1875,0.670614011,0.420489212
NewYorkCity_06222021_DEMCouncilMember3rdCouncilDistrict.csv,6,5.0,0.241141141,0.72500263,0.454284011
NewYorkCity_06222021_DEMCouncilMember40thCouncilDistrict.csv,11,5.0,0.136063936,0.602432807,0.281338044
NewYorkCity_06222021_DEMCouncilMember41stCouncilDistrict.csv,2,3.0,1.0,1.0,1.0
NewYorkCity_06222021_DEMCouncilMember42ndCouncilDistrict.csv,4,5.0,0.656156156,0.757263535,0.649046461
NewYorkCity_06222021_DEMCouncilMember45thCouncilDistrict.csv,3,4.0,0.84955045,0.929475869,0.910326933
NewYorkCity_06222021_DEMCouncilMember46thCouncilDistrict.csv,8,5.0,0.184484484,0.635601017,0.422579423
NewYorkCity_06222021_DEMCouncilMember47thCouncilDistrict.csv,4,5.0,0.5863,0.763525305,0.656694091
NewYorkCity_06222021_DEMCouncilMember48thCouncilDistrict.csv,5,5.0,0.3368,0.714611872,0.573711676
NewYorkCity_06222021_DEMCouncilMember49thCouncilDistrict.csv,9,5.0,0.15035035,0.543728172,0.31621071
NewYorkCity_06222021_DEMCouncilMember5thCouncilDistrict.csv,7,5.0,0.1772,0.674286838,0.423372024
NewYorkCity_06222021_DEMCouncilMember6thCouncilDistrict.csv,6,5.0,0.2358,0.730844395,0.447932794
NewYorkCity_06222021_DEMCouncilMember7thCouncilDistrict.csv,12,5.0,0.13033033,0.586628759,0.313517705
NewYorkCity_06222021_DEMCouncilMember8thCouncilDistrict.csv,4,5.0,0.6367,0.751881628,0.687307561
NewYorkCity_06222021_DEMCouncilMember9thCouncilDistrict.csv,13,5.0,0.1239,0.525760349,0.263873204
NewYorkCity_06222021_DEMMayorCitywide.csv,13,5.0,0.128957916,0.462661277,0.165850332
NewYorkCity_06222021_DEMPublicAdvocateCitywide.csv,3,4.0,0.855344655,0.898467414,0.874147063
NewYorkCity_06222021_REPBoroughPresidentQueens.csv,2,3.0,1.0,1.0,1.0
NewYorkCity_06222021_REPBoroughPresidentRichmond.csv,4,5.0,0.6066,0.841874458,0.729641528
NewYorkCity_06222021_REPCouncilMember15thCouncilDistrict.csv,2,3.0,1.0,1.0,1.0
NewYorkCity_06222021_REPCouncilMember19thCouncilDistrict.csv,2,3.0,1.0,1.0,1.0
NewYorkCity_06222021_REPCouncilMember23rdCouncilDistrict.csv,2,3.0,1.0,1.0,1.0
NewYorkCity_06222021_REPCouncilMember24thCouncilDistrict.csv,2,3.0,1.0,1.0,1.0
NewYorkCity_06222021_REPCouncilMember32ndCouncilDistrict.csv,2,3.0,1.0,1.0,1.0
NewYorkCity_06222021_REPCouncilMember50thCouncilDistrict.csv,5,5.0,0.3322,0.771511967,0.633625219
NewYorkCity_06222021_REPMayorCitywide.csv,2,3.0,1.0,1.0,1.0
Oakland_11022010_CityAuditor.csv,2,3.0,1.0,1.0,1.0
Oakland_11022010_CityCouncilDistrict2.csv,2,3.0,1.0,1.0,1.0
Oakland_11022010_CityCouncilDistrict4.csv,7,3.0,0.7643,0.84913937,0.273208411
Oakland_11022010_CityCouncilDistrict6.csv,3,3.0,0.8748,0.820018651,0.773624495
Oakland_11022010_Mayor.csv,10,3.0,0.711311311,0.768744882,0.185719299
Oakland_11022010_SchoolDirectorDistrict4.csv,2,3.0,1.0,1.0,1.0
Oakland_11032020_CityAttorneyOaklandRCV.csv,2,5.0,1.0,1.0,1.0
Oakland_11032020_MemberCityCouncilAtLargeOaklandRCV.csv,3,5.0,0.897897898,0.877497388,0.856818206
Oakland_11032020_MemberCityCouncilDist1OaklandRCV.csv,3,5.0,0.9013,0.869124424,0.795283275
Oakland_11032020_MemberCityCouncilDist3OaklandRCV.csv,6,5.0,0.2244,0.561540708,0.396307233
Oakland_11032020_MemberCityCouncilDist5OaklandRCV.csv,3,5.0,0.8761,0.852951115,0.836731246
Oakland_11032020_MemberCityCouncilDist7OaklandRCV.csv,5,5.0,0.325974026,0.485817589,0.343891633
Oakland_11032020_SchoolDirectorDist1OaklandRCV.csv,3,5.0,0.873273273,0.936720608,0.926570385
Oakland_11032020_SchoolDirectorDist3OaklandRCV.csv,5,5.0,0.331731732,0.565364847,0.414356141
Oakland_11032020_SchoolDirectorDist5OaklandRCV.csv,4,5.0,0.60960961,0.660214552,0.585704291
Oakland_11032020_SchoolDirectorDist7OaklandRCV.csv,5,5.0,0.362,0.521027148,0.375387629
Oakland_11042014_CityAuditor.csv,2,3.0,1.0,1.0,1.0
Oakland_11042014_CityCouncilDistrict2.csv,5,3.0,0.8085,0.842372881,0.50036846
Oakland_11042014_CityCouncilDistrict4.csv,3,3.0,0.868668669,0.932486593,0.900649167
Oakland_11042014_CityCouncilDistrict6.csv,5,3.0,0.8225,0.884636022,0.585494545
Oakland_11042014_Mayor.csv,16,3.0,0.7148,0.78096467,0.252878957
Oakland_11042014_SchoolDirectorDistrict2.csv,2,3.0,1.0,1.0,1.0
Oakland_11042014_SchoolDirectorDistrict4.csv,4,3.0,0.8061,0.854151177,0.635068154
Oakland_11042014_SchoolDirectorDistrict6.csv,2,3.0,1.0,1.0,1.0
Oakland_11062012_CityAttorney.csv,2,3.0,1.0,1.0,1.0
Oakland_11062012_CityCouncilAtLarge.csv,5,3.0,0.803696304,0.845628983,0.578802993
Oakland_11062012_CityCouncilDistrict1.csv,7,3.0,0.7695,0.812390803,0.3520861
Oakland_11062012_CityCouncilDistrict3.csv,6,3.0,0.758558559,0.805534135,0.366024042
Oakland_11062012_CityCouncilDistrict5.csv,4,3.0,0.8291,0.890435245,0.676801702
Oakland_11062012_CityCouncilDistrict7.csv,3,3.0,0.861738262,0.898140124,0.868008799
Oakland_11062012_SchoolDirectorDistrict1.csv,2,3.0,1.0,1.0,1.0
Oakland_11062012_SchoolDirectorDistrict3.csv,3,3.0,0.8723,0.819783527,0.760374703
Oakland_11062012_SchoolDirectorDistrict5.csv,2,3.0,1.0,1.0,1.0
Oakland_11062012_SchoolDirectorDistrict7.csv,2,3.0,1.0,1.0,1.0
Oakland_11062018_CityAuditor.csv,2,3.0,1.0,1.0,1.0
Oakland_11062018_CityCouncilDistrict2.csv,3,3.0,0.8762,0.948683772,0.931546627
Oakland_11062018_CityCouncilDistrict4.csv,7,3.0,0.7424,0.804977447,0.281158503
Oakland_11062018_CityCouncilDistrict6.csv,5,3.0,0.7787,0.841937647,0.545926919
Oakland_11062018_Mayor.csv,10,3.0,0.7525,0.797998832,0.33164999
Oakland_11062018_SchoolDirectorDistrict4.csv,2,3.0,1.0,1.0,1.0
Oakland_11062018_SchoolDirectorDistrict6.csv,2,3.0,1.0,1.0,1.0
Oakland_11082016_CityCouncilDistrict1.csv,2,3.0,1.0,1.0,1.0
Oakland_11082016_CityCouncilDistrict3.csv,2,3.0,1.0,1.0,1.0
Oakland_11082016_CityCouncilDistrict5.csv,2,3.0,1.0,1.0,1.0
Oakland_11082016_CityCouncilDistrict7.csv,3,3.0,0.8811,0.87876095,0.837565063
Oakland_11082016_CouncilAtLrg.csv,5,3.0,0.7906,0.818718985,0.386745285
Oakland_11082016_SchoolDirectorDistrict1.csv,2,3.0,1.0,1.0,1.0
Oakland_11082016_SchoolDirectorDistrict3.csv,5,3.0,0.8144,0.858387313,0.674737547
Oakland_11082016_SchoolDirectorDistrict5.csv,4,3.0,0.8436,0.907741887,0.777935996
Oakland_11082016_SchoolDirectorDistrict7.csv,2,3.0,1.0,1.0,1.0
Oakland_11082022_CityCouncilmemberDistrict4.csv,2,5.0,1.0,1.0,1.0
Oakland_11082022_CityCouncilmemberDistrict6.csv,4,5.0,0.5788,0.657781077,0.538399244
Oakland_11082022_Mayor.csv,10,5.0,0.134134134,0.506844053,0.207634294
Oakland_11082022_Schoolboarddistrict2.csv,3,5.0,0.862437562,0.962519038,0.95417522
Oakland_11082022_Schoolboarddistrict4.csv,3,5.0,0.870870871,0.861557618,0.798392574
Oakland_11082022_Schoolboarddistrict6.csv,3,5.0,0.8838,0.920192638,0.899346405
Payson_11052019_CityCouncil.csv,5,5.0,0.3199,0.369443407,0.255883452
PierceCounty_11032009_CountyAuditor.csv,3,3.0,0.8927,0.885395855,0.859795511
PierceCounty_11042008_CountyAssessorTreasurer.csv,6,3.0,0.7571,0.823078863,0.519746191
PierceCounty_11042008_CountyCouncilDistrict2.csv,3,3.0,0.8861,0.892077152,0.875365872
PierceCounty_11042008_CountyExecutiveMember.csv,4,3.0,0.8179,0.885866931,0.704945053
Portland_06142022_SchoolboardAL-1.csv,7,7.0,0.0478,0.701381867,0.566116167
Portland_06142022_Schoolboarddistrict5-1.csv,6,5.0,0.25035035,0.837006663,0.668375192
Portland_11082022_SchoolBoardDistrict3.csv,3,3.0,0.8992,0.948528229,0.937429628
SanFrancisco_06052018_BoardofSupervisorsDistrict8.csv,3,3.0,0.8707,0.945364388,0.92580015
SanFrancisco_06052018_Mayor.csv,8,3.0,0.779320679,0.80451714,0.323960413
SanFrancisco_11022004_BoardofSupervisorsDistrict11.csv,8,3.0,0.7524,0.774637556,0.329780808
SanFrancisco_11022004_BoardofSupervisorsDistrict2.csv,5,3.0,0.7653,0.803264904,0.508147762
SanFrancisco_11022004_BoardofSupervisorsDistrict3.csv,4,3.0,0.8553,0.836286431,0.553715499
SanFrancisco_11022004_BoardofSupervisorsDistrict5.csv,22,3.0,0.728215354,0.76578655,0.124640406
SanFrancisco_11022004_BoardofSupervisorsDistrict7.csv,13,3.0,0.723123123,0.787129808,0.210752552
SanFrancisco_11022004_BoardofSupervisorsDistrict9.csv,6,3.0,0.768268268,0.82237239,0.462933913
SanFrancisco_11022010_BoardofSupervisorsDistrict10.csv,21,3.0,0.7036,0.798121805,0.316625917
SanFrancisco_11022010_BoardofSupervisorsDistrict2.csv,6,3.0,0.7953,0.864945506,0.568024533
SanFrancisco_11022010_BoardofSupervisorsDistrict6.csv,14,3.0,0.709181637,0.846534653,0.316454503
SanFrancisco_11022010_BoardofSupervisorsDistrict8.csv,4,3.0,0.8287,0.855721108,0.70586553
SanFrancisco_11032015_BoardofSupervisorsDistrict3.csv,3,3.0,0.9037,0.875658525,0.81483477
SanFrancisco_11032015_Mayor.csv,6,3.0,0.773826174,0.845835636,0.622336254
SanFrancisco_11032015_Sheriff.csv,3,3.0,0.8904,0.963703062,0.948835733
SanFrancisco_11032020_BOARDOFSUPERVISORSDISTRICT1.csv,7,7.0,0.0503,0.513349582,0.375893203
SanFrancisco_11032020_BOARDOFSUPERVISORSDISTRICT11.csv,4,3.0,0.811111111,0.884610485,0.86804892
SanFrancisco_11032020_BOARDOFSUPERVISORSDISTRICT3.csv,4,4.0,0.6066,0.695522904,0.653344857
SanFrancisco_11032020_BOARDOFSUPERVISORSDISTRICT5.csv,4,4.0,0.5944,0.610632802,0.556990482
SanFrancisco_11032020_BOARDOFSUPERVISORSDISTRICT7.csv,7,7.0,0.0536,0.481051857,0.30766302
SanFrancisco_11032020_BOARDOFSUPERVISORSDISTRICT9.csv,2,3.0,1.0,1.0,1.0
SanFrancisco_11042008_BoardofSupervisorsDistrict1.csv,9,3.0,0.748848849,0.813193674,0.303100721
SanFrancisco_11042008_BoardofSupervisorsDistrict11.csv,9,3.0,0.7702,0.780041881,0.272189111
SanFrancisco_11042008_BoardofSupervisorsDistrict3.csv,9,3.0,0.751448551,0.811351153,0.334785793
SanFrancisco_11042008_BoardofSupervisorsDistrict4.csv,3,3.0,0.865,0.855352108,0.826714679
SanFrancisco_11042008_BoardofSupervisorsDistrict5.csv,3,3.0,0.8811,0.854050867,0.834231655
SanFrancisco_11042008_BoardofSupervisorsDistrict7.csv,3,3.0,0.8925,0.911954141,0.895594487
SanFrancisco_11042008_BoardofSupervisorsDistrict9.csv,7,3.0,0.7678,0.806884371,0.566232009
SanFrancisco_11042014_BoardofSupervisorsDistrict10.csv,5,3.0,0.782917083,0.891421172,0.565425704
SanFrancisco_11052004_BoardofSupervisorsDistrict1.csv,7,3.0,0.776076076,0.816965992,0.457220273
SanFrancisco_11052019_DistrictAttorney.csv,4,4.0,0.6003,0.751598646,0.636196335
SanFrancisco_11052019_Mayor.csv,7,6.0,0.0707,0.721709309,0.616878533
SanFrancisco_11052019_MemberBoardofSupervisorsDistrict5.csv,4,4.0,0.5932,0.839895345,0.788707431
SanFrancisco_11062007_Mayor.csv,12,3.0,0.74025974,0.899669018,0.612081177
SanFrancisco_11062012_BoardofSupervisorsDistrict5.csv,8,3.0,0.769,0.792349572,0.320308512
SanFrancisco_11062012_BoardofSupervisorsDistrict7.csv,9,3.0,0.7433,0.772956834,0.302988915
SanFrancisco_11062018_AssessorRecorder.csv,2,3.0,1.0,1.0,1.0
SanFrancisco_11062018_BoardofSupervisorsDistrict10.csv,6,3.0,0.744755245,0.845373237,0.545278638
SanFrancisco_11062018_BoardofSupervisorsDistrict2.csv,4,3.0,0.8107,0.856674208,0.717024887
SanFrancisco_11062018_BoardofSupervisorsDistrict4.csv,8,3.0,0.7734,0.820621667,0.376052484
SanFrancisco_11062018_BoardofSupervisorsDistrict6.csv,3,3.0,0.8815,0.828877849,0.794535131
SanFrancisco_11062018_BoardofSupervisorsDistrict8.csv,2,3.0,1.0,1.0,1.0
SanFrancisco_11072006_BoardofSupervisorsDistrict10.csv,7,3.0,0.7891,0.85826002,0.502513615
SanFrancisco_11072006_BoardofSupervisorsDistrict2.csv,2,3.0,1.0,1.0,1.0
SanFrancisco_11072006_BoardofSupervisorsDistrict4.csv,6,3.0,0.7707,0.856955381,0.52942661
SanFrancisco_11072006_BoardofSupervisorsDistrict6.csv,8,3.0,0.758141858,0.880441447,0.476171897
SanFrancisco_11072006_BoardofSupervisorsDistrict8.csv,3,3.0,0.8658,0.94961057,0.921735566
SanFrancisco_11082005_AssessorRecorder.csv,4,3.0,0.7966,0.752118219,0.692727784
SanFrancisco_11082005_Treasurer.csv,4,3.0,0.874525475,0.923446521,0.779603493
SanFrancisco_11082011_DistrictAttorney.csv,5,3.0,0.815915916,0.840521439,0.565971523
SanFrancisco_11082011_Mayor.csv,16,3.0,0.706706707,0.767766087,0.233296874
SanFrancisco_11082011_Sheriff.csv,4,3.0,0.8296,0.884160769,0.756637844
SanFrancisco_11082016_BoardofSupervisorsDistrict1.csv,10,3.0,0.725525526,0.826218265,0.284267153
SanFrancisco_11082016_BoardofSupervisorsDistrict11.csv,5,3.0,0.7732,0.814134276,0.456183746
SanFrancisco_11082016_BoardofSupervisorsDistrict3.csv,2,3.0,1.0,1.0,1.0
SanFrancisco_11082016_BoardofSupervisorsDistrict5.csv,2,3.0,1.0,1.0,1.0
SanFrancisco_11082016_BoardofSupervisorsDistrict7.csv,5,3.0,0.7809,0.832781691,0.488274067
SanFrancisco_11082016_BoardofSupervisorsDistrict9.csv,4,3.0,0.8401,0.918404832,0.80991221
SanFrancisco_11082022_BoardofSupervisorsD10.csv,2,3.0,1.0,1.0,1.0
SanFrancisco_11082022_BoardofSupervisorsD4.csv,2,3.0,1.0,1.0,1.0
SanFrancisco_11082022_BoardofSupervisorsD6.csv,4,4.0,0.6679,0.738261616,0.702402844
SanFrancisco_11082022_BoardofSupervisorsD8.csv,2,3.0,1.0,1.0,1.0
SanFrancisco_11082022_DistrictAttorney.csv,4,4.0,0.568131868,0.774814531,0.683662433
SanFrancisco_11082022_PublicDefender.csv,2,3.0,1.0,1.0,1.0
SanLeandro_11022010_CountyCouncilDistrict1.csv,3,3.0,0.9352,0.998596421,0.99654118
SanLeandro_11022010_CountyCouncilDistrict5.csv,2,3.0,1.0,1.0,1.0
SanLeandro_11022010_Mayor.csv,6,3.0,0.7894,0.746593035,0.34875746
SanLeandro_11032020_MemberCityCouncilDist2SanLeandroRCV.csv,2,5.0,1.0,1.0,1.0
SanLeandro_11032020_MemberCityCouncilDist4SanLeandroRCV.csv,2,5.0,1.0,1.0,1.0
SanLeandro_11042014_CountyCouncilDistrict1.csv,4,3.0,0.8267,0.853869489,0.673852708
SanLeandro_11042014_CountyCouncilDistrict3.csv,3,3.0,0.8963,0.909455749,0.886009998
SanLeandro_11042014_CountyCouncilDistrict5.csv,3,3.0,0.8677,0.804612559,0.765290156
SanLeandro_11042014_Mayor.csv,4,3.0,0.827372627,0.925437515,0.902452551
SanLeandro_11062012_CountyCouncilDistrict2.csv,3,3.0,0.872227772,0.902782712,0.876494967
SanLeandro_11062012_CountyCouncilDistrict4.csv,4,3.0,0.828971029,0.769872488,0.547827966
SanLeandro_11062012_CountyCouncilDistrict6.csv,2,3.0,1.0,1.0,1.0
SanLeandro_11062018_CountyCouncilDistrict1.csv,3,3.0,0.863736264,0.762612468,0.703044666
SanLeandro_11062018_CountyCouncilDistrict3.csv,2,3.0,1.0,1.0,1.0
SanLeandro_11062018_CountyCouncilDistrict5.csv,2,3.0,1.0,1.0,1.0
SanLeandro_11062018_Mayor.csv,4,3.0,0.854654655,0.895748714,0.731112916
SanLeandro_11082016_CountyCouncilDistrict2.csv,2,3.0,1.0,1.0,1.0
SantaFe_03062018_CityCouncilDistrict2.csv,3,3.0,0.8755,0.862895494,0.846436561
SantaFe_03062018_CityCouncilDistrict4.csv,3,3.0,0.871228771,0.713032837,0.68325515
SantaFe_03062018_Mayor.csv,5,5.0,0.3183,0.423963134,0.308949794
Springville_11022021_CityCouncil2yr.csv,3,3.0,0.8861,0.890834021,0.882741536
Springville_11022021_Mayor.csv,3,3.0,0.8727,0.723856209,0.709803922
StLouisPark_11022021_CityCouncilWard2.csv,2,3.0,1.0,1.0,1.0
StLouisPark_11022021_CityCouncilWard3.csv,3,3.0,0.869,0.912005966,0.886651752
TakomaPark_11082022_CityCouncilWard1.csv,3,4.0,0.8585,0.827078734,0.754966887
TakomaPark_11082022_CityCouncilWard3.csv,5,4.0,0.5113,0.771865889,0.672740525
TakomaPark_11082022_CityCouncilWard5.csv,3,4.0,0.863,0.856262834,0.800821355
TakomaPark_11082022_CityCouncilWard6.csv,7,5.0,0.17002997,0.673846154,0.578461538
TakomaPark_11082022_Mayor.csv,6,4.0,0.4456,0.714811569,0.562489045
Vineyard_11022021_Mayor.csv,3,3.0,0.8952,0.800910865,0.793754066
Vineyard_11052019_CityCouncil.csv,7,7.0,0.0575,0.237832874,0.139577594
WoodlandHills_11022021_Mayor.csv,3,3.0,0.8666,0.86259542,0.832061069
Wyoming_04172020_PRESIDENTOFTHEUNITEDSTATES.csv,9,5.0,0.1685,0.733346319,0.556356317
