,filename,candidates,choices,gamma,og_irv,og_condorcet,og_plurality,Bvote_free_irv,Bvote_free_condorcet,Bvote_free_plurality,Tvote_free_irv,Tvote_free_condorcet,Tvote_free_plurality,bullet_votes,voluntarily_truncated_votes,total_votes,level
0,Alaska_04102020_PRESIDENTOFTHEUNITEDSTATES.csv,8,5,0.67039812,Joseph R. Biden,Joseph R. Biden,Joseph R. Biden,Joseph R. Biden,Joseph R. Biden,Joseph R. Biden,,,,3922,,19742,FEDERAL
1,Alaska_08162022_HouseofRepresentativesSpecial.csv,3,4,0.96684176,"Peltola, Mary S.","Begich, Nick","Peltola, Mary S.","Begich, Nick","Begich, Nick","Peltola, Mary S.","Begich, Nick","Begich, Nick","Peltola, Mary S.",56054,133333,188852,FEDERAL
2,Alaska_11052024_President.csv,8,8,0.833382548,Trump/Vance,Trump/Vance,Trump/Vance,Harris/Walz,Harris/Walz,Harris/Walz,Harris/Walz,Harris/Walz,Harris/Walz,228278,301747,338650,FEDERAL
3,Alaska_11052024_StateHouseD1.csv,3,4,0.953815999,"Bynum, Jeremy T.","Bynum, Jeremy T.","Bynum, Jeremy T.","Moran, Agnes C.","Moran, Agnes C.","Moran, Agnes C.","Echohawk, Grant","Moran, Agnes C.","Bynum, Jeremy T.",5310,6769,8163,STATE
4,Alaska_11052024_StateHouseD15.csv,3,4,0.982539683,"Costello, Mia","Costello, Mia","Costello, Mia","Wells, Denny","Wells, Denny","Wells, Denny","Wells, Denny","Wells, Denny","Wells, Denny",6237,7576,8820,STATE
5,Alaska_11052024_StateHouseD19.csv,3,4,0.962251201,"Mina, Genevieve G.","Mina, Genevieve G.","Mina, Genevieve G.","Mina, Genevieve G.","Mina, Genevieve G.","Mina, Genevieve G.","Mina, Genevieve G.","Mina, Genevieve G.","Mina, Genevieve G.",3242,3641,4371,STATE
6,Alaska_11052024_StateHouseD28.csv,3,4,0.923106746,"Moore, Elexie","Moore, Elexie","Moore, Elexie","Menard, Steve","Menard, Steve","Moore, Elexie","Menard, Steve","Menard, Steve","Menard, Steve",5142,5857,7738,STATE
7,Alaska_11052024_StateHouseD36.csv,4,5,0.906753131,"Schwanke, Rebecca A.","Schwanke, Rebecca A.","Schwanke, Rebecca A.","Schwanke, Rebecca A.","Schwanke, Rebecca A.","Schwanke, Rebecca A.","Kowalski, Brandon P. ""Putuuqti""","Kowalski, Brandon P. ""Putuuqti""","Kowalski, Brandon P. ""Putuuqti""",5683,7865,8944,STATE
8,Alaska_11052024_StateHouseD38.csv,4,5,0.80964256,"Jimmie, Nellie D. ""Unangik""","Jimmie, Nellie D. ""Unangik""","Jimmie, Nellie D. ""Unangik""","Jimmie, Nellie D. ""Unangik""","Jimmie, Nellie D. ""Unangik""","Jimmie, Nellie D. ""Unangik""","Jimmie, Nellie D. ""Unangik""","Jimmie, Nellie D. ""Unangik""","Jimmie, Nellie D. ""Unangik""",1819,2462,3609,STATE
9,Alaska_11052024_StateHouseD40.csv,3,4,0.887471377,"Burke, Robyn ""Niayuq""","Burke, Robyn ""Niayuq""","Burke, Robyn ""Niayuq""","Burke, Robyn ""Niayuq""","Burke, Robyn ""Niayuq""","Burke, Robyn ""Niayuq""","Burke, Robyn ""Niayuq""","Burke, Robyn ""Niayuq""","Burke, Robyn ""Niayuq""",1751,2009,3057,STATE
10,Alaska_11052024_StateHouseD6.csv,3,4,0.972234387,"Vance, Sarah L.","Vance, Sarah L.","Vance, Sarah L.","Johnson, Brent","Johnson, Brent","Johnson, Brent","Johnson, Brent","Johnson, Brent","Johnson, Brent",8076,10173,11417,STATE
11,Alaska_11052024_StateSenateD.csv,3,4,0.981481481,"Bjorkman, Jesse J.","Bjorkman, Jesse J.","Bjorkman, Jesse J.","Bjorkman, Jesse J.","Bjorkman, Jesse J.","Bjorkman, Jesse J.","Bjorkman, Jesse J.","Bjorkman, Jesse J.","Bjorkman, Jesse J.",13048,16994,19332,STATE
12,Alaska_11052024_StateSenateF.csv,3,4,0.960321653,"Kaufman, James D.","Kaufman, James D.","Kaufman, James D.","Kaufman, James D.","Kaufman, James D.","Kaufman, James D.","Park, Janice L.","Park, Janice L.","Park, Janice L.",11785,14564,17037,STATE
13,Alaska_11052024_StateSenateL.csv,3,4,0.98032502,"Merrick, Kelly R.","Merrick, Kelly R.","Merrick, Kelly R.","Merrick, Kelly R.","Merrick, Kelly R.","Merrick, Kelly R.","Merrick, Kelly R.","Merrick, Kelly R.","Merrick, Kelly R.",12573,16805,19568,STATE
14,Alaska_11052024_StateSenateN.csv,3,4,0.929512559,"Yundt, Robert","Yundt, Robert","Yundt, Robert","Yundt, Robert","Yundt, Robert","Yundt, Robert","Yundt, Robert","Yundt, Robert","Yundt, Robert",10272,11757,15407,STATE
15,Alaska_11052024_StateSenateR.csv,3,4,0.953318987,"Cronk, Mike","Cronk, Mike","Cronk, Mike","Fletcher, Savannah","Fletcher, Savannah","Fletcher, Savannah","Fletcher, Savannah","Fletcher, Savannah","Fletcher, Savannah",13088,15310,18123,STATE
16,Alaska_11052024_US_House.csv,4,5,0.919223552,"Begich, Nick","Begich, Nick","Begich, Nick","Peltola, Mary S.","Peltola, Mary S.","Peltola, Mary S.","Peltola, Mary S.","Peltola, Mary S.","Peltola, Mary S.",219838,286400,329861,FEDERAL
17,Alaska_11082022_GovernorLieutenantGovernor.csv,4,5,0.88067079,Dunleavy/Dahlstrom,Dunleavy/Dahlstrom,Dunleavy/Dahlstrom,Dunleavy/Dahlstrom,Walker/Drygas,Dunleavy/Dahlstrom,Dunleavy/Dahlstrom,Walker/Drygas,Dunleavy/Dahlstrom,87901,216478,264470,STATE
18,Alaska_11082022_HouseDistrict10.csv,3,4,0.93600118,"Johnson, Craig W.","Johnson, Craig W.","Johnson, Craig W.","Storm, Caroline","Storm, Caroline","Storm, Caroline","Storm, Caroline","Storm, Caroline","Storm, Caroline",4047,5414,6797,STATE
19,Alaska_11082022_HouseDistrict11.csv,3,4,0.94790989,"Coulombe, Julie","Coulombe, Julie","Featherly, Walter T.","Coulombe, Julie","Coulombe, Julie","Coulombe, Julie","Featherly, Walter T.","Featherly, Walter T.","Featherly, Walter T.",3961,6146,7679,STATE
20,Alaska_11082022_HouseDistrict15.csv,3,4,0.95557082,"McKay, Thomas W. ""Tom""","McKay, Thomas W. ""Tom""","Wells, Denny","McKay, Thomas W. ""Tom""","McKay, Thomas W. ""Tom""","McKay, Thomas W. ""Tom""","Wells, Denny","Wells, Denny","Wells, Denny",3681,5785,7270,STATE
21,Alaska_11082022_HouseDistrict18.csv,3,4,0.94289762,"Groh, Cliff","Groh, Cliff","Nelson, David","Groh, Cliff","Groh, Cliff","Groh, Cliff","Groh, Cliff","Groh, Cliff","Groh, Cliff",980,1559,2119,STATE
22,Alaska_11082022_HouseDistrict20.csv,4,5,0.85363907,"Gray, Andrew T.","Gray, Andrew T.","Gray, Andrew T.","Gray, Andrew T.",-1,"Gray, Andrew T.","Gray, Andrew T.","Gray, Andrew T.","Gray, Andrew T.",2319,4046,5015,STATE
23,Alaska_11082022_HouseDistrict24.csv,3,4,0.96160001,"Saddler, Dan","Saddler, Dan","Saddler, Dan","Saddler, Dan","Saddler, Dan","Saddler, Dan","Saddler, Dan","Saddler, Dan","Saddler, Dan",3125,6050,7500,STATE
24,Alaska_11082022_HouseDistrict27.csv,3,4,0.8960644,"Eastman, David","Eastman, David","Eastman, David","Eastman, David","Eastman, David","Eastman, David","Eastman, David","Eastman, David","Eastman, David",2494,3407,5590,STATE
25,Alaska_11082022_HouseDistrict28.csv,4,5,0.79952991,"Sumner, Jesse M.","Sumner, Jesse M.","Sumner, Jesse M.","Sumner, Jesse M.","Sumner, Jesse M.","Sumner, Jesse M.","Sumner, Jesse M.","Sumner, Jesse M.","Menard, Steve",2419,4101,5956,STATE
26,Alaska_11082022_HouseDistrict30.csv,3,4,0.97451556,"McCabe, Kevin J.","McCabe, Kevin J.","McCabe, Kevin J.","McCabe, Kevin J.","McCabe, Kevin J.","McCabe, Kevin J.","McCabe, Kevin J.","McCabe, Kevin J.","Holmes, Doyle E.",3532,6310,7534,STATE
27,Alaska_11082022_HouseDistrict31.csv,3,4,0.91760302,"Dibert, Maxine L.","Dibert, Maxine L.","Dibert, Maxine L.","LeBon, Barton S.","LeBon, Barton S.","Dibert, Maxine L.","Dibert, Maxine L.","Dibert, Maxine L.","Dibert, Maxine L.",2327,3786,5073,STATE
28,Alaska_11082022_HouseDistrict32.csv,3,4,0.91522217,"Stapp, Will B.","Stapp, Will B.","Stapp, Will B.","Stapp, Will B.","Stapp, Will B.","Stapp, Will B.","Stapp, Will B.","Stapp, Will B.","Stapp, Will B.",1415,2420,3173,STATE
29,Alaska_11082022_HouseDistrict34.csv,3,4,0.9292683,"Tomaszewski, Frank J.","Tomaszewski, Frank J.","Tomaszewski, Frank J.","Tomaszewski, Frank J.","Tomaszewski, Frank J.","Tomaszewski, Frank J.","Tomaszewski, Frank J.","Tomaszewski, Frank J.","Hopkins, Grier H.",3764,5994,7380,STATE
30,Alaska_11082022_HouseDistrict35.csv,4,5,0.90710747,"Carrick, Ashley E.","Carrick, Ashley E.","Carrick, Ashley E.","McKinley, Kevin","McKinley, Kevin","McKinley, Kevin","Carrick, Ashley E.","Carrick, Ashley E.","Carrick, Ashley E.",3718,6271,7471,STATE
31,Alaska_11082022_HouseDistrict6.csv,3,4,0.94118267,"Vance, Sarah L.","Vance, Sarah L.","Vance, Sarah L.","Flora, Louis A. ""Louie""","Flora, Louis A. ""Louie""","Flora, Louis A. ""Louie""","Flora, Louis A. ""Louie""","Flora, Louis A. ""Louie""","Flora, Louis A. ""Louie""",5741,8042,9521,STATE
32,Alaska_11082022_SenateDistrictC.csv,3,4,0.94512415,"Stevens, Gary","Stevens, Gary","Stevens, Gary","Smith, Heath","Smith, Heath","Stevens, Gary","Stevens, Gary","Stevens, Gary","Stevens, Gary",7835,10543,13977,STATE
33,Alaska_11082022_SenateDistrictD.csv,3,4,0.94079727,"Bjorkman, Jesse J.","Bjorkman, Jesse J.","Bjorkman, Jesse J.","Bjorkman, Jesse J.","Bjorkman, Jesse J.","Bjorkman, Jesse J.","Bjorkman, Jesse J.","Bjorkman, Jesse J.","Bjorkman, Jesse J.",7664,12475,15202,STATE
34,Alaska_11082022_SenateDistrictE.csv,3,4,0.97468579,"Giessel, Cathy","Giessel, Cathy","Giessel, Cathy","Giessel, Cathy","Giessel, Cathy","Giessel, Cathy","Giessel, Cathy","Giessel, Cathy","Giessel, Cathy",7565,13537,16710,STATE
35,Alaska_11082022_SenateDistrictJ.csv,3,4,0.9500578,"Dunbar, Forrest","Dunbar, Forrest","Dunbar, Forrest","Dunbar, Forrest","Dunbar, Forrest","Dunbar, Forrest","Dunbar, Forrest","Dunbar, Forrest","Dunbar, Forrest",3632,6532,8650,STATE
36,Alaska_11082022_SenateDistrictN.csv,3,4,0.87059641,"Wilson, David S.","Wilson, David S.","Wilson, David S.","Wilson, David S.","Wilson, David S.","Wilson, David S.","Wilson, David S.","Wilson, David S.","Wilson, David S.",5002,6691,11553,STATE
37,Alaska_11082022_SenateDistrictP.csv,3,4,0.8864556,"Kawasaki, Scott","Kawasaki, Scott","Kawasaki, Scott","Matherly, Jim","Matherly, Jim","Matherly, Jim","Kawasaki, Scott","Kawasaki, Scott","Kawasaki, Scott",4060,6266,8402,STATE
38,Alaska_11082022_SenateDistrictQ.csv,3,4,0.90888804,"Myers, Robert H. Jr.","Myers, Robert H. Jr.","Myers, Robert H. Jr.","Myers, Robert H. Jr.","Myers, Robert H. Jr.","Myers, Robert H. Jr.","Myers, Robert H. Jr.","Myers, Robert H. Jr.","Myers, Robert H. Jr.",8404,10253,12995,STATE
39,Alaska_11082022_SenateDistrictR.csv,3,4,0.91031516,"Bishop, Click","Bishop, Click","Bishop, Click","Bishop, Click","Bishop, Click","Bishop, Click","Bishop, Click","Bishop, Click","Bishop, Click",7879,11202,14629,STATE
40,Alaska_11082022_USRepresentative.csv,4,5,0.85950381,"Peltola, Mary S.","Peltola, Mary S.","Peltola, Mary S.","Begich, Nick","Begich, Nick","Peltola, Mary S.","Peltola, Mary S.","Peltola, Mary S.","Peltola, Mary S.",88989,215422,264968,FEDERAL
41,Alaska_11082022_USSenator.csv,4,5,0.8947562,"Murkowski, Lisa","Murkowski, Lisa","Murkowski, Lisa","Murkowski, Lisa","Murkowski, Lisa","Murkowski, Lisa","Murkowski, Lisa","Murkowski, Lisa","Murkowski, Lisa",94777,215712,263512,FEDERAL
42,Albany_11082022_BoardofEducation.csv,4,5,0.68710524,RON ROSENBAUM,RON ROSENBAUM,RON ROSENBAUM,RON ROSENBAUM,RON ROSENBAUM,RON ROSENBAUM,RON ROSENBAUM,RON ROSENBAUM,RON ROSENBAUM,908,3307,6491,LOCAL
43,Albany_11082022_CityCouncil.csv,5,5,0.42024156,JOHN ANTHONY MIKI,JOHN ANTHONY MIKI,JOHN ANTHONY MIKI,JOHN ANTHONY MIKI,JOHN ANTHONY MIKI,JOHN ANTHONY MIKI,JOHN ANTHONY MIKI,JOHN ANTHONY MIKI,JOHN ANTHONY MIKI,529,3471,7203,LOCAL
44,Berkeley_11022010_CityCouncilDistrict1.csv,4,3,0.90872318,LINDA MAIO,LINDA MAIO,LINDA MAIO,LINDA MAIO,LINDA MAIO,LINDA MAIO,,,,2080,,5686,LOCAL
45,Berkeley_11022010_CityCouncilDistrict4.csv,4,3,0.86288118,JESSE ARREGUIN,JESSE ARREGUIN,JESSE ARREGUIN,JESSE ARREGUIN,JESSE ARREGUIN,JESSE ARREGUIN,,,,1347,,4755,LOCAL
46,Berkeley_11022010_CityCouncilDistrict7.csv,3,3,0.74910051,KRISS WORTHINGTON,KRISS WORTHINGTON,KRISS WORTHINGTON,KRISS WORTHINGTON,KRISS WORTHINGTON,KRISS WORTHINGTON,KRISS WORTHINGTON,KRISS WORTHINGTON,KRISS WORTHINGTON,863,1742,4169,LOCAL
47,Berkeley_11022010_CityCouncilDistrict8.csv,3,3,0.81851852,GORDON WOZNIAK,GORDON WOZNIAK,GORDON WOZNIAK,GORDON WOZNIAK,GORDON WOZNIAK,GORDON WOZNIAK,GORDON WOZNIAK,GORDON WOZNIAK,GORDON WOZNIAK,1182,2302,4590,LOCAL
48,Berkeley_11032020_MayorBerkeleyRCV.csv,4,5,0.8385781,JESSE ARREGUÍN,JESSE ARREGUÍN,JESSE ARREGUÍN,JESSE ARREGUÍN,JESSE ARREGUÍN,JESSE ARREGUÍN,JESSE ARREGUÍN,JESSE ARREGUÍN,JESSE ARREGUÍN,21022,40271,58344,LOCAL
49,Berkeley_11032020_MemberCityCouncilDist2BerkeleyRCV.csv,4,5,0.77812994,TERRY TAPLIN,TERRY TAPLIN,TERRY TAPLIN,TERRY TAPLIN,TERRY TAPLIN,TERRY TAPLIN,TERRY TAPLIN,TERRY TAPLIN,TERRY TAPLIN,1711,4968,8203,LOCAL
50,Berkeley_11032020_MemberCityCouncilDist3BerkeleyRCV.csv,3,5,0.90539837,BEN BARTLETT,BEN BARTLETT,BEN BARTLETT,BEN BARTLETT,BEN BARTLETT,BEN BARTLETT,BEN BARTLETT,BEN BARTLETT,BEN BARTLETT,3131,4544,7706,LOCAL
51,Berkeley_11032020_MemberCityCouncilDist5BerkeleyRCV.csv,3,5,0.89278227,SOPHIE HAHN,SOPHIE HAHN,SOPHIE HAHN,SOPHIE HAHN,SOPHIE HAHN,SOPHIE HAHN,SOPHIE HAHN,SOPHIE HAHN,SOPHIE HAHN,5168,7539,10017,LOCAL
52,Berkeley_11042014_CityCouncilDistrict1.csv,3,3,0.93896967,LINDA MAIO,LINDA MAIO,LINDA MAIO,LINDA MAIO,LINDA MAIO,LINDA MAIO,LINDA MAIO,LINDA MAIO,LINDA MAIO,1957,3298,5571,LOCAL
53,Berkeley_11042014_CityCouncilDistrict8.csv,4,3,0.80145758,LORI DROSTE,LORI DROSTE,LORI DROSTE,GEORGE BEIER,GEORGE BEIER,LORI DROSTE,,,,735,,4528,LOCAL
54,Berkeley_11052024_CityCouncilD3.csv,3,5,0.928880643,BEN BARTLETT,BEN BARTLETT,BEN BARTLETT,BEN BARTLETT,BEN BARTLETT,BEN BARTLETT,BEN BARTLETT,BEN BARTLETT,BEN BARTLETT,2060,3942,6468,LOCAL
55,Berkeley_11052024_CityCouncilD5.csv,3,5,0.907328332,SHOSHANA O'KEEFE,SHOSHANA O'KEEFE,SHOSHANA O'KEEFE,SHOSHANA O'KEEFE,SHOSHANA O'KEEFE,SHOSHANA O'KEEFE,SHOSHANA O'KEEFE,SHOSHANA O'KEEFE,SHOSHANA O'KEEFE,3917,6191,8665,LOCAL
56,Berkeley_11052024_Mayor.csv,5,5,0.761214644,ADENA ISHII,ADENA ISHII,ADENA ISHII,ADENA ISHII,ADENA ISHII,ADENA ISHII,SOPHIE HAHN,SOPHIE HAHN,ADENA ISHII,14007,41397,52855,LOCAL
57,Berkeley_11062012_CityCouncilDistrict2.csv,3,3,0.91354614,DARRYL MOORE,DARRYL MOORE,DARRYL MOORE,DARRYL MOORE,DARRYL MOORE,DARRYL MOORE,DARRYL MOORE,DARRYL MOORE,DARRYL MOORE,1997,3213,5795,LOCAL
58,Berkeley_11062012_Mayor.csv,7,3,0.85551387,TOM BATES,TOM BATES,TOM BATES,TOM BATES,TOM BATES,TOM BATES,,,,16225,,53057,LOCAL
59,Berkeley_11062018_CityCouncilDistrict1.csv,4,3,0.85960466,RASHI KESARWANI,RASHI KESARWANI,RASHI KESARWANI,RASHI KESARWANI,RASHI KESARWANI,RASHI KESARWANI,,,,1341,,7892,LOCAL
60,Berkeley_11062018_CityCouncilDistrict4.csv,3,3,0.89405543,KATE HARRISON,KATE HARRISON,KATE HARRISON,KATE HARRISON,KATE HARRISON,KATE HARRISON,KATE HARRISON,KATE HARRISON,KATE HARRISON,1250,2515,5484,LOCAL
61,Berkeley_11062018_CityCouncilDistrict7.csv,3,3,0.93070364,RIGEL ROBINSON,RIGEL ROBINSON,RIGEL ROBINSON,RIGEL ROBINSON,RIGEL ROBINSON,RIGEL ROBINSON,RIGEL ROBINSON,RIGEL ROBINSON,RIGEL ROBINSON,523,1148,2814,LOCAL
62,Berkeley_11062018_CityCouncilDistrict8.csv,4,3,0.88188618,LORI DROSTE,LORI DROSTE,LORI DROSTE,LORI DROSTE,LORI DROSTE,LORI DROSTE,,,,1378,,6553,LOCAL
63,Berkeley_11082016_CityCouncilDistrict2.csv,3,3,0.86450166,CHERYL DAVILA,CHERYL DAVILA,DARRYL MOORE,CHERYL DAVILA,CHERYL DAVILA,DARRYL MOORE,CHERYL DAVILA,CHERYL DAVILA,DARRYL MOORE,1872,3560,7144,LOCAL
64,Berkeley_11082016_CityCouncilDistrict3.csv,4,3,0.84234172,BEN BARTLETT,BEN BARTLETT,BEN BARTLETT,BEN BARTLETT,BEN BARTLETT,BEN BARTLETT,,,,1949,,7123,LOCAL
65,Berkeley_11082016_CityCouncilDistrict6.csv,3,3,0.88238448,SUSAN WENGRAF,SUSAN WENGRAF,SUSAN WENGRAF,SUSAN WENGRAF,SUSAN WENGRAF,SUSAN WENGRAF,SUSAN WENGRAF,SUSAN WENGRAF,SUSAN WENGRAF,2742,4358,7465,LOCAL
66,Berkeley_11082016_Mayor.csv,8,3,0.90315616,JESSE ARREGUÍN,JESSE ARREGUÍN,JESSE ARREGUÍN,JESSE ARREGUÍN,JESSE ARREGUÍN,JESSE ARREGUÍN,,,,13930,,59281,LOCAL
67,Bloomington_11072023_CityCouncilDistrict4.csv,3,3,0.976390686,Victor Rivas,Victor Rivas,Victor Rivas,Isaak Rooble,Isaak Rooble,Isaak Rooble,Victor Rivas,Victor Rivas,Victor Rivas,2223,2696,3092,LOCAL
68,Bloomington_11072023_SpecialCityCouncilAtLarge.csv,3,3,0.969042328,Chao Moua,Chao Moua,Chao Moua,Chao Moua,Chao Moua,Chao Moua,Chao Moua,Chao Moua,Chao Moua,13173,16978,19349,LOCAL
69,Boulder_11072023_Mayor.csv,4,4,0.848168493,Brockett,Brockett,Yates,Brockett,Brockett,Brockett,Brockett,Brockett,Brockett,7026,19782,32951,LOCAL
70,Burlington_03032009_Mayor.csv,5,5,0.65128207,Bob Kiss,Andy Montroll,Kurt Wright,Bob Kiss,Andy Montroll,Bob Kiss,Bob Kiss,Andy Montroll,Kurt Wright,1504,6260,8970,LOCAL
71,Burlington_03052024_Mayor.csv,4,5,0.865615312,EMMA MULVANEY-STANAK,EMMA MULVANEY-STANAK,EMMA MULVANEY-STANAK,EMMA MULVANEY-STANAK,EMMA MULVANEY-STANAK,EMMA MULVANEY-STANAK,EMMA MULVANEY-STANAK,EMMA MULVANEY-STANAK,EMMA MULVANEY-STANAK,7266,12119,14838,LOCAL
72,Burlington_03072006_Mayor.csv,5,5,0.72074467,Bob Kiss,Bob Kiss,Bob Kiss,Bob Kiss,Bob Kiss,Bob Kiss,Bob Kiss,Bob Kiss,Bob Kiss,1886,7446,9776,LOCAL
73,Burlington_03072023_CityCouncilSouthDistrict.csv,3,4,0.88161808,JOAN SHANNON,JOAN SHANNON,JOAN SHANNON,JOAN SHANNON,JOAN SHANNON,JOAN SHANNON,JOAN SHANNON,JOAN SHANNON,JOAN SHANNON,754,985,1681,LOCAL
74,Corvallis_11082022_CityCouncilWard9.csv,3,3,0.84599507,Tony Cadena,Tony Cadena,Tony Cadena,Tony Cadena,Tony Cadena,Tony Cadena,Tony Cadena,Tony Cadena,Tony Cadena,283,465,2422,LOCAL
75,Corvallis_11082022_Mayor.csv,3,3,0.80626065,Charles Maughan,Charles Maughan,Charles Maughan,Charles Maughan,Charles Maughan,Charles Maughan,Charles Maughan,Charles Maughan,Charles Maughan,1740,3883,20605,LOCAL
76,Easthampton_11022021_Mayor.csv,66,4,0.86026204,NICOLE M. LACHAPELLE,NICOLE M. LACHAPELLE,NICOLE M. LACHAPELLE,NICOLE M. LACHAPELLE,NICOLE M. LACHAPELLE,NICOLE M. LACHAPELLE,,,,2510,,4122,LOCAL
77,Eastpointe_11052019_CityCouncil.csv,4,4,0.69992006,Sarah A. Lucido,Sarah A. Lucido,Sarah A. Lucido,Sarah A. Lucido,Sarah A. Lucido,Sarah A. Lucido,Sarah A. Lucido,Sarah A. Lucido,Sarah A. Lucido,834,2520,5002,LOCAL
78,ElkRidge_11022021_Mayor.csv,3,3,0.90145147,ROBERT HADDOCK,ROBERT HADDOCK,ROBERT HADDOCK,ROBERT HADDOCK,ROBERT HADDOCK,ROBERT HADDOCK,ROBERT HADDOCK,ROBERT HADDOCK,ROBERT HADDOCK,180,342,1309,LOCAL
79,Hawaii_05232020_PresidentoftheUnitedStateCD1.csv,11,3,0.85318524,Joseph R. Biden,Joseph R. Biden,Joseph R. Biden,Joseph R. Biden,Joseph R. Biden,Joseph R. Biden,,,,5845,,14583,FEDERAL
80,Hawaii_05232020_PresidentoftheUnitedStateCD1CD2.csv,11,3,0.86144787,Joseph R. Biden,Joseph R. Biden,Joseph R. Biden,Joseph R. Biden,Joseph R. Biden,Joseph R. Biden,,,,13740,,34976,FEDERAL
81,Hawaii_05232020_PresidentoftheUnitedStateCD2.csv,11,3,0.85921639,Joseph R. Biden,Joseph R. Biden,Joseph R. Biden,Joseph R. Biden,Joseph R. Biden,Joseph R. Biden,,,,7895,,20393,FEDERAL
82,Kansas_05022020_PRESIDENTOFTHEUNITEDSTATES.csv,5,5,0.77584553,Joseph R. Biden,Joseph R. Biden,Joseph R. Biden,Joseph R. Biden,Joseph R. Biden,Joseph R. Biden,Joseph R. Biden,Joseph R. Biden,Joseph R. Biden,39272,121372,146979,FEDERAL
83,LasCruces_11052019_COUNCILORPOSITION2CITYOFLASCRUCESDISTRICT2COUNCILOR.csv,4,4,0.75066668,TESSA ABEYTA STUVE,TESSA ABEYTA STUVE,TESSA ABEYTA STUVE,TESSA ABEYTA STUVE,TESSA ABEYTA STUVE,TESSA ABEYTA STUVE,TESSA ABEYTA STUVE,TESSA ABEYTA STUVE,TESSA ABEYTA STUVE,790,1376,2250,LOCAL
84,LasCruces_11052019_COUNCILORPOSITION4CITYOFLASCRUCESDISTRICT4COUNCILOR.csv,3,3,0.78333336,JOHANA BENCOMO,JOHANA BENCOMO,JOHANA BENCOMO,JOHANA BENCOMO,JOHANA BENCOMO,JOHANA BENCOMO,JOHANA BENCOMO,JOHANA BENCOMO,JOHANA BENCOMO,459,673,1560,LOCAL
85,LasCruces_11052019_MAYORCITYOFLASCRUCES.csv,10,10,0.49374023,KEN MIYAGISHIMA,KEN MIYAGISHIMA,KEN MIYAGISHIMA,KEN MIYAGISHIMA,KEN MIYAGISHIMA,KEN MIYAGISHIMA,MIKE A TELLEZ,WILLIAM BILL MATTIACE,KEN MIYAGISHIMA,2780,10111,14058,LOCAL
86,Maine_06122018_DemocraticPrimaryforCD2.csv,4,5,0.75908899,"Golden, Jared F.","Golden, Jared F.","Golden, Jared F.","Golden, Jared F.","Golden, Jared F.","Golden, Jared F.","Golden, Jared F.","Golden, Jared F.","Golden, Jared F.",12049,29823,45357,FEDERAL
87,Maine_06122018_DemocraticPrimaryforGovernor.csv,7,8,0.42597014,"Mills, Janet T.","Mills, Janet T.","Mills, Janet T.","Mills, Janet T.","Mills, Janet T.","Mills, Janet T.","Mills, Janet T.","Mills, Janet T.","Mills, Janet T.",15542,85080,126037,STATE
88,Maine_07142020_DemocraticCandidateforMaineStateHouseDistrict41.csv,3,3,0.81180668,"Zager, Samuel Lewis","Zager, Samuel Lewis","Zager, Samuel Lewis","Zager, Samuel Lewis","Zager, Samuel Lewis","Zager, Samuel Lewis","Zager, Samuel Lewis","Zager, Samuel Lewis","Zager, Samuel Lewis",390,706,2524,STATE
89,Maine_07142020_DemocraticCandidateforMaineStateHouseDistrict47.csv,3,3,0.81610578,"Bell, Arthur L.","Bell, Arthur L.","Bell, Arthur L.","Bell, Arthur L.","Bell, Arthur L.","Bell, Arthur L.","Bell, Arthur L.","Bell, Arthur L.","Bell, Arthur L.",423,663,2496,STATE
90,Maine_07142020_DemocraticCandidateforMaineStateHouseDistrict49.csv,3,3,0.77624309,"Arford, Poppy","Arford, Poppy","Arford, Poppy","Arford, Poppy","Arford, Poppy","Arford, Poppy","Arford, Poppy","Arford, Poppy","Arford, Poppy",411,679,2172,STATE
91,Maine_07142020_DemocraticCandidateforMaineStateHouseDistrict90.csv,3,3,0.8003943,"Crafts, Lydia V.","Crafts, Lydia V.","Crafts, Lydia V.","Crafts, Lydia V.","Crafts, Lydia V.","Crafts, Lydia V.","Crafts, Lydia V.","Crafts, Lydia V.","Crafts, Lydia V.",358,588,2029,STATE
92,Maine_07142020_DemocraticCandidateforMaineStateSenateDistrict11.csv,3,3,0.78136808,"Curry, Glenn Chip","Curry, Glenn Chip","Curry, Glenn Chip","Curry, Glenn Chip","Curry, Glenn Chip","Curry, Glenn Chip","Curry, Glenn Chip","Curry, Glenn Chip","Curry, Glenn Chip",950,1468,5292,STATE
93,Maine_07142020_RepublicanCandidateforUSHouseofRepresentativesDistrict2.csv,3,3,0.86415285,"Crafts, Dale John","Crafts, Dale John","Crafts, Dale John","Crafts, Dale John","Crafts, Dale John","Crafts, Dale John","Crafts, Dale John","Crafts, Dale John","Crafts, Dale John",18844,24515,52802,FEDERAL
94,Maine_11062018_CongressionalDistrict2.csv,4,5,0.84378713,"DEM Golden, Jared F.","DEM Golden, Jared F.","REP Poliquin, Bruce","DEM Golden, Jared F.","DEM Golden, Jared F.","DEM Golden, Jared F.","DEM Golden, Jared F.","DEM Golden, Jared F.","DEM Golden, Jared F.",147923,213239,290149,FEDERAL
95,Maine_11082022_CongressionalDistrict2.csv,3,4,0.95457411,"Golden, Jared Forrest","Golden, Jared Forrest","Golden, Jared Forrest","Golden, Jared Forrest","Golden, Jared Forrest","Golden, Jared Forrest","Golden, Jared Forrest","Golden, Jared Forrest","Golden, Jared Forrest",157986,236333,317044,FEDERAL
96,Minneapolis_08112020_Ward6CityCouncilSpecialElection.csv,12,3,0.88471991,Jamal Osman,Jamal Osman,Jamal Osman,AJ Awed,AJ Awed,AJ Awed,,,,4041,,7729,LOCAL
97,Minneapolis_11022021_CityCouncilWard1.csv,4,3,0.82543993,Elliott Payne,Elliott Payne,Elliott Payne,Elliott Payne,Elliott Payne,Elliott Payne,,,,5374,,11423,LOCAL
98,Minneapolis_11022021_CityCouncilWard10.csv,6,3,0.89607823,Aisha Chughtai,Aisha Chughtai,Aisha Chughtai,Aisha Chughtai,Aisha Chughtai,Aisha Chughtai,,,,2112,,10633,LOCAL
99,Minneapolis_11022021_CityCouncilWard11.csv,5,3,0.95059139,Emily Koski,Emily Koski,Emily Koski,Emily Koski,Emily Koski,Emily Koski,,,,6306,,13358,LOCAL
100,Minneapolis_11022021_CityCouncilWard12.csv,3,3,0.97845954,Andrew Johnson,Andrew Johnson,Andrew Johnson,Andrew Johnson,Andrew Johnson,Andrew Johnson,Andrew Johnson,Andrew Johnson,Andrew Johnson,8862,12780,15320,LOCAL
101,Minneapolis_11022021_CityCouncilWard13.csv,5,3,0.95272529,Linea Palmisano,Linea Palmisano,Linea Palmisano,Linea Palmisano,Linea Palmisano,Linea Palmisano,,,,7624,,16457,LOCAL
102,Minneapolis_11022021_CityCouncilWard2.csv,5,3,0.89559919,Robin Wonsley Worlobah,-1,Robin Wonsley Worlobah,Robin Wonsley Worlobah,Robin Wonsley Worlobah,Robin Wonsley Worlobah,,,,2226,,9521,LOCAL
103,Minneapolis_11022021_CityCouncilWard3.csv,4,3,0.92129767,Michael Rainville,Michael Rainville,Michael Rainville,Michael Rainville,Michael Rainville,Michael Rainville,,,,5885,,13316,LOCAL
104,Minneapolis_11022021_CityCouncilWard4.csv,3,3,0.9149524,LaTrisha Vetaw,LaTrisha Vetaw,LaTrisha Vetaw,LaTrisha Vetaw,LaTrisha Vetaw,LaTrisha Vetaw,LaTrisha Vetaw,LaTrisha Vetaw,LaTrisha Vetaw,3473,5386,7243,LOCAL
105,Minneapolis_11022021_CityCouncilWard5.csv,7,3,0.82664233,Jeremiah Ellison,Jeremiah Ellison,Jeremiah Ellison,Kristel Porter,Kristel Porter,Jeremiah Ellison,,,,1969,,5480,LOCAL
106,Minneapolis_11022021_CityCouncilWard7.csv,4,3,0.94974571,Lisa Goodman,Lisa Goodman,Lisa Goodman,Lisa Goodman,Lisa Goodman,Lisa Goodman,,,,6081,,11601,LOCAL
107,Minneapolis_11022021_CityCouncilWard9.csv,8,3,0.89817584,Jason Chavez,Jason Chavez,Jason Chavez,Jason Chavez,Jason Chavez,Jason Chavez,,,,2934,,6688,LOCAL
108,Minneapolis_11022021_Mayor.csv,18,3,0.88374454,Jacob Frey,Jacob Frey,Jacob Frey,Sheila Nezhad,Kate Knuth,Jacob Frey,,,,39047,,143890,LOCAL
109,Minneapolis_11022021_ParkBoardAtLarge.csv,7,3,0.83058834,Meg Forney,Meg Forney,Meg Forney,Meg Forney,Meg Forney,Meg Forney,,,,30415,,106132,LOCAL
110,Minneapolis_11022021_ParkBoardDistrict2.csv,3,3,0.85455054,Becka Thompson,Becka Thompson,Becka Thompson,Becka Thompson,Becka Thompson,Becka Thompson,Becka Thompson,Becka Thompson,Becka Thompson,4811,6506,10746,LOCAL
111,Minneapolis_11022021_ParkBoardDistrict3.csv,3,3,0.93116611,Becky Alper,Becky Alper,Becky Alper,Becky Alper,Becky Alper,Becky Alper,Becky Alper,Becky Alper,Becky Alper,9779,11964,15196,LOCAL
112,Minneapolis_11022021_ParkBoardDistrict5.csv,3,3,0.90434229,Steffanie Musich,Steffanie Musich,Steffanie Musich,Steffanie Musich,Steffanie Musich,Steffanie Musich,Steffanie Musich,Steffanie Musich,Steffanie Musich,11967,16692,21901,LOCAL
113,Minneapolis_11022021_ParkBoardDistrict6.csv,4,3,0.89107335,Cathy Abene,Cathy Abene,Risa Hustad,Cathy Abene,Cathy Abene,Cathy Abene,,,,9360,,24466,LOCAL
114,Minneapolis_11052013_Mayor.csv,35,3,0.79750055,BETSY HODGES,BETSY HODGES,BETSY HODGES,BETSY HODGES,BETSY HODGES,BETSY HODGES,,,,11154,,79378,LOCAL
115,Minneapolis_11052013_Ward13CityCouncil.csv,5,3,0.68847442,LINEA PALMISANO,LINEA PALMISANO,LINEA PALMISANO,LINEA PALMISANO,LINEA PALMISANO,LINEA PALMISANO,,,,1854,,10455,LOCAL
116,Minneapolis_11052013_Ward5CityCouncil.csv,4,3,0.84450173,BLONG YANG,BLONG YANG,BLONG YANG,BLONG YANG,BLONG YANG,BLONG YANG,,,,1076,,3492,LOCAL
117,Minneapolis_11052013_Ward9CityCouncil.csv,6,3,0.80072027,ALONDRA CANO,ALONDRA CANO,ALONDRA CANO,ALONDRA CANO,ALONDRA CANO,ALONDRA CANO,,,,933,,4165,LOCAL
118,Minneapolis_11062009_Mayor.csv,11,3,0.93491048,R.T. Rybak,R.T. Rybak,R.T. Rybak,R.T. Rybak,R.T. Rybak,R.T. Rybak,,,,24313,,45061,LOCAL
119,Minneapolis_11062009_PRBoardDistrict1.csv,3,3,0.92381769,Liz Wielinski,Liz Wielinski,Liz Wielinski,Liz Wielinski,Liz Wielinski,Liz Wielinski,Liz Wielinski,Liz Wielinski,Liz Wielinski,3849,4494,5815,LOCAL
120,Minneapolis_11062009_PRBoardDistrict5.csv,5,3,0.91581374,Carol Kummer,Carol Kummer,Carol Kummer,Carol Kummer,Carol Kummer,Carol Kummer,,,,3452,,7816,LOCAL
121,Minneapolis_11062009_PRBoardDistrict6.csv,4,3,0.95493329,Brad Bourn,Brad Bourn,Brad Bourn,Brad Bourn,Brad Bourn,Brad Bourn,,,,4212,,8321,LOCAL
122,Minneapolis_11062009_Ward10CityCouncil.csv,4,3,0.94404334,Meg Tuthill,Meg Tuthill,Meg Tuthill,Meg Tuthill,Meg Tuthill,Meg Tuthill,,,,1486,,3324,LOCAL
123,Minneapolis_11062009_Ward11CityCouncil.csv,3,3,0.9817363,John Quincy,John Quincy,John Quincy,John Quincy,John Quincy,John Quincy,John Quincy,John Quincy,John Quincy,1880,3541,3997,LOCAL
124,Minneapolis_11062009_Ward12CityCouncil.csv,4,3,0.93589473,Sandy Colvin Roy,Sandy Colvin Roy,Sandy Colvin Roy,Sandy Colvin Roy,Sandy Colvin Roy,Sandy Colvin Roy,,,,2374,,4711,LOCAL
125,Minneapolis_11062009_Ward13CityCouncil.csv,3,3,0.96972233,Betsy Hodges,Betsy Hodges,Betsy Hodges,Betsy Hodges,Betsy Hodges,Betsy Hodges,Betsy Hodges,Betsy Hodges,Betsy Hodges,3464,5028,5978,LOCAL
126,Minneapolis_11062009_Ward1CityCouncil.csv,5,3,0.88054436,Kevin Reich,Kevin Reich,Kevin Reich,Kevin Reich,Kevin Reich,Kevin Reich,,,,1482,,3968,LOCAL
127,Minneapolis_11062009_Ward3CityCouncil.csv,4,3,0.97807217,Diane Hofstede,Diane Hofstede,Diane Hofstede,Diane Hofstede,Diane Hofstede,Diane Hofstede,,,,1100,,2189,LOCAL
128,Minneapolis_11062009_Ward4CityCouncil.csv,4,3,0.89927185,Barbara A. Johnson,Barbara A. Johnson,Barbara A. Johnson,Troy Parker,Troy Parker,Barbara A. Johnson,,,,1419,,3296,LOCAL
129,Minneapolis_11062009_Ward5CityCouncil.csv,5,3,0.88960737,Don Samuels,Don Samuels,Don Samuels,Natalie Johnson Lee,Natalie Johnson Lee,Don Samuels,,,,837,,2165,LOCAL
130,Minneapolis_11062009_Ward6CityCouncil.csv,6,3,0.85217839,Robert Lilligren,Robert Lilligren,Robert Lilligren,Robert Lilligren,Robert Lilligren,Robert Lilligren,,,,677,,1928,LOCAL
131,Minneapolis_11062009_Ward7CityCouncil.csv,3,3,0.93780011,Lisa Goodman,Lisa Goodman,Lisa Goodman,Michael J. Katch,Michael J. Katch,Lisa Goodman,Lisa Goodman,Lisa Goodman,Lisa Goodman,2879,3684,4373,LOCAL
132,Minneapolis_11062009_Ward8CityCouncil.csv,5,3,0.87229228,Elizabeth Glidden,Elizabeth Glidden,Elizabeth Glidden,Elizabeth Glidden,Elizabeth Glidden,Elizabeth Glidden,,,,1266,,3093,LOCAL
133,Minneapolis_11062009_Ward9CityCouncil.csv,4,3,0.95322418,Gary Schiff,Gary Schiff,Gary Schiff,Gary Schiff,Gary Schiff,Gary Schiff,,,,1098,,2993,LOCAL
134,Minneapolis_11072017_Mayor.csv,18,3,0.784172,Jacob Frey,Jacob Frey,Jacob Frey,Jacob Frey,Jacob Frey,Jacob Frey,,,,14026,,104435,LOCAL
135,Minneapolis_11072017_PRBoardDistrict1.csv,3,3,0.90780044,Chris Meyer,Chris Meyer,Chris Meyer,Chris Meyer,Chris Meyer,Chris Meyer,Chris Meyer,Chris Meyer,Chris Meyer,5354,8347,14230,LOCAL
136,Minneapolis_11072017_PRBoardDistrict3.csv,3,3,0.95242339,AK Hassan,AK Hassan,AK Hassan,AK Hassan,AK Hassan,AK Hassan,AK Hassan,AK Hassan,AK Hassan,7503,10346,14587,LOCAL
137,Minneapolis_11072017_PRBoardDistrict5.csv,3,3,0.93910891,Steffanie Musich,Steffanie Musich,Steffanie Musich,Steffanie Musich,Steffanie Musich,Steffanie Musich,Steffanie Musich,Steffanie Musich,Steffanie Musich,6496,10007,16160,LOCAL
138,Minneapolis_11072017_PRBoardDistrict6.csv,4,3,0.93455511,Brad Bourn,Brad Bourn,Brad Bourn,Brad Bourn,Brad Bourn,Brad Bourn,,,,8488,,18443,LOCAL
139,Minneapolis_11072017_Ward10CityCouncil.csv,4,3,0.85546619,Lisa Bender,Lisa Bender,Lisa Bender,Lisa Bender,Lisa Bender,Lisa Bender,,,,2466,,7583,LOCAL
140,Minneapolis_11072017_Ward11CityCouncil.csv,3,3,0.86008322,Jeremy Schroeder,Jeremy Schroeder,Jeremy Schroeder,Jeremy Schroeder,Jeremy Schroeder,Jeremy Schroeder,Jeremy Schroeder,Jeremy Schroeder,Jeremy Schroeder,2072,4483,9134,LOCAL
141,Minneapolis_11072017_Ward12CityCouncil.csv,3,3,0.89367986,Andrew Johnson,Andrew Johnson,Andrew Johnson,Andrew Johnson,Andrew Johnson,Andrew Johnson,Andrew Johnson,Andrew Johnson,Andrew Johnson,6299,7499,10158,LOCAL
142,Minneapolis_11072017_Ward1CityCouncil.csv,3,3,0.93523616,Kevin Reich,Kevin Reich,Kevin Reich,Jillia Pessenda,Jillia Pessenda,Jillia Pessenda,Jillia Pessenda,Jillia Pessenda,Jillia Pessenda,2484,5391,8724,LOCAL
143,Minneapolis_11072017_Ward3CityCouncil.csv,4,3,0.89175636,Steve Fletcher,Steve Fletcher,Ginger Jentzen,Steve Fletcher,Steve Fletcher,Ginger Jentzen,,,,1987,,9571,LOCAL
144,Minneapolis_11072017_Ward4CityCouncil.csv,4,3,0.89804071,Phillipe M. Cunningham,Phillipe M. Cunningham,"Barbara A. ""Barb"" Johnson",Phillipe M. Cunningham,Phillipe M. Cunningham,Phillipe M. Cunningham,,,,1605,,5257,LOCAL
145,Minneapolis_11072017_Ward5CityCouncil.csv,4,3,0.88572109,Jeremiah Ellison,Jeremiah Ellison,Jeremiah Ellison,Jeremiah Ellison,Jeremiah Ellison,Jeremiah Ellison,,,,1173,,4209,LOCAL
146,Minneapolis_11072017_Ward6CityCouncil.csv,4,3,0.98849618,Abdi Warsame,Abdi Warsame,Abdi Warsame,Mohamud Noor,Mohamud Noor,Mohamud Noor,,,,4967,,7215,LOCAL
147,Minneapolis_11072017_Ward7CityCouncil.csv,4,3,0.87976217,Lisa Goodman,Lisa Goodman,Lisa Goodman,Lisa Goodman,Lisa Goodman,Lisa Goodman,,,,2853,,9082,LOCAL
148,Minneapolis_11072017_Ward8CityCouncil.csv,4,3,0.8026883,Andrea Jenkins,Andrea Jenkins,Andrea Jenkins,Andrea Jenkins,Andrea Jenkins,Andrea Jenkins,,,,2243,,7886,LOCAL
149,Minneapolis_11072017_Ward9CityCouncil.csv,4,3,0.82210928,Alondra Cano,Alondra Cano,Alondra Cano,Alondra Cano,Alondra Cano,Alondra Cano,,,,1600,,5509,LOCAL
150,Minneapolis_11072023_CityCouncilWard10.csv,4,3,0.864573422,Aisha Chughtai,Aisha Chughtai,Aisha Chughtai,Aisha Chughtai,Aisha Chughtai,Aisha Chughtai,,,,2974,,6306,LOCAL
151,Minneapolis_11072023_CityCouncilWard12.csv,3,3,0.890281098,Aurin Chowdhury,Aurin Chowdhury,Aurin Chowdhury,Aurin Chowdhury,Aurin Chowdhury,Aurin Chowdhury,Aurin Chowdhury,Aurin Chowdhury,Aurin Chowdhury,3559,7524,12131,LOCAL
152,Minneapolis_11072023_CityCouncilWard13.csv,4,3,0.947941647,Linea Palmisano,Linea Palmisano,Linea Palmisano,Linea Palmisano,Linea Palmisano,Linea Palmisano,,,,2982,,10008,LOCAL
153,Minneapolis_11072023_CityCouncilWard4.csv,4,3,0.953864237,LaTrisha M. Vetaw,LaTrisha M. Vetaw,LaTrisha M. Vetaw,LaTrisha M. Vetaw,LaTrisha M. Vetaw,LaTrisha M. Vetaw,,,,1267,,3403,LOCAL
154,Minneapolis_11072023_CityCouncilWard5.csv,3,3,0.865752551,Jeremiah Bey Ellison,Jeremiah Bey Ellison,Jeremiah Bey Ellison,Jeremiah Bey Ellison,Jeremiah Bey Ellison,Jeremiah Bey Ellison,Jeremiah Bey Ellison,Jeremiah Bey Ellison,Jeremiah Bey Ellison,1476,2259,3136,LOCAL
155,Minneapolis_11072023_CityCouncilWard6.csv,4,3,0.941858219,Jamal Osman,Jamal Osman,Jamal Osman,Kayseh Magan,Kayseh Magan,Kayseh Magan,,,,3487,,5177,LOCAL
156,Minneapolis_11072023_CityCouncilWard7.csv,3,3,0.896988708,Katie Cashman,Katie Cashman,Katie Cashman,Katie Cashman,Katie Cashman,Katie Cashman,Katie Cashman,Katie Cashman,Katie Cashman,2970,5088,7970,LOCAL
157,Minneapolis_11072023_CityCouncilWard8.csv,4,3,0.907398213,Andrea Jenkins,Andrea Jenkins,Soren Stevenson,Soren Stevenson,Soren Stevenson,Soren Stevenson,,,,2099,,8056,LOCAL
158,Minnetonka_11022021_CityCouncilAtLargeSeatA.csv,5,3,0.92129415,Deb Calvert,Deb Calvert,Deb Calvert,Deb Calvert,Deb Calvert,Deb Calvert,,,,3202,,10787,LOCAL
159,Minnetonka_11022021_CityCouncilAtLargeSeatB.csv,5,3,0.91912633,Kimberly Wilburn,Kimberly Wilburn,Kimberly Wilburn,Kimberly Wilburn,Kimberly Wilburn,Kimberly Wilburn,,,,2972,,10164,LOCAL
160,Minnetonka_11072023_CityCouncilWard1.csv,4,3,0.890764647,Patsy Foster-Bolton,Patsy Foster-Bolton,Patsy Foster-Bolton,Patsy Foster-Bolton,Patsy Foster-Bolton,Patsy Foster-Bolton,,,,1162,,3021,LOCAL
161,Minnetonka_11072023_CityCouncilWard3.csv,3,3,0.932718071,Paula Ramaley,Paula Ramaley,Paula Ramaley,David Haeg,David Haeg,Paula Ramaley,Paula Ramaley,Paula Ramaley,Paula Ramaley,1171,2267,3359,LOCAL
162,Minnetonka_11072023_CityCouncilWard4.csv,3,3,0.880073238,Kissy C. Coakley,Kissy C. Coakley,Kissy C. Coakley,Kissy C. Coakley,Kissy C. Coakley,Kissy C. Coakley,Kissy C. Coakley,Kissy C. Coakley,Kissy C. Coakley,1522,2204,3277,LOCAL
163,NewYorkCity_06222021_DEMBoroughPresidentBronx.csv,5,5,0.66626626,Vanessa L. Gibson,Vanessa L. Gibson,Vanessa L. Gibson,Vanessa L. Gibson,Vanessa L. Gibson,Vanessa L. Gibson,Fernando Cabrera,Fernando Cabrera,Vanessa L. Gibson,34798,70533,101566,LOCAL
164,NewYorkCity_06222021_DEMBoroughPresidentKings.csv,12,5,0.68733287,Antonio Reynoso,Antonio Reynoso,Antonio Reynoso,Antonio Reynoso,Antonio Reynoso,Antonio Reynoso,,,,94850,,289426,LOCAL
165,NewYorkCity_06222021_DEMBoroughPresidentNewYork.csv,7,5,0.67725712,Mark D. Levine,Mark D. Levine,Mark D. Levine,Mark D. Levine,Mark D. Levine,Mark D. Levine,,,,75226,,237604,LOCAL
166,NewYorkCity_06222021_DEMBoroughPresidentQueens.csv,3,4,0.92290205,Donovan J. Richards Jr.,Donovan J. Richards Jr.,Donovan J. Richards Jr.,Donovan J. Richards Jr.,Donovan J. Richards Jr.,Donovan J. Richards Jr.,Elizabeth S. Crowley,Elizabeth S. Crowley,Donovan J. Richards Jr.,80207,118949,195336,LOCAL
167,NewYorkCity_06222021_DEMBoroughPresidentRichmond.csv,5,5,0.68507642,Mark S. Murphy,Mark S. Murphy,Mark S. Murphy,Mark S. Murphy,Mark S. Murphy,Mark S. Murphy,Mark S. Murphy,Mark S. Murphy,Mark S. Murphy,9871,20283,28264,LOCAL
168,NewYorkCity_06222021_DEMComptrollerCitywide.csv,10,5,0.66401404,Brad Lander,Brad Lander,Brad Lander,Brad Lander,Brad Lander,Brad Lander,,,,283089,,868572,LOCAL
169,NewYorkCity_06222021_DEMCouncilMember10thCouncilDistrict.csv,8,5,0.69567877,Carmen N. De La Rosa,Carmen N. De La Rosa,Carmen N. De La Rosa,Carmen N. De La Rosa,Carmen N. De La Rosa,Carmen N. De La Rosa,,,,6353,,19601,LOCAL
170,NewYorkCity_06222021_DEMCouncilMember11thCouncilDistrict.csv,7,5,0.64479786,Eric Dinowitz,Eric Dinowitz,Eric Dinowitz,Eric Dinowitz,Eric Dinowitz,Eric Dinowitz,,,,4491,,17041,LOCAL
171,NewYorkCity_06222021_DEMCouncilMember12thCouncilDistrict.csv,3,4,0.85093135,Kevin Riley,Kevin Riley,Kevin Riley,Kevin Riley,Kevin Riley,Kevin Riley,Kevin Riley,Kevin Riley,Kevin Riley,6074,8541,17341,LOCAL
172,NewYorkCity_06222021_DEMCouncilMember13thCouncilDistrict.csv,5,5,0.69551247,Marjorie Velazquez,Marjorie Velazquez,Marjorie Velazquez,Marjorie Velazquez,Marjorie Velazquez,Marjorie Velazquez,Marjorie Velazquez,Marjorie Velazquez,Marjorie Velazquez,4215,6953,9961,LOCAL
173,NewYorkCity_06222021_DEMCouncilMember14thCouncilDistrict.csv,6,5,0.59940714,Pierina Ana Sanchez,Pierina Ana Sanchez,Pierina Ana Sanchez,Pierina Ana Sanchez,Pierina Ana Sanchez,Pierina Ana Sanchez,,,,3062,,9446,LOCAL
174,NewYorkCity_06222021_DEMCouncilMember15thCouncilDistrict.csv,8,5,0.64000487,Oswald Feliz,Oswald Feliz,Oswald Feliz,Oswald Feliz,Oswald Feliz,Oswald Feliz,,,,2634,,8239,LOCAL
175,NewYorkCity_06222021_DEMCouncilMember16thCouncilDistrict.csv,4,5,0.81974506,Althea V. Stevens,Althea V. Stevens,Althea V. Stevens,Althea V. Stevens,Althea V. Stevens,Althea V. Stevens,Althea V. Stevens,Althea V. Stevens,Althea V. Stevens,3970,6426,10119,LOCAL
176,NewYorkCity_06222021_DEMCouncilMember18thCouncilDistrict.csv,8,5,0.58114177,Amanda Farias,Amanda Farias,Amanda Farias,Amanda Farias,Amanda Farias,Amanda Farias,,,,3822,,14031,LOCAL
177,NewYorkCity_06222021_DEMCouncilMember19thCouncilDistrict.csv,6,5,0.72241342,Tony Avella,Tony Avella,Tony Avella,Tony Avella,Tony Avella,Tony Avella,,,,4436,,13077,LOCAL
178,NewYorkCity_06222021_DEMCouncilMember1stCouncilDistrict.csv,9,5,0.64229131,Christopher Marte,Christopher Marte,Christopher Marte,Christopher Marte,Christopher Marte,Christopher Marte,,,,6270,,21839,LOCAL
179,NewYorkCity_06222021_DEMCouncilMember20thCouncilDistrict.csv,8,5,0.65717775,Sandra Ung,Sandra Ung,Sandra Ung,Sandra Ung,Sandra Ung,Sandra Ung,,,,2967,,10644,LOCAL
180,NewYorkCity_06222021_DEMCouncilMember21stCouncilDistrict.csv,5,5,0.73592633,Francisco P. Moya,Francisco P. Moya,Francisco P. Moya,Francisco P. Moya,Francisco P. Moya,Francisco P. Moya,Francisco P. Moya,Francisco P. Moya,Francisco P. Moya,2741,5095,6839,LOCAL
181,NewYorkCity_06222021_DEMCouncilMember22ndCouncilDistrict.csv,6,5,0.68795025,Tiffany Caban,Tiffany Caban,Tiffany Caban,Tiffany Caban,Tiffany Caban,Tiffany Caban,,,,4203,,16241,LOCAL
182,NewYorkCity_06222021_DEMCouncilMember23rdCouncilDistrict.csv,7,5,0.65557706,Linda Lee,Linda Lee,Linda Lee,Linda Lee,Linda Lee,Linda Lee,,,,4974,,16532,LOCAL
183,NewYorkCity_06222021_DEMCouncilMember24thCouncilDistrict.csv,4,5,0.7804296,James F. Gennaro,James F. Gennaro,James F. Gennaro,Moumita Ahmed,Moumita Ahmed,James F. Gennaro,Moumita Ahmed,Moumita Ahmed,James F. Gennaro,6801,10075,13408,LOCAL
184,NewYorkCity_06222021_DEMCouncilMember25thCouncilDistrict.csv,8,5,0.66188782,Shekar Krishnan,Shekar Krishnan,Yi Andy Chen,Shekar Krishnan,Shekar Krishnan,Shekar Krishnan,,,,4789,,14927,LOCAL
185,NewYorkCity_06222021_DEMCouncilMember26thCouncilDistrict.csv,15,5,0.47999999,Julie Won,Julie Won,Julie Won,Julie Won,Julie Won,Julie Won,,,,3277,,17925,LOCAL
186,NewYorkCity_06222021_DEMCouncilMember27thCouncilDistrict.csv,12,5,0.48863858,Nantasha M. Williams,Nantasha M. Williams,Nantasha M. Williams,Nantasha M. Williams,Nantasha M. Williams,Nantasha M. Williams,,,,4623,,20420,LOCAL
187,NewYorkCity_06222021_DEMCouncilMember28thCouncilDistrict.csv,3,4,0.89020389,Adrienne E. Adams,Adrienne E. Adams,Adrienne E. Adams,Adrienne E. Adams,Adrienne E. Adams,Adrienne E. Adams,Adrienne E. Adams,Adrienne E. Adams,Adrienne E. Adams,6046,8718,14026,LOCAL
188,NewYorkCity_06222021_DEMCouncilMember29thCouncilDistrict.csv,9,5,0.61665988,Lynn C. Schulman,Lynn C. Schulman,Lynn C. Schulman,Lynn C. Schulman,Lynn C. Schulman,Lynn C. Schulman,,,,4099,,17131,LOCAL
189,NewYorkCity_06222021_DEMCouncilMember31stCouncilDistrict.csv,3,4,0.87961978,Selvena N. Brooks-Powers,Selvena N. Brooks-Powers,Selvena N. Brooks-Powers,Selvena N. Brooks-Powers,Selvena N. Brooks-Powers,Selvena N. Brooks-Powers,Selvena N. Brooks-Powers,Selvena N. Brooks-Powers,Selvena N. Brooks-Powers,7854,9359,15991,LOCAL
190,NewYorkCity_06222021_DEMCouncilMember32ndCouncilDistrict.csv,6,5,0.69044125,Felicia Singh,Felicia Singh,Felicia Singh,Felicia Singh,Felicia Singh,Felicia Singh,,,,4159,,10221,LOCAL
191,NewYorkCity_06222021_DEMCouncilMember33rdCouncilDistrict.csv,8,5,0.70025361,Lincoln Restler,Lincoln Restler,Lincoln Restler,Lincoln Restler,Lincoln Restler,Lincoln Restler,,,,10858,,29178,LOCAL
192,NewYorkCity_06222021_DEMCouncilMember34thCouncilDistrict.csv,4,5,0.82165295,Jennifer Gutierrez,Jennifer Gutierrez,Jennifer Gutierrez,Jennifer Gutierrez,Jennifer Gutierrez,Jennifer Gutierrez,Jennifer Gutierrez,Jennifer Gutierrez,Jennifer Gutierrez,8526,12556,16395,LOCAL
193,NewYorkCity_06222021_DEMCouncilMember35thCouncilDistrict.csv,7,5,0.73563612,Crystal Hudson,Crystal Hudson,Crystal Hudson,Crystal Hudson,Crystal Hudson,Crystal Hudson,,,,9434,,34914,LOCAL
194,NewYorkCity_06222021_DEMCouncilMember36thCouncilDistrict.csv,5,5,0.73489934,Chi A. Osse,Chi A. Osse,Chi A. Osse,Chi A. Osse,Chi A. Osse,Chi A. Osse,Tahirah A. Moore,Tahirah A. Moore,Henry L. Butler,7543,18013,23244,LOCAL
195,NewYorkCity_06222021_DEMCouncilMember37thCouncilDistrict.csv,6,5,0.7021687,Sandy Nurse,Sandy Nurse,Sandy Nurse,Sandy Nurse,Sandy Nurse,Sandy Nurse,,,,4334,,10882,LOCAL
196,NewYorkCity_06222021_DEMCouncilMember38thCouncilDistrict.csv,6,5,0.70643109,Alexa Aviles,Alexa Aviles,Alexa Aviles,Alexa Aviles,Alexa Aviles,Alexa Aviles,,,,4415,,12113,LOCAL
197,NewYorkCity_06222021_DEMCouncilMember39thCouncilDistrict.csv,7,5,0.670614,Shahana K. Hanif,Shahana K. Hanif,Shahana K. Hanif,Shahana K. Hanif,Shahana K. Hanif,Shahana K. Hanif,,,,7566,,36058,LOCAL
198,NewYorkCity_06222021_DEMCouncilMember3rdCouncilDistrict.csv,6,5,0.72500265,Erik D. Bottcher,Erik D. Bottcher,Erik D. Bottcher,Erik D. Bottcher,Erik D. Bottcher,Erik D. Bottcher,,,,10335,,28513,LOCAL
199,NewYorkCity_06222021_DEMCouncilMember40thCouncilDistrict.csv,11,5,0.60243279,Rita C. Joseph,Rita C. Joseph,Rita C. Joseph,Rita C. Joseph,Rita C. Joseph,Rita C. Joseph,,,,5739,,22361,LOCAL
200,NewYorkCity_06222021_DEMCouncilMember42ndCouncilDistrict.csv,4,5,0.75726354,Charles Barron,Charles Barron,Charles Barron,Nikki Lucas,Nikki Lucas,Charles Barron,Charles Barron,Charles Barron,Charles Barron,5924,10254,15626,LOCAL
201,NewYorkCity_06222021_DEMCouncilMember45thCouncilDistrict.csv,3,4,0.92947584,Farah N. Louis,Farah N. Louis,Farah N. Louis,Farah N. Louis,Farah N. Louis,Farah N. Louis,Farah N. Louis,Farah N. Louis,Farah N. Louis,10204,12581,19270,LOCAL
202,NewYorkCity_06222021_DEMCouncilMember46thCouncilDistrict.csv,8,5,0.63560104,Mercedes Narcisse,Mercedes Narcisse,Mercedes Narcisse,Mercedes Narcisse,Mercedes Narcisse,Mercedes Narcisse,,,,6051,,18477,LOCAL
203,NewYorkCity_06222021_DEMCouncilMember47thCouncilDistrict.csv,4,5,0.76352531,Ari Kagan,Ari Kagan,Ari Kagan,Ari Kagan,Ari Kagan,Ari Kagan,Ari Kagan,Ari Kagan,Ari Kagan,3543,5846,8022,LOCAL
204,NewYorkCity_06222021_DEMCouncilMember48thCouncilDistrict.csv,5,5,0.71461189,Steven Saperstein,Steven Saperstein,Steven Saperstein,Steven Saperstein,Steven Saperstein,Steven Saperstein,Steven Saperstein,Steven Saperstein,Steven Saperstein,2967,7559,9198,LOCAL
205,NewYorkCity_06222021_DEMCouncilMember49thCouncilDistrict.csv,9,5,0.54372817,Kamillah Hanks,Kamillah Hanks,Kamillah Hanks,Kamillah Hanks,Kamillah Hanks,Kamillah Hanks,,,,3458,,13744,LOCAL
206,NewYorkCity_06222021_DEMCouncilMember5thCouncilDistrict.csv,7,5,0.67428684,Julie Menin,Julie Menin,Julie Menin,Julie Menin,Julie Menin,Julie Menin,,,,7311,,25415,LOCAL
207,NewYorkCity_06222021_DEMCouncilMember6thCouncilDistrict.csv,6,5,0.73084438,Gale A. Brewer,Gale A. Brewer,Gale A. Brewer,Gale A. Brewer,Gale A. Brewer,Gale A. Brewer,,,,14123,,39401,LOCAL
208,NewYorkCity_06222021_DEMCouncilMember7thCouncilDistrict.csv,12,5,0.58662874,Shaun Abreu,Shaun Abreu,Shaun Abreu,Shaun Abreu,Shaun Abreu,Shaun Abreu,,,,6064,,23214,LOCAL
209,NewYorkCity_06222021_DEMCouncilMember8thCouncilDistrict.csv,4,5,0.7518816,Diana I. Ayala,Diana I. Ayala,Diana I. Ayala,Diana I. Ayala,Diana I. Ayala,Diana I. Ayala,Diana I. Ayala,Diana I. Ayala,Diana I. Ayala,4835,7680,11692,LOCAL
210,NewYorkCity_06222021_DEMCouncilMember9thCouncilDistrict.csv,13,5,0.52576035,Kristin Richardson Jordan,Kristin Richardson Jordan,Bill Perkins,Kristin Richardson Jordan,Kristin Richardson Jordan,Kristin Richardson Jordan,,,,5963,,25679,LOCAL
211,NewYorkCity_06222021_DEMMayorCitywide.csv,13,5,0.46266127,Eric L. Adams,Eric L. Adams,Eric L. Adams,Kathryn A. Garcia,-1,Eric L. Adams,,,,127422,,944261,LOCAL
212,NewYorkCity_06222021_DEMPublicAdvocateCitywide.csv,3,4,0.89846742,Jumaane D. Williams,Jumaane D. Williams,Jumaane D. Williams,Jumaane D. Williams,Jumaane D. Williams,Jumaane D. Williams,Jumaane D. Williams,Jumaane D. Williams,Jumaane D. Williams,459281,553388,814832,LOCAL
213,NewYorkCity_06222021_REPBoroughPresidentRichmond.csv,4,5,0.84187448,Vito Fossella,Vito Fossella,Vito Fossella,Steven Matteo,Steven Matteo,Vito Fossella,Steven Matteo,Steven Matteo,Steven Matteo,7537,14612,19611,LOCAL
214,NewYorkCity_06222021_REPCouncilMember50thCouncilDistrict.csv,5,5,0.77151197,David M. Carr,David M. Carr,Marko Kepi,David M. Carr,David M. Carr,David M. Carr,David M. Carr,David M. Carr,David M. Carr,4101,6846,8565,LOCAL
215,Oakland_04152025_CityCouncilD2.csv,6,5,0.778447387,CHARLENE WANG,CHARLENE WANG,CHARLENE WANG,CHARLENE WANG,CHARLENE WANG,CHARLENE WANG,,,,3589,,12611,LOCAL
216,Oakland_04152025_Mayor.csv,10,5,0.793965225,BARBARA LEE,BARBARA LEE,BARBARA LEE,BARBARA LEE,BARBARA LEE,BARBARA LEE,,,,37167,,94552,LOCAL
217,Oakland_11022010_CityCouncilDistrict4.csv,7,3,0.84913939,LIBBY SCHAAF,LIBBY SCHAAF,LIBBY SCHAAF,LIBBY SCHAAF,LIBBY SCHAAF,LIBBY SCHAAF,,,,4040,,20973,LOCAL
218,Oakland_11022010_CityCouncilDistrict6.csv,3,3,0.82001865,DESLEY BROOKS,DESLEY BROOKS,DESLEY BROOKS,DESLEY BROOKS,DESLEY BROOKS,DESLEY BROOKS,DESLEY BROOKS,DESLEY BROOKS,DESLEY BROOKS,3908,5993,12868,LOCAL
219,Oakland_11022010_Mayor.csv,10,3,0.76874489,JEAN QUAN,JEAN QUAN,DON PERATA,JEAN QUAN,JEAN QUAN,DON PERATA,,,,17516,,119686,LOCAL
220,Oakland_11032020_MemberCityCouncilAtLargeOaklandRCV.csv,3,5,0.87749738,REBECCA KAPLAN,REBECCA KAPLAN,REBECCA KAPLAN,DERRECK B. JOHNSON,DERRECK B. JOHNSON,DERRECK B. JOHNSON,DERRECK B. JOHNSON,DERRECK B. JOHNSON,DERRECK B. JOHNSON,52533,83734,185694,LOCAL
221,Oakland_11032020_MemberCityCouncilDist1OaklandRCV.csv,3,5,0.86912441,DAN KALB,DAN KALB,DAN KALB,DAN KALB,DAN KALB,DAN KALB,DAN KALB,DAN KALB,DAN KALB,9846,17204,36890,LOCAL
222,Oakland_11032020_MemberCityCouncilDist3OaklandRCV.csv,6,5,0.56154072,CARROLL FIFE,CARROLL FIFE,CARROLL FIFE,CARROLL FIFE,CARROLL FIFE,CARROLL FIFE,,,,8587,,30817,LOCAL
223,Oakland_11032020_MemberCityCouncilDist5OaklandRCV.csv,3,5,0.85295111,NOEL GALLO,NOEL GALLO,NOEL GALLO,NOEL GALLO,NOEL GALLO,NOEL GALLO,NOEL GALLO,NOEL GALLO,NOEL GALLO,4599,7226,17756,LOCAL
224,Oakland_11032020_MemberCityCouncilDist7OaklandRCV.csv,5,5,0.48581758,TREVA REID,TREVA REID,TREVA REID,TREVA REID,TREVA REID,TREVA REID,TREVA REID,TREVA REID,TREVA REID,4487,10109,19637,LOCAL
225,Oakland_11032020_SchoolDirectorDist1OaklandRCV.csv,3,5,0.93672061,SAM DAVIS,SAM DAVIS,SAM DAVIS,SAM DAVIS,SAM DAVIS,SAM DAVIS,SAM DAVIS,SAM DAVIS,SAM DAVIS,7857,16605,34482,LOCAL
226,Oakland_11032020_SchoolDirectorDist3OaklandRCV.csv,5,5,0.56536484,VANCEDRIC WILLIAMS,VANCEDRIC WILLIAMS,VANCEDRIC WILLIAMS,VANCEDRIC WILLIAMS,VANCEDRIC WILLIAMS,VANCEDRIC WILLIAMS,VANCEDRIC WILLIAMS,VANCEDRIC WILLIAMS,VANCEDRIC WILLIAMS,5362,17008,28601,LOCAL
227,Oakland_11032020_SchoolDirectorDist5OaklandRCV.csv,4,5,0.66021454,MIKE HUTCHINSON,MIKE HUTCHINSON,MIKE HUTCHINSON,MIKE HUTCHINSON,MIKE HUTCHINSON,MIKE HUTCHINSON,MIKE HUTCHINSON,MIKE HUTCHINSON,MIKE HUTCHINSON,4694,8023,17152,LOCAL
228,Oakland_11032020_SchoolDirectorDist7OaklandRCV.csv,5,5,0.52102715,CLIFFORD THOMPSON,CLIFFORD THOMPSON,CLIFFORD THOMPSON,CLIFFORD THOMPSON,CLIFFORD THOMPSON,CLIFFORD THOMPSON,CLIFFORD THOMPSON,CLIFFORD THOMPSON,CLIFFORD THOMPSON,4345,9068,18381,LOCAL
229,Oakland_11042014_CityCouncilDistrict2.csv,5,3,0.84237289,ABEL GUILLEN,ABEL GUILLEN,ABEL GUILLEN,ABEL GUILLEN,ABEL GUILLEN,ABEL GUILLEN,,,,3315,,13570,LOCAL
230,Oakland_11042014_CityCouncilDistrict4.csv,3,3,0.93248659,ANNIE CAMPBELL WASHINGTON,ANNIE CAMPBELL WASHINGTON,ANNIE CAMPBELL WASHINGTON,ANNIE CAMPBELL WASHINGTON,ANNIE CAMPBELL WASHINGTON,ANNIE CAMPBELL WASHINGTON,ANNIE CAMPBELL WASHINGTON,ANNIE CAMPBELL WASHINGTON,ANNIE CAMPBELL WASHINGTON,5724,9830,17715,LOCAL
231,Oakland_11042014_CityCouncilDistrict6.csv,5,3,0.88463604,DESLEY BROOKS,DESLEY BROOKS,DESLEY BROOKS,SHEREDA F. NOSAKHARE,SHEREDA F. NOSAKHARE,DESLEY BROOKS,,,,3470,,11182,LOCAL
232,Oakland_11042014_Mayor.csv,16,3,0.78096467,LIBBY SCHAAF,LIBBY SCHAAF,LIBBY SCHAAF,LIBBY SCHAAF,LIBBY SCHAAF,LIBBY SCHAAF,,,,15068,,102294,LOCAL
233,Oakland_11042014_SchoolDirectorDistrict4.csv,4,3,0.85415119,NINA SENN,NINA SENN,NINA SENN,NINA SENN,NINA SENN,NINA SENN,,,,4165,,16140,LOCAL
234,Oakland_11052024_CityCouncilD1.csv,3,5,0.968248151,ZAC UNGER,ZAC UNGER,ZAC UNGER,ZAC UNGER,ZAC UNGER,ZAC UNGER,ZAC UNGER,ZAC UNGER,ZAC UNGER,14033,20439,30014,LOCAL
235,Oakland_11052024_CityCouncilD3.csv,6,5,0.684937378,CARROLL FIFE,CARROLL FIFE,CARROLL FIFE,CARROLL FIFE,CARROLL FIFE,CARROLL FIFE,,,,7678,,20999,LOCAL
236,Oakland_11052024_CityCouncilD5.csv,3,5,0.861844683,NOEL GALLO,NOEL GALLO,NOEL GALLO,NOEL GALLO,NOEL GALLO,NOEL GALLO,NOEL GALLO,NOEL GALLO,NOEL GALLO,4678,7008,12761,LOCAL
237,Oakland_11052024_CityCouncilD7.csv,4,5,0.692809978,KEN HOUSTON,KEN HOUSTON,KEN HOUSTON,KEN HOUSTON,KEN HOUSTON,KEN HOUSTON,KEN HOUSTON,KEN HOUSTON,KEN HOUSTON,3706,7679,13630,LOCAL
238,Oakland_11052024_CityCouncil_AtLarge.csv,10,5,0.557338143,ROWENA BROWN,ROWENA BROWN,ROWENA BROWN,CHARLENE WANG,CHARLENE WANG,ROWENA BROWN,,,,28691,,147476,LOCAL
239,Oakland_11062012_CityCouncilAtLarge.csv,5,3,0.84562898,REBECCA KAPLAN,REBECCA KAPLAN,REBECCA KAPLAN,REBECCA KAPLAN,REBECCA KAPLAN,REBECCA KAPLAN,,,,43324,,144360,LOCAL
240,Oakland_11062012_CityCouncilDistrict1.csv,7,3,0.8123908,DAN KALB,DAN KALB,DAN KALB,DAN KALB,DAN KALB,DAN KALB,,,,6263,,28618,LOCAL
241,Oakland_11062012_CityCouncilDistrict3.csv,6,3,0.80553412,LYNETTE GIBSON-MCELHANEY,LYNETTE GIBSON-MCELHANEY,SEAN SULLIVAN,LYNETTE GIBSON-MCELHANEY,LYNETTE GIBSON-MCELHANEY,SEAN SULLIVAN,,,,4687,,22045,LOCAL
242,Oakland_11062012_CityCouncilDistrict5.csv,4,3,0.89043522,NOEL GALLO,NOEL GALLO,NOEL GALLO,NOEL GALLO,NOEL GALLO,NOEL GALLO,,,,3724,,11281,LOCAL
243,Oakland_11062012_CityCouncilDistrict7.csv,3,3,0.89814013,LARRY E. REID,LARRY E. REID,LARRY E. REID,LARRY E. REID,LARRY E. REID,LARRY E. REID,LARRY E. REID,LARRY E. REID,LARRY E. REID,5757,8027,15001,LOCAL
244,Oakland_11062012_SchoolDirectorDistrict3.csv,3,3,0.81978351,JUMOKE HINTON HODGE,JUMOKE HINTON HODGE,JUMOKE HINTON HODGE,JUMOKE HINTON HODGE,JUMOKE HINTON HODGE,JUMOKE HINTON HODGE,JUMOKE HINTON HODGE,JUMOKE HINTON HODGE,JUMOKE HINTON HODGE,6747,10458,20603,LOCAL
245,Oakland_11062018_CityCouncilDistrict2.csv,3,3,0.9486838,NIKKI FORTUNATO BAS,NIKKI FORTUNATO BAS,NIKKI FORTUNATO BAS,NIKKI FORTUNATO BAS,NIKKI FORTUNATO BAS,NIKKI FORTUNATO BAS,NIKKI FORTUNATO BAS,NIKKI FORTUNATO BAS,NIKKI FORTUNATO BAS,6907,12514,21007,LOCAL
246,Oakland_11062018_CityCouncilDistrict4.csv,7,3,0.80497748,SHENG THAO,SHENG THAO,SHENG THAO,SHENG THAO,SHENG THAO,SHENG THAO,,,,5136,,25274,LOCAL
247,Oakland_11062018_CityCouncilDistrict6.csv,5,3,0.84193766,LOREN TAYLOR,LOREN TAYLOR,LOREN TAYLOR,LOREN TAYLOR,LOREN TAYLOR,LOREN TAYLOR,,,,3998,,17898,LOCAL
248,Oakland_11062018_Mayor.csv,10,3,0.79799885,LIBBY SCHAAF,LIBBY SCHAAF,LIBBY SCHAAF,LIBBY SCHAAF,LIBBY SCHAAF,LIBBY SCHAAF,,,,43774,,159207,LOCAL
249,Oakland_11082016_CityCouncilDistrict7.csv,3,3,0.87876093,LARRY E. REID,LARRY E. REID,LARRY E. REID,LARRY E. REID,LARRY E. REID,LARRY E. REID,LARRY E. REID,LARRY E. REID,LARRY E. REID,5469,8162,15754,LOCAL
250,Oakland_11082016_CouncilAtLrg.csv,5,3,0.81871897,REBECCA KAPLAN,REBECCA KAPLAN,REBECCA KAPLAN,REBECCA KAPLAN,REBECCA KAPLAN,REBECCA KAPLAN,,,,39221,,160607,LOCAL
251,Oakland_11082016_SchoolDirectorDistrict3.csv,5,3,0.85838729,JUMOKE HINTON HODGE,JUMOKE HINTON HODGE,JUMOKE HINTON HODGE,KHARYSHI ''MS. K'' WIGINTON,KHARYSHI ''MS. K'' WIGINTON,JUMOKE HINTON HODGE,,,,6294,,22385,LOCAL
252,Oakland_11082016_SchoolDirectorDistrict5.csv,4,3,0.9077419,ROSIE TORRES,ROSIE TORRES,HUBER TRENADO,ROSIE TORRES,ROSIE TORRES,HUBER TRENADO,,,,4358,,13343,LOCAL
253,Oakland_11082022_CityCouncilmemberDistrict6.csv,4,5,0.65778106,KEVIN JENKINS,KEVIN JENKINS,KEVIN JENKINS,KEVIN JENKINS,KEVIN JENKINS,KEVIN JENKINS,KEVIN JENKINS,KEVIN JENKINS,KEVIN JENKINS,5182,9348,14818,LOCAL
254,Oakland_11082022_Mayor.csv,10,5,0.50684404,SHENG THAO,SHENG THAO,LOREN MANUEL TAYLOR,SHENG THAO,SHENG THAO,LOREN MANUEL TAYLOR,,,,18543,,127556,LOCAL
255,Oakland_11082022_Schoolboarddistrict2.csv,3,5,0.96251905,JENNIFER BROUHARD,JENNIFER BROUHARD,JENNIFER BROUHARD,JENNIFER BROUHARD,JENNIFER BROUHARD,JENNIFER BROUHARD,JENNIFER BROUHARD,JENNIFER BROUHARD,JENNIFER BROUHARD,4509,8344,15101,LOCAL
256,Oakland_11082022_Schoolboarddistrict4.csv,3,5,0.8615576,MIKE HUTCHINSON,-1,NICK RESNICK,PECOLIA MANIGO,PECOLIA MANIGO,PECOLIA MANIGO,NICK RESNICK,NICK RESNICK,NICK RESNICK,7928,14837,26502,LOCAL
257,Oakland_11082022_Schoolboarddistrict6.csv,3,5,0.92019266,VALARIE BACHELOR,VALARIE BACHELOR,VALARIE BACHELOR,VALARIE BACHELOR,VALARIE BACHELOR,VALARIE BACHELOR,VALARIE BACHELOR,VALARIE BACHELOR,VALARIE BACHELOR,4331,7440,14535,LOCAL
258,Payson_11052019_CityCouncil.csv,5,5,0.36944342,DOUG WELTON,DOUG WELTON,DOUG WELTON,DOUG WELTON,DOUG WELTON,DOUG WELTON,DOUG WELTON,DOUG WELTON,DOUG WELTON,145,753,2677,LOCAL
259,PierceCounty_11032009_CountyAuditor.csv,3,3,0.88539588,Julie Anderson,Julie Anderson,Julie Anderson,Julie Anderson,Julie Anderson,Julie Anderson,Julie Anderson,Julie Anderson,Julie Anderson,48846,75975,153162,LOCAL
260,PierceCounty_11042008_CountyAssessorTreasurer.csv,6,3,0.82307887,Dale Washam,Dale Washam,Dale Washam,Dale Washam,-1,Dale Washam,,,,82627,,261772,LOCAL
261,PierceCounty_11042008_CountyCouncilDistrict2.csv,3,3,0.89207715,Joyce McDonald,Joyce McDonald,Joyce McDonald,Al Rose,Al Rose,Al Rose,Al Rose,Al Rose,Joyce McDonald,16244,23170,39973,LOCAL
262,PierceCounty_11042008_CountyExecutiveMember.csv,4,3,0.88586694,Pat McCarthy,Pat McCarthy,Shawn Bunney,Pat McCarthy,Pat McCarthy,Pat McCarthy,,,,92200,,299107,LOCAL
263,PortlandME_11052024_CityCouncilAtLarge.csv,6,6,0.737349183,"Grant, Benjamin K.","Grant, Benjamin K.","Grant, Benjamin K.","Grant, Benjamin K.","Grant, Benjamin K.","Falero, Jessica M.","Falero, Jessica M.","Falero, Jessica M.","Falero, Jessica M.",10755,33307,33733,LOCAL
264,PortlandME_11052024_CityCouncilDistrict2.csv,6,6,0.706543191,"Pelletier, Wesley K.","Pelletier, Wesley K.","Pelletier, Wesley K.","Pelletier, Wesley K.","Pelletier, Wesley K.","Pelletier, Wesley K.","Boykin, Atiim B.","Boykin, Atiim B.","Boykin, Atiim B.",1986,6524,6587,LOCAL
265,PortlandOR_11052024_Mayor.csv,21,6,0.566948313,Keith.Wilson,Keith.Wilson,Keith.Wilson,Keith.Wilson,Keith.Wilson,Keith.Wilson,,,,46611,,309963,LOCAL
266,Portland_06082021_charter_commission_at_large.csv,11,11,0.36282882,"Chann, Marpheen S.","Chann, Marpheen S.","Sheikh-Yousef, Nasreen A.","Chann, Marpheen S.","Chann, Marpheen S.","Sheikh-Yousef, Nasreen A.","Chann, Marpheen S.","Chann, Marpheen S.","Chann, Marpheen S.",726,8220,8781,LOCAL
267,Portland_06142022_SchoolboardAL-1.csv,7,7,0.70138186,"Lentz, Sarah M.","Lentz, Sarah M.","Lentz, Sarah M.","Lentz, Sarah M.","Lentz, Sarah M.","Lentz, Sarah M.","Lentz, Sarah M.","Lentz, Sarah M.","Lentz, Sarah M.",732,7315,8901,LOCAL
268,Portland_06142022_SchoolboardAL.csv,29,7,0.54807907,"Lentz, Sarah M.","Lentz, Sarah M.","Lentz, Sarah M.","Lentz, Sarah M.","Lentz, Sarah M.","Lentz, Sarah M.",,,,735,,8902,LOCAL
269,Portland_06142022_Schoolboarddistrict5-1.csv,6,5,0.83700669,"Brydon, Sarah M.","Brydon, Sarah M.","Brydon, Sarah M.","Brydon, Sarah M.","Brydon, Sarah M.","Brydon, Sarah M.",,,,714,,1951,LOCAL
270,Portland_06142022_Schoolboarddistrict5.csv,14,5,0.83435899,"Brydon, Sarah M.","Brydon, Sarah M.","Brydon, Sarah M.","Brydon, Sarah M.","Brydon, Sarah M.","Brydon, Sarah M.",,,,712,,1950,LOCAL
271,Portland_11082022_SchoolBoardDistrict3.csv,3,3,0.94852823,"Opperman, Julianne R.","Opperman, Julianne R.","Opperman, Julianne R.","Opperman, Julianne R.","Opperman, Julianne R.","Opperman, Julianne R.","Opperman, Julianne R.","Opperman, Julianne R.","Opperman, Julianne R.",2332,3459,6217,LOCAL
272,RedondoBeach_03042025_CityCouncilD1.csv,3,6,0.924395947,BRAD WALLER,BRAD WALLER,BRAD WALLER,BRAD WALLER,BRAD WALLER,BRAD WALLER,BRAD WALLER,BRAD WALLER,BRAD WALLER,1028,1504,2566,LOCAL
273,RedondoBeach_03042025_Mayor.csv,5,6,0.621120806,JAMES A LIGHT,JAMES A LIGHT,JAMES A LIGHT,JAMES A LIGHT,JAMES A LIGHT,JAMES A LIGHT,JAMES A LIGHT,JAMES A LIGHT,JAMES A LIGHT,2563,6949,11117,LOCAL
274,SanFrancisco_06052018_BoardofSupervisorsDistrict8.csv,3,3,0.94536442,RAFAEL MANDELMAN,RAFAEL MANDELMAN,RAFAEL MANDELMAN,RAFAEL MANDELMAN,RAFAEL MANDELMAN,RAFAEL MANDELMAN,RAFAEL MANDELMAN,RAFAEL MANDELMAN,RAFAEL MANDELMAN,10926,20440,33275,LOCAL
275,SanFrancisco_06052018_Mayor.csv,8,3,0.80451715,LONDON BREED,LONDON BREED,LONDON BREED,MARK LENO,MARK LENO,LONDON BREED,,,,36667,,251398,LOCAL
276,SanFrancisco_11022004_BoardofSupervisorsDistrict11.csv,8,3,0.77463758,Gerardo Sandoval,Gerardo Sandoval,Gerardo Sandoval,Gerardo Sandoval,Gerardo Sandoval,Gerardo Sandoval,,,,4397,,23176,LOCAL
277,SanFrancisco_11022004_BoardofSupervisorsDistrict2.csv,5,3,0.80326492,Michela Alioto-pier,Michela Alioto-pier,Michela Alioto-pier,Michela Alioto-pier,Michela Alioto-pier,Michela Alioto-pier,,,,11390,,34488,LOCAL
278,SanFrancisco_11022004_BoardofSupervisorsDistrict3.csv,4,3,0.83628643,Arron Peskin,Arron Peskin,Arron Peskin,Arron Peskin,Arron Peskin,Arron Peskin,,,,7162,,25905,LOCAL
279,SanFrancisco_11022004_BoardofSupervisorsDistrict5.csv,22,3,0.76578653,Ross Mirkarimi,Ross Mirkarimi,Ross Mirkarimi,Ross Mirkarimi,Ross Mirkarimi,Ross Mirkarimi,,,,3903,,35109,LOCAL
280,SanFrancisco_11022004_BoardofSupervisorsDistrict7.csv,13,3,0.78712982,Sean R. Elsbernd,Sean R. Elsbernd,Sean R. Elsbernd,Sean R. Elsbernd,Sean R. Elsbernd,Sean R. Elsbernd,,,,5256,,31639,LOCAL
281,SanFrancisco_11022004_BoardofSupervisorsDistrict9.csv,6,3,0.82237238,Tom Ammiano,Tom Ammiano,Tom Ammiano,Tom Ammiano,Tom Ammiano,Tom Ammiano,,,,4178,,24861,LOCAL
282,SanFrancisco_11022010_BoardofSupervisorsDistrict10.csv,21,3,0.79812181,MALIA COHEN,MALIA COHEN,LYNETTE SWEET,MALIA COHEN,MALIA COHEN,TONY KELLY,,,,4239,,17996,LOCAL
283,SanFrancisco_11022010_BoardofSupervisorsDistrict2.csv,6,3,0.86494553,MARK FARRELL,MARK FARRELL,JANET REILLY,MARK FARRELL,MARK FARRELL,MARK FARRELL,,,,9482,,24131,LOCAL
284,SanFrancisco_11022010_BoardofSupervisorsDistrict6.csv,14,3,0.84653467,JANE KIM,JANE KIM,JANE KIM,JANE KIM,JANE KIM,JANE KIM,,,,5739,,21210,LOCAL
285,SanFrancisco_11022010_BoardofSupervisorsDistrict8.csv,4,3,0.85572112,SCOTT WIENER,SCOTT WIENER,SCOTT WIENER,SCOTT WIENER,SCOTT WIENER,SCOTT WIENER,,,,9705,,34967,LOCAL
286,SanFrancisco_11032015_BoardofSupervisorsDistrict3.csv,3,3,0.87565851,AARON PESKIN,AARON PESKIN,AARON PESKIN,AARON PESKIN,AARON PESKIN,AARON PESKIN,AARON PESKIN,AARON PESKIN,AARON PESKIN,8716,12226,16704,LOCAL
287,SanFrancisco_11032015_Mayor.csv,6,3,0.84583563,ED LEE,ED LEE,ED LEE,FRANCISCO HERRERA,AMY FARAH WEISS,ED LEE,,,,86893,,190005,LOCAL
288,SanFrancisco_11032015_Sheriff.csv,3,3,0.96370304,VICKI HENNESSY,VICKI HENNESSY,VICKI HENNESSY,VICKI HENNESSY,VICKI HENNESSY,VICKI HENNESSY,VICKI HENNESSY,VICKI HENNESSY,VICKI HENNESSY,95000,132720,185911,LOCAL
289,SanFrancisco_11032020_BOARDOFSUPERVISORSDISTRICT1.csv,7,7,0.51334959,CONNIE CHAN,CONNIE CHAN,CONNIE CHAN,MARJAN PHILHOUR,MARJAN PHILHOUR,MARJAN PHILHOUR,CONNIE CHAN,CONNIE CHAN,CONNIE CHAN,8136,23968,36106,LOCAL
290,SanFrancisco_11032020_BOARDOFSUPERVISORSDISTRICT11.csv,4,3,0.88461047,AHSHA SAFAI,AHSHA SAFAI,AHSHA SAFAI,AHSHA SAFAI,AHSHA SAFAI,AHSHA SAFAI,,,,6214,,31398,LOCAL
291,SanFrancisco_11032020_BOARDOFSUPERVISORSDISTRICT3.csv,4,4,0.6955229,AARON PESKIN,AARON PESKIN,AARON PESKIN,AARON PESKIN,AARON PESKIN,AARON PESKIN,AARON PESKIN,AARON PESKIN,AARON PESKIN,6827,13394,28925,LOCAL
292,SanFrancisco_11032020_BOARDOFSUPERVISORSDISTRICT5.csv,4,4,0.61063278,DEAN PRESTON,DEAN PRESTON,DEAN PRESTON,DEAN PRESTON,DEAN PRESTON,DEAN PRESTON,DEAN PRESTON,DEAN PRESTON,DEAN PRESTON,8445,21048,41814,LOCAL
293,SanFrancisco_11032020_BOARDOFSUPERVISORSDISTRICT7.csv,7,7,0.48105186,MYRNA MELGAR,MYRNA MELGAR,JOEL ENGARDIO,MYRNA MELGAR,MYRNA MELGAR,JOEL ENGARDIO,MYRNA MELGAR,MYRNA MELGAR,JOEL ENGARDIO,4320,25954,39397,LOCAL
294,SanFrancisco_11042008_BoardofSupervisorsDistrict1.csv,9,3,0.81319368,ERIC MAR,ERIC MAR,ERIC MAR,SUE LEE,SUE LEE,SUE LEE,,,,7244,,28832,LOCAL
295,SanFrancisco_11042008_BoardofSupervisorsDistrict11.csv,9,3,0.78004187,JOHN AVALOS,JOHN AVALOS,JOHN AVALOS,JOHN AVALOS,JOHN AVALOS,JOHN AVALOS,,,,5316,,24832,LOCAL
296,SanFrancisco_11042008_BoardofSupervisorsDistrict3.csv,9,3,0.81135118,DAVID CHIU,DAVID CHIU,DAVID CHIU,DAVID CHIU,DAVID CHIU,DAVID CHIU,,,,4758,,27310,LOCAL
297,SanFrancisco_11042008_BoardofSupervisorsDistrict4.csv,3,3,0.8553521,CARMEN CHU,CARMEN CHU,CARMEN CHU,CARMEN CHU,CARMEN CHU,CARMEN CHU,CARMEN CHU,CARMEN CHU,CARMEN CHU,9412,14277,29437,LOCAL
298,SanFrancisco_11042008_BoardofSupervisorsDistrict5.csv,3,3,0.85405087,ROSS MIRKARIMI,ROSS MIRKARIMI,ROSS MIRKARIMI,ROSS MIRKARIMI,ROSS MIRKARIMI,ROSS MIRKARIMI,ROSS MIRKARIMI,ROSS MIRKARIMI,ROSS MIRKARIMI,14116,17986,35622,LOCAL
299,SanFrancisco_11042008_BoardofSupervisorsDistrict7.csv,3,3,0.91195416,SEAN R. ELSBERND,SEAN R. ELSBERND,SEAN R. ELSBERND,SEAN R. ELSBERND,SEAN R. ELSBERND,SEAN R. ELSBERND,SEAN R. ELSBERND,SEAN R. ELSBERND,SEAN R. ELSBERND,13979,16706,31052,LOCAL
300,SanFrancisco_11042008_BoardofSupervisorsDistrict9.csv,7,3,0.80688435,DAVID CAMPOS,DAVID CAMPOS,DAVID CAMPOS,DAVID CAMPOS,DAVID CAMPOS,DAVID CAMPOS,,,,4107,,26611,LOCAL
301,SanFrancisco_11042014_BoardofSupervisorsDistrict10.csv,5,3,0.8914212,MALIA COHEN,MALIA COHEN,MALIA COHEN,MALIA COHEN,MALIA COHEN,MALIA COHEN,,,,5180,,15445,LOCAL
302,SanFrancisco_11052004_BoardofSupervisorsDistrict1.csv,7,3,0.816966,Jake McGoldrick,Jake McGoldrick,Jake McGoldrick,Jake McGoldrick,Jake McGoldrick,Jake McGoldrick,,,,5495,,28787,LOCAL
303,SanFrancisco_11052019_DistrictAttorney.csv,4,4,0.75159866,CHESA BOUDIN,CHESA BOUDIN,CHESA BOUDIN,SUZY LOFTUS,SUZY LOFTUS,CHESA BOUDIN,CHESA BOUDIN,-1,CHESA BOUDIN,77146,133748,193445,LOCAL
304,SanFrancisco_11052019_Mayor.csv,7,6,0.72170931,LONDON N. BREED,LONDON N. BREED,LONDON N. BREED,LONDON N. BREED,LONDON N. BREED,LONDON N. BREED,,,,91697,,179909,LOCAL
305,SanFrancisco_11052019_MemberBoardofSupervisorsDistrict5.csv,4,4,0.83989537,DEAN PRESTON,DEAN PRESTON,DEAN PRESTON,DEAN PRESTON,DEAN PRESTON,DEAN PRESTON,DEAN PRESTON,DEAN PRESTON,VALLIE BROWN,11362,18188,23697,LOCAL
306,SanFrancisco_11052024_BoS_D1.csv,5,5,0.839089526,CONNIE CHAN,CONNIE CHAN,CONNIE CHAN,MARJAN PHILHOUR,MARJAN PHILHOUR,CONNIE CHAN,CONNIE CHAN,CONNIE CHAN,CONNIE CHAN,16965,30717,35498,LOCAL
307,SanFrancisco_11052024_BoS_D11.csv,7,7,0.716041004,CHYANNE CHEN,CHYANNE CHEN,MICHAEL LAI,CHYANNE CHEN,CHYANNE CHEN,CHYANNE CHEN,MICHAEL LAI,MICHAEL LAI,MICHAEL LAI,7122,23400,27997,LOCAL
308,SanFrancisco_11052024_BoS_D3.csv,6,6,0.723188557,DANNY SAUTER,DANNY SAUTER,DANNY SAUTER,SHARON LAI,SHARON LAI,DANNY SAUTER,SHARON LAI,SHARON LAI,DANNY SAUTER,7921,24402,28803,LOCAL
309,SanFrancisco_11052024_BoS_D5.csv,5,5,0.795634921,BILAL MAHMOOD,BILAL MAHMOOD,DEAN PRESTON,BILAL MAHMOOD,BILAL MAHMOOD,BILAL MAHMOOD,BILAL MAHMOOD,BILAL MAHMOOD,DEAN PRESTON,12495,24939,29736,LOCAL
310,SanFrancisco_11052024_BoS_D7.csv,4,4,0.869957679,MYRNA MELGAR,MYRNA MELGAR,MYRNA MELGAR,MATT BOSCHETTO,MATT BOSCHETTO,MATT BOSCHETTO,MYRNA MELGAR,MYRNA MELGAR,MYRNA MELGAR,16797,30935,37334,LOCAL
311,SanFrancisco_11052024_BoS_D9.csv,7,7,0.736468149,JACKIE FIELDER,JACKIE FIELDER,JACKIE FIELDER,JACKIE FIELDER,JACKIE FIELDER,JACKIE FIELDER,JACKIE FIELDER,JACKIE FIELDER,JACKIE FIELDER,7896,29026,32793,LOCAL
312,SanFrancisco_11052024_Mayor.csv,15,10,0.638797954,DANIEL LURIE,DANIEL LURIE,DANIEL LURIE,DANIEL LURIE,DANIEL LURIE,DANIEL LURIE,,,,73580,,391000,LOCAL
313,SanFrancisco_11062007_Mayor.csv,12,3,0.89966899,Gavin Newsom,Gavin Newsom,Gavin Newsom,Gavin Newsom,Gavin Newsom,Gavin Newsom,,,,78886,,144721,LOCAL
314,SanFrancisco_11062012_BoardofSupervisorsDistrict5.csv,8,3,0.79234958,LONDON BREED,LONDON BREED,LONDON BREED,LONDON BREED,LONDON BREED,LONDON BREED,,,,6236,,35266,LOCAL
315,SanFrancisco_11062012_BoardofSupervisorsDistrict7.csv,9,3,0.77295685,NORMAN YEE,NORMAN YEE,NORMAN YEE,F. X. FRANCIS XAVIER CROWLEY,F. X. FRANCIS XAVIER CROWLEY,NORMAN YEE,,,,6145,,31483,LOCAL
316,SanFrancisco_11062018_BoardofSupervisorsDistrict10.csv,6,3,0.84537321,SHAMANN WALTON,SHAMANN WALTON,SHAMANN WALTON,SHAMANN WALTON,SHAMANN WALTON,SHAMANN WALTON,,,,5272,,23256,LOCAL
317,SanFrancisco_11062018_BoardofSupervisorsDistrict2.csv,4,3,0.85667419,CATHERINE STEFANI,CATHERINE STEFANI,CATHERINE STEFANI,CATHERINE STEFANI,CATHERINE STEFANI,NICK JOSEFOWITZ,,,,9580,,35360,LOCAL
318,SanFrancisco_11062018_BoardofSupervisorsDistrict4.csv,8,3,0.82062167,GORDON MAR,GORDON MAR,GORDON MAR,GORDON MAR,GORDON MAR,GORDON MAR,,,,6716,,28504,LOCAL
319,SanFrancisco_11062018_BoardofSupervisorsDistrict6.csv,3,3,0.82887787,MATT HANEY,MATT HANEY,MATT HANEY,MATT HANEY,MATT HANEY,MATT HANEY,MATT HANEY,MATT HANEY,MATT HANEY,7638,11599,25362,LOCAL
320,SanFrancisco_11072006_BoardofSupervisorsDistrict10.csv,7,3,0.85826004,Sophie Maxwell,Sophie Maxwell,Sophie Maxwell,Sophie Maxwell,Sophie Maxwell,Sophie Maxwell,,,,5439,,14322,LOCAL
321,SanFrancisco_11072006_BoardofSupervisorsDistrict4.csv,6,3,0.85695541,Ed Jew,Ed Jew,Ed Jew,Ed Jew,Ed Jew,Ed Jew,,,,4827,,19812,LOCAL
322,SanFrancisco_11072006_BoardofSupervisorsDistrict6.csv,8,3,0.88044143,Chris Daly,Chris Daly,Chris Daly,Rob Black,Rob Black,Rob Black,,,,7835,,17941,LOCAL
323,SanFrancisco_11072006_BoardofSupervisorsDistrict8.csv,3,3,0.94961059,Bevan Dufty,Bevan Dufty,Bevan Dufty,Bevan Dufty,Bevan Dufty,Bevan Dufty,Bevan Dufty,Bevan Dufty,Bevan Dufty,14618,22906,31713,LOCAL
324,SanFrancisco_11082005_AssessorRecorder.csv,4,3,0.75211823,Phil Ting,Phil Ting,Phil Ting,Phil Ting,Phil Ting,Phil Ting,,,,66931,,199224,LOCAL
325,SanFrancisco_11082005_Treasurer.csv,4,3,0.92344654,Jose Cisneros,Jose Cisneros,Jose Cisneros,Jose Cisneros,Jose Cisneros,Jose Cisneros,,,,71665,,176491,LOCAL
326,SanFrancisco_11082011_DistrictAttorney.csv,5,3,0.84052145,GEORGE GASCÓN,GEORGE GASCÓN,GEORGE GASCÓN,GEORGE GASCÓN,GEORGE GASCÓN,GEORGE GASCÓN,,,,48788,,183799,LOCAL
327,SanFrancisco_11082011_Mayor.csv,16,3,0.76776606,ED LEE,ED LEE,ED LEE,ED LEE,ED LEE,ED LEE,,,,30829,,194739,LOCAL
328,SanFrancisco_11082011_Sheriff.csv,4,3,0.88416076,ROSS MIRKARIMI,ROSS MIRKARIMI,ROSS MIRKARIMI,PAUL MIYAMOTO,PAUL MIYAMOTO,ROSS MIRKARIMI,,,,70070,,183418,LOCAL
329,SanFrancisco_11082016_BoardofSupervisorsDistrict1.csv,10,3,0.82621825,SANDRA LEE FEWER,SANDRA LEE FEWER,SANDRA LEE FEWER,SANDRA LEE FEWER,SANDRA LEE FEWER,SANDRA LEE FEWER,,,,7131,,31787,LOCAL
330,SanFrancisco_11082016_BoardofSupervisorsDistrict11.csv,5,3,0.8141343,AHSHA SAFAI,AHSHA SAFAI,AHSHA SAFAI,KIM ALVARENGA,KIM ALVARENGA,KIM ALVARENGA,,,,5961,,25470,LOCAL
331,SanFrancisco_11082016_BoardofSupervisorsDistrict7.csv,5,3,0.83278167,NORMAN YEE,NORMAN YEE,NORMAN YEE,NORMAN YEE,NORMAN YEE,NORMAN YEE,,,,8275,,35349,LOCAL
332,SanFrancisco_11082016_BoardofSupervisorsDistrict9.csv,4,3,0.91840482,HILLARY RONEN,HILLARY RONEN,HILLARY RONEN,HILLARY RONEN,HILLARY RONEN,HILLARY RONEN,,,,8025,,32122,LOCAL
333,SanFrancisco_11082022_BoardofSupervisorsD6.csv,4,4,0.73826164,MATT DORSEY,MATT DORSEY,MATT DORSEY,HONEY MAHOGANY,HONEY MAHOGANY,HONEY MAHOGANY,MATT DORSEY,MATT DORSEY,MATT DORSEY,5507,10164,16314,LOCAL
334,SanFrancisco_11082022_DistrictAttorney.csv,4,4,0.77481455,BROOKE JENKINS,BROOKE JENKINS,BROOKE JENKINS,JOHN HAMASAKI,JOHN HAMASAKI,BROOKE JENKINS,BROOKE JENKINS,BROOKE JENKINS,BROOKE JENKINS,101659,181734,276461,LOCAL
335,SanLeandro_11022010_CountyCouncilDistrict1.csv,3,3,0.99859643,MICHAEL J. GREGORY,MICHAEL J. GREGORY,MICHAEL J. GREGORY,MICHAEL J. GREGORY,MICHAEL J. GREGORY,MICHAEL J. GREGORY,CAROL LIBBRECHT,CAROL LIBBRECHT,CAROL LIBBRECHT,8610,19892,19949,LOCAL
336,SanLeandro_11022010_Mayor.csv,6,3,0.74659306,STEPHEN H. CASSIDY,STEPHEN H. CASSIDY,ANTHONY B. ''TONY'' SANTOS,STEPHEN H. CASSIDY,STEPHEN H. CASSIDY,STEPHEN H. CASSIDY,,,,5603,,22454,LOCAL
337,SanLeandro_11042014_CountyCouncilDistrict1.csv,4,3,0.8538695,DEBORAH COX,DEBORAH COX,DEBORAH COX,DEBORAH COX,DEBORAH COX,DEBORAH COX,,,,4237,,15493,LOCAL
338,SanLeandro_11042014_CountyCouncilDistrict3.csv,3,3,0.90945578,LEE THOMAS,LEE THOMAS,LEE THOMAS,LEE THOMAS,LEE THOMAS,LEE THOMAS,LEE THOMAS,LEE THOMAS,LEE THOMAS,4239,6042,14203,LOCAL
339,SanLeandro_11042014_CountyCouncilDistrict5.csv,3,3,0.80461258,CORINA LOPEZ,CORINA LOPEZ,CORINA LOPEZ,CORINA LOPEZ,CORINA LOPEZ,CORINA LOPEZ,CORINA LOPEZ,CORINA LOPEZ,CORINA LOPEZ,4288,6069,14699,LOCAL
340,SanLeandro_11042014_Mayor.csv,4,3,0.92543751,PAULINE RUSSO CUTTER,PAULINE RUSSO CUTTER,PAULINE RUSSO CUTTER,PAULINE RUSSO CUTTER,PAULINE RUSSO CUTTER,PAULINE RUSSO CUTTER,,,,4735,,16228,LOCAL
341,SanLeandro_11062012_CountyCouncilDistrict2.csv,3,3,0.90278274,URSULA REED,URSULA REED,URSULA REED,MORGAN MACK-ROSE,MORGAN MACK-ROSE,URSULA REED,MORGAN MACK-ROSE,MORGAN MACK-ROSE,URSULA REED,6337,10326,25335,LOCAL
342,SanLeandro_11062012_CountyCouncilDistrict4.csv,4,3,0.76987249,BENNY LEE,BENNY LEE,BENNY LEE,BENNY LEE,BENNY LEE,BENNY LEE,,,,6029,,23135,LOCAL
343,SanLeandro_11062018_CountyCouncilDistrict1.csv,3,3,0.76261246,DEBORAH COX,DEBORAH COX,DEBORAH COX,DEBORAH COX,DEBORAH COX,DEBORAH COX,DEBORAH COX,DEBORAH COX,DEBORAH COX,7401,11271,24896,LOCAL
344,SanLeandro_11062018_Mayor.csv,4,3,0.89574873,PAULINE RUSSO CUTTER,PAULINE RUSSO CUTTER,PAULINE RUSSO CUTTER,PAULINE RUSSO CUTTER,PAULINE RUSSO CUTTER,PAULINE RUSSO CUTTER,,,,7058,,25851,LOCAL
345,SantaFe_03062018_CityCouncilDistrict2.csv,3,3,0.86289549,Carol Romero-Wirth,Carol Romero-Wirth,Carol Romero-Wirth,Carol Romero-Wirth,Carol Romero-Wirth,Carol Romero-Wirth,Carol Romero-Wirth,Carol Romero-Wirth,Carol Romero-Wirth,1117,1978,6258,LOCAL
346,SantaFe_03062018_CityCouncilDistrict4.csv,3,3,0.71303284,JoAnne Vigil Coppler,JoAnne Vigil Coppler,JoAnne Vigil Coppler,JoAnne Vigil Coppler,JoAnne Vigil Coppler,JoAnne Vigil Coppler,JoAnne Vigil Coppler,JoAnne Vigil Coppler,JoAnne Vigil Coppler,1091,1456,4903,LOCAL
347,SantaFe_03062018_Mayor.csv,5,5,0.42396313,Alan Webber,Alan Webber,Alan Webber,Alan Webber,Alan Webber,Alan Webber,Alan Webber,Alan Webber,Alan Webber,2723,7739,20615,LOCAL
348,Springville_11022021_CityCouncil2yr.csv,3,3,0.89083403,CHRIS SORENSEN,CHRIS SORENSEN,CHRIS SORENSEN,CHRIS SORENSEN,CHRIS SORENSEN,CHRIS SORENSEN,CHRIS SORENSEN,CHRIS SORENSEN,CHRIS SORENSEN,1047,1519,6055,LOCAL
349,Springville_11022021_Mayor.csv,3,3,0.72385621,MATT PACKARD,MATT PACKARD,MATT PACKARD,MATT PACKARD,MATT PACKARD,MATT PACKARD,MATT PACKARD,MATT PACKARD,MATT PACKARD,1482,1739,6120,LOCAL
350,StLouisPark_11022021_CityCouncilWard3.csv,3,3,0.91200596,Sue Budd,Sue Budd,Sue Budd,Sue Budd,Sue Budd,Sue Budd,Sue Budd,Sue Budd,Sue Budd,360,649,1341,LOCAL
351,TakomaPark_11082022_CityCouncilWard1.csv,3,4,0.82707876,Shana Fulcher,Shana Fulcher,Shana Fulcher,Shana Fulcher,Shana Fulcher,Shana Fulcher,Shana Fulcher,Shana Fulcher,Shana Fulcher,404,731,1359,LOCAL
352,TakomaPark_11082022_CityCouncilWard3.csv,5,4,0.7718659,Randy Gibson,Randy Gibson,Randy Gibson,Randy Gibson,Randy Gibson,Randy Gibson,,,,289,,1372,LOCAL
353,TakomaPark_11082022_CityCouncilWard5.csv,3,4,0.85626286,Cara Honzak,Cara Honzak,Cara Honzak,Cara Honzak,Cara Honzak,Cara Honzak,Cara Honzak,Cara Honzak,Cara Honzak,140,232,487,LOCAL
354,TakomaPark_11082022_CityCouncilWard6.csv,7,5,0.67384613,Jason Small,Jason Small,Jason Small,Jason Small,Jason Small,Jason Small,,,,173,,650,LOCAL
355,TakomaPark_11082022_Mayor.csv,6,4,0.71481156,Talisha Searcy,Talisha Searcy,Talisha Searcy,Talisha Searcy,Talisha Searcy,Talisha Searcy,,,,1140,,5705,LOCAL
356,Vineyard_11022021_Mayor.csv,3,3,0.80091089,JULIE FULLMER,JULIE FULLMER,JULIE FULLMER,JULIE FULLMER,JULIE FULLMER,JULIE FULLMER,JULIE FULLMER,JULIE FULLMER,JULIE FULLMER,317,385,1537,LOCAL
357,Vineyard_11052019_CityCouncil.csv,7,7,0.23783287,CRISTY WELSH,CRISTY WELSH,CRISTY WELSH,CRISTY WELSH,CRISTY WELSH,CRISTY WELSH,CRISTY WELSH,CRISTY WELSH,CRISTY WELSH,64,452,1089,LOCAL
358,Westbrook_11052024_Mayor.csv,3,3,0.890167364,"Morse, David","Morse, David","Morse, David","Morse, David","Morse, David","Morse, David","Morse, David","Morse, David","Morse, David",4464,5663,9560,LOCAL
359,WoodlandHills_11022021_Mayor.csv,3,3,0.86259544,BRENT WINDER,BRENT WINDER,BRENT WINDER,BRENT WINDER,BRENT WINDER,BRENT WINDER,BRENT WINDER,BRENT WINDER,BRENT WINDER,128,262,655,LOCAL
360,Wyoming_04172020_PRESIDENTOFTHEUNITEDSTATES.csv,9,5,0.73334634,Joseph R. Biden,Joseph R. Biden,Joseph R. Biden,Joseph R. Biden,Joseph R. Biden,Joseph R. Biden,,,,4084,,15402,FEDERAL
